ISO-10303-21;
HEADER;
FILE_DESCRIPTION (( 'STEP AP214' ),
    '1' );
FILE_NAME ('base2.STEP',
    '2026-05-02T00:25:11',
    ( '' ),
    ( '' ),
    'SwSTEP 2.0',
    'SolidWorks 2026',
    '' );
FILE_SCHEMA (( 'AUTOMOTIVE_DESIGN' ));
ENDSEC;

DATA;
#1 = CARTESIAN_POINT ( 'NONE',  ( -0.05624454352657460438, 0.0005883590284229238410, 0.02469224143445554812 ) ) ;
#2 = DIRECTION ( 'NONE',  ( 0.000000000000000000, 0.000000000000000000, -1.000000000000000000 ) ) ;
#3 = CYLINDRICAL_SURFACE ( 'NONE', #3994, 0.004575000000000000074 ) ;
#4 = EDGE_CURVE ( 'NONE', #3769, #4361, #1697, .T. ) ;
#5 = ORIENTED_EDGE ( 'NONE', *, *, #1878, .F. ) ;
#6 = ORIENTED_EDGE ( 'NONE', *, *, #3825, .T. ) ;
#7 = CARTESIAN_POINT ( 'NONE',  ( -0.01310591545097379920, -0.09530179010705749909, 0.01533333333333330127 ) ) ;
#8 = LINE ( 'NONE', #2797, #2598 ) ;
#9 = EDGE_CURVE ( 'NONE', #1253, #3817, #1019, .T. ) ;
#10 = CYLINDRICAL_SURFACE ( 'NONE', #3643, 0.001960000000000003406 ) ;
#11 = VERTEX_POINT ( 'NONE', #1046 ) ;
#12 = DIRECTION ( 'NONE',  ( -0.7091907686230739527, 0.7050166336334294792, 0.000000000000000000 ) ) ;
#13 = CARTESIAN_POINT ( 'NONE',  ( -0.01728890371215159941, -0.1256818337813389863, 0.01533333333333330127 ) ) ;
#14 = CARTESIAN_POINT ( 'NONE',  ( -0.04044269016362708052, 0.01867012011857458950, 0.02437780034102619148 ) ) ;
#15 = VERTEX_POINT ( 'NONE', #3140 ) ;
#16 = ORIENTED_EDGE ( 'NONE', *, *, #3552, .T. ) ;
#17 = DIRECTION ( 'NONE',  ( 0.000000000000000000, 0.000000000000000000, -1.000000000000000000 ) ) ;
#18 = EDGE_CURVE ( 'NONE', #1156, #704, #3195, .T. ) ;
#19 = CARTESIAN_POINT ( 'NONE',  ( 0.02229527522897171640, 0.0002655704875634886265, 0.02404311765250384536 ) ) ;
#20 = DIRECTION ( 'NONE',  ( 0.000000000000000000, 0.000000000000000000, -1.000000000000000000 ) ) ;
#21 = DIRECTION ( 'NONE',  ( 0.000000000000000000, 0.000000000000000000, 1.000000000000000000 ) ) ;
#22 = EDGE_CURVE ( 'NONE', #3840, #2215, #1937, .T. ) ;
#23 = VERTEX_POINT ( 'NONE', #3922 ) ;
#24 = CARTESIAN_POINT ( 'NONE',  ( -0.05594900737510882793, 0.0007608667758468260368, 0.02500190605177498096 ) ) ;
#25 = PLANE ( 'NONE',  #3463 ) ;
#26 = CARTESIAN_POINT ( 'NONE',  ( -0.04589431590702950509, -0.01915093081591179996, -0.002000000000000000042 ) ) ;
#27 = ORIENTED_EDGE ( 'NONE', *, *, #1878, .T. ) ;
#28 = ORIENTED_EDGE ( 'NONE', *, *, #2503, .T. ) ;
#29 = CARTESIAN_POINT ( 'NONE',  ( -0.004625141157988650088, 0.007541355848816589519, 0.01533333333333330127 ) ) ;
#30 = CARTESIAN_POINT ( 'NONE',  ( -0.05522392207278330190, 0.01716285864767479880, -0.002000000000000000042 ) ) ;
#31 = CARTESIAN_POINT ( 'NONE',  ( -0.1107428717566319998, 0.03620251174752270318, 0.01533333333333330127 ) ) ;
#32 = VERTEX_POINT ( 'NONE', #2682 ) ;
#33 = AXIS2_PLACEMENT_3D ( 'NONE', #4547, #85, #2597 ) ;
#34 = CARTESIAN_POINT ( 'NONE',  ( 0.02692408300498611365, -0.004473474122550009924, 0.02089265484288952562 ) ) ;
#35 = CARTESIAN_POINT ( 'NONE',  ( -0.1107428717566319998, 0.03620251174752270318, 0.01533333333333330127 ) ) ;
#36 = AXIS2_PLACEMENT_3D ( 'NONE', #1801, #3432, #4146 ) ;
#37 = DIRECTION ( 'NONE',  ( -1.000000000000000000, 0.000000000000000000, 0.000000000000000000 ) ) ;
#38 = EDGE_CURVE ( 'NONE', #3782, #3725, #4952, .T. ) ;
#39 = ORIENTED_EDGE ( 'NONE', *, *, #4719, .T. ) ;
#40 = VERTEX_POINT ( 'NONE', #1130 ) ;
#41 = DIRECTION ( 'NONE',  ( 0.000000000000000000, 0.000000000000000000, 1.000000000000000000 ) ) ;
#42 = AXIS2_PLACEMENT_3D ( 'NONE', #901, #4215, #4139 ) ;
#43 = CARTESIAN_POINT ( 'NONE',  ( -0.02601838095739940002, -0.08383642269516329570, 0.01533333333333330127 ) ) ;
#44 = CARTESIAN_POINT ( 'NONE',  ( -0.01728390250005419973, -0.01776182421324879954, 0.01533333333333330127 ) ) ;
#45 = CARTESIAN_POINT ( 'NONE',  ( -0.04244359962704784273, -0.04932966885501387233, 0.03151652366623797913 ) ) ;
#46 = CIRCLE ( 'NONE', #1846, 0.002666666666666665710 ) ;
#47 = VECTOR ( 'NONE', #1110, 1.000000000000000000 ) ;
#48 = VECTOR ( 'NONE', #2979, 1.000000000000000000 ) ;
#49 = ORIENTED_EDGE ( 'NONE', *, *, #1890, .F. ) ;
#50 = CARTESIAN_POINT ( 'NONE',  ( -0.05090127919804208340, 0.01338119511478837870, 0.02122405572705451243 ) ) ;
#51 = ADVANCED_FACE ( 'NONE', ( #2714 ), #1989, .F. ) ;
#52 = EDGE_CURVE ( 'NONE', #2788, #704, #1911, .T. ) ;
#53 = DIRECTION ( 'NONE',  ( 0.000000000000000000, 0.000000000000000000, -1.000000000000000000 ) ) ;
#54 = CIRCLE ( 'NONE', #1597, 0.005941869605453538664 ) ;
#55 = CARTESIAN_POINT ( 'NONE',  ( 0.01808813281931080652, 0.006818318168941709875, -0.001999999999999998741 ) ) ;
#56 = CARTESIAN_POINT ( 'NONE',  ( 0.006291097499945689717, -0.04133682421324889888, 0.03533333333333329995 ) ) ;
#57 = CIRCLE ( 'NONE', #1342, 0.05999999999999999778 ) ;
#58 = ORIENTED_EDGE ( 'NONE', *, *, #2526, .F. ) ;
#59 = VERTEX_POINT ( 'NONE', #1509 ) ;
#60 = CARTESIAN_POINT ( 'NONE',  ( 0.006291097499945669767, 0.005813175786751299812, -0.2722511313201919636 ) ) ;
#61 = LINE ( 'NONE', #3760, #4220 ) ;
#62 = DIRECTION ( 'NONE',  ( 0.000000000000000000, 0.000000000000000000, -1.000000000000000000 ) ) ;
#63 = ORIENTED_EDGE ( 'NONE', *, *, #2661, .T. ) ;
#64 = CARTESIAN_POINT ( 'NONE',  ( 0.02724009411461722138, -0.004599420873029991946, 0.02064229830484788988 ) ) ;
#65 = CYLINDRICAL_SURFACE ( 'NONE', #1876, 0.002666666666666664409 ) ;
#66 = B_SPLINE_CURVE_WITH_KNOTS ( 'NONE', 3,
 ( #1475, #4730, #1068, #4097, #2410, #3619, #2790, #2384, #2007, #346, #4412 ),
 .UNSPECIFIED., .F., .F.,
 ( 4, 1, 1, 1, 2, 2, 4 ),
 ( 0.000000000000000000, 0.2499999999999962808, 0.3749999999999944489, 0.4374999999999935052, 0.4687499999999930056, 0.4999999999999925615, 1.000000000000000000 ),
 .UNSPECIFIED. ) ;
#67 = CARTESIAN_POINT ( 'NONE',  ( -0.06432903782478049948, -0.004132236446630469656, -0.002000000000000000042 ) ) ;
#68 = AXIS2_PLACEMENT_3D ( 'NONE', #2924, #790, #2063 ) ;
#69 = VERTEX_POINT ( 'NONE', #5244 ) ;
#70 = ORIENTED_EDGE ( 'NONE', *, *, #4973, .T. ) ;
#71 = FACE_OUTER_BOUND ( 'NONE', #3948, .T. ) ;
#72 = DIRECTION ( 'NONE',  ( -1.000000000000000000, 0.000000000000000000, 0.000000000000000000 ) ) ;
#73 = ADVANCED_FACE ( 'NONE', ( #3949 ), #4337, .T. ) ;
#74 = CARTESIAN_POINT ( 'NONE',  ( -0.03893553320564629994, -0.05299970877392680413, -0.002000000000000000042 ) ) ;
#75 = CIRCLE ( 'NONE', #4092, 0.04533333333338228355 ) ;
#76 = CIRCLE ( 'NONE', #3071, 0.002666666666666660072 ) ;
#77 = VERTEX_POINT ( 'NONE', #1074 ) ;
#78 = CARTESIAN_POINT ( 'NONE',  ( -0.05316781621186694728, 0.004148990876649714596, 0.02652421841670202576 ) ) ;
#79 = CARTESIAN_POINT ( 'NONE',  ( -0.02712933267902389867, -0.07694854151190488878, 0.01533333333333330127 ) ) ;
#80 = DIRECTION ( 'NONE',  ( 0.000000000000000000, 0.000000000000000000, -1.000000000000000000 ) ) ;
#81 = CARTESIAN_POINT ( 'NONE',  ( -0.07987338147798370147, 0.02362532283077529993, 0.01533333333333330127 ) ) ;
#82 = ORIENTED_EDGE ( 'NONE', *, *, #4758, .T. ) ;
#83 = ORIENTED_EDGE ( 'NONE', *, *, #3151, .F. ) ;
#84 = DIRECTION ( 'NONE',  ( -0.9697493958146466975, 0.2441026614298328068, 0.000000000000000000 ) ) ;
#85 = DIRECTION ( 'NONE',  ( 0.000000000000000000, 0.000000000000000000, 1.000000000000000000 ) ) ;
#86 = CARTESIAN_POINT ( 'NONE',  ( -0.05956648678745860015, -0.01661131057481289933, 0.01533333333333330127 ) ) ;
#87 = DIRECTION ( 'NONE',  ( 0.000000000000000000, 0.000000000000000000, -1.000000000000000000 ) ) ;
#88 = EDGE_CURVE ( 'NONE', #1349, #4579, #2214, .T. ) ;
#89 = ORIENTED_EDGE ( 'NONE', *, *, #2337, .F. ) ;
#90 = ORIENTED_EDGE ( 'NONE', *, *, #4095, .T. ) ;
#91 = CARTESIAN_POINT ( 'NONE',  ( 0.06138036773766550325, 0.03265462320150900460, -0.002000000000000000042 ) ) ;
#92 = CYLINDRICAL_SURFACE ( 'NONE', #3416, 0.04000000000000000777 ) ;
#93 = DIRECTION ( 'NONE',  ( 0.000000000000000000, 0.000000000000000000, -1.000000000000000000 ) ) ;
#94 = VERTEX_POINT ( 'NONE', #1108 ) ;
#95 = ORIENTED_EDGE ( 'NONE', *, *, #4624, .F. ) ;
#96 = DIRECTION ( 'NONE',  ( 0.000000000000000000, 0.000000000000000000, -1.000000000000000000 ) ) ;
#97 = DIRECTION ( 'NONE',  ( -0.000000000000000000, -0.000000000000000000, -1.000000000000000000 ) ) ;
#98 = CARTESIAN_POINT ( 'NONE',  ( 0.05161382164909359554, 0.01366363295304580047, -0.002000000000000000042 ) ) ;
#99 = CARTESIAN_POINT ( 'NONE',  ( -0.04257956678495620345, -0.04918742385812888140, 0.03165291356921441646 ) ) ;
#100 = VERTEX_POINT ( 'NONE', #271 ) ;
#101 = EDGE_CURVE ( 'NONE', #4934, #599, #3539, .T. ) ;
#102 = CARTESIAN_POINT ( 'NONE',  ( -0.05271418245394189628, 0.005889908259684127623, 0.02547593200934087504 ) ) ;
#103 = CARTESIAN_POINT ( 'NONE',  ( 0.002104438936832753442, 0.01785570733900342447, 0.03066424046636743658 ) ) ;
#104 = LINE ( 'NONE', #4198, #2430 ) ;
#105 = CARTESIAN_POINT ( 'NONE',  ( 0.02041843156371615439, 0.02420263598451519171, 0.01557485442521561875 ) ) ;
#106 = ORIENTED_EDGE ( 'NONE', *, *, #101, .T. ) ;
#107 = EDGE_LOOP ( 'NONE', ( #5230, #3699, #912, #1204 ) ) ;
#108 = DIRECTION ( 'NONE',  ( 0.000000000000000000, 0.000000000000000000, 1.000000000000000000 ) ) ;
#109 = DIRECTION ( 'NONE',  ( -0.4021743263165831195, 0.9155631115612962168, 0.000000000000000000 ) ) ;
#110 = CYLINDRICAL_SURFACE ( 'NONE', #2267, 0.002666666666666659205 ) ;
#111 = ORIENTED_EDGE ( 'NONE', *, *, #1337, .F. ) ;
#112 = ORIENTED_EDGE ( 'NONE', *, *, #1410, .F. ) ;
#113 = DIRECTION ( 'NONE',  ( 0.000000000000000000, 0.000000000000000000, -1.000000000000000000 ) ) ;
#114 = EDGE_CURVE ( 'NONE', #2505, #3532, #3161, .T. ) ;
#115 = FACE_OUTER_BOUND ( 'NONE', #131, .T. ) ;
#116 = CARTESIAN_POINT ( 'NONE',  ( 0.07814006796862089932, 0.03619384939407049862, 0.01533333333333330127 ) ) ;
#117 = ORIENTED_EDGE ( 'NONE', *, *, #1324, .T. ) ;
#118 = ORIENTED_EDGE ( 'NONE', *, *, #5056, .F. ) ;
#119 = EDGE_LOOP ( 'NONE', ( #4744, #4275, #1383, #3474 ) ) ;
#120 = CARTESIAN_POINT ( 'NONE',  ( -0.06753374972773110163, 0.02184817649600809958, 0.01533333333333330127 ) ) ;
#121 = DIRECTION ( 'NONE',  ( 0.6909750715077231931, -0.7228785863164691738, 0.000000000000000000 ) ) ;
#122 = VECTOR ( 'NONE', #535, 1.000000000000000000 ) ;
#123 = CYLINDRICAL_SURFACE ( 'NONE', #3982, 0.04533333333338229743 ) ;
#124 = CARTESIAN_POINT ( 'NONE',  ( -0.02837991928484451254, -0.06919492649641807713, 0.01673352920843149474 ) ) ;
#125 = ORIENTED_EDGE ( 'NONE', *, *, #5056, .T. ) ;
#126 = CARTESIAN_POINT ( 'NONE',  ( -0.05424362758701510578, 0.002306896480032919784, 0.02649930817075036443 ) ) ;
#127 = DIRECTION ( 'NONE',  ( -0.4021743263165831195, 0.9155631115612962168, 0.000000000000000000 ) ) ;
#128 = DIRECTION ( 'NONE',  ( -1.826024711554529969E-16, -1.000000000000000000, 0.000000000000000000 ) ) ;
#129 = VECTOR ( 'NONE', #2174, 1.000000000000000000 ) ;
#130 = DIRECTION ( 'NONE',  ( 0.000000000000000000, 0.000000000000000000, 1.000000000000000000 ) ) ;
#131 = EDGE_LOOP ( 'NONE', ( #2473, #1936, #5143, #2855, #106, #301, #83, #310, #2202, #4086 ) ) ;
#132 = VERTEX_POINT ( 'NONE', #3600 ) ;
#133 = DIRECTION ( 'NONE',  ( -0.3343341265222758429, -0.9424546099641014640, 0.000000000000000000 ) ) ;
#134 = AXIS2_PLACEMENT_3D ( 'NONE', #3531, #1824, #1092 ) ;
#135 = PLANE ( 'NONE',  #5241 ) ;
#136 = CARTESIAN_POINT ( 'NONE',  ( -0.01274217734130620068, -0.09266004717885879816, 0.01533333333333330127 ) ) ;
#137 = EDGE_CURVE ( 'NONE', #4734, #982, #1615, .T. ) ;
#138 = AXIS2_PLACEMENT_3D ( 'NONE', #307, #2020, #1195 ) ;
#139 = ORIENTED_EDGE ( 'NONE', *, *, #4348, .F. ) ;
#140 = ORIENTED_EDGE ( 'NONE', *, *, #3448, .T. ) ;
#141 = FACE_OUTER_BOUND ( 'NONE', #4150, .T. ) ;
#142 = CARTESIAN_POINT ( 'NONE',  ( -0.02413474400570506107, -0.09530126511910470832, 0.01533333333333330127 ) ) ;
#143 = PLANE ( 'NONE',  #2276 ) ;
#144 = EDGE_CURVE ( 'NONE', #2145, #3820, #3319, .T. ) ;
#145 = ADVANCED_FACE ( 'NONE', ( #2012 ), #2440, .T. ) ;
#146 = ORIENTED_EDGE ( 'NONE', *, *, #5188, .F. ) ;
#147 = CARTESIAN_POINT ( 'NONE',  ( -0.05778550497673042713, -0.01885650443004001017, 0.03081715793224069563 ) ) ;
#148 = CARTESIAN_POINT ( 'NONE',  ( -0.08820878988029740020, 0.01532250224355210036, -0.002000000000000000042 ) ) ;
#149 = CARTESIAN_POINT ( 'NONE',  ( -0.03766473985025256543, -0.05489367799768812145, 0.02591326506177116934 ) ) ;
#150 = EDGE_CURVE ( 'NONE', #3057, #1156, #1588, .T. ) ;
#151 = CARTESIAN_POINT ( 'NONE',  ( -0.04437914201983437362, -0.04730475912042662184, 0.03347389782819586851 ) ) ;
#152 = ORIENTED_EDGE ( 'NONE', *, *, #2477, .F. ) ;
#153 = AXIS2_PLACEMENT_3D ( 'NONE', #2653, #1398, #2976 ) ;
#154 = CARTESIAN_POINT ( 'NONE',  ( -0.05463199055701890849, 0.001859797142212440448, 0.02623632563189976299 ) ) ;
#155 = AXIS2_PLACEMENT_3D ( 'NONE', #4371, #713, #2803 ) ;
#156 = CARTESIAN_POINT ( 'NONE',  ( -0.06024672665327611421, -0.003289570104526499342, 0.02173594796369980597 ) ) ;
#157 = DIRECTION ( 'NONE',  ( 1.000000000000000000, 0.000000000000000000, 0.000000000000000000 ) ) ;
#158 = CARTESIAN_POINT ( 'NONE',  ( 0.007352190616225705647, 0.01923129332389577478, 0.02274409622636113307 ) ) ;
#159 = CIRCLE ( 'NONE', #3154, 0.002666666666666660940 ) ;
#160 = AXIS2_PLACEMENT_3D ( 'NONE', #4963, #4132, #1269 ) ;
#161 = ORIENTED_EDGE ( 'NONE', *, *, #610, .T. ) ;
#162 = ORIENTED_EDGE ( 'NONE', *, *, #4689, .T. ) ;
#163 = DIRECTION ( 'NONE',  ( 0.000000000000000000, 0.000000000000000000, -1.000000000000000000 ) ) ;
#164 = AXIS2_PLACEMENT_3D ( 'NONE', #350, #1480, #4800 ) ;
#165 = CARTESIAN_POINT ( 'NONE',  ( -0.06848233854769970874, 0.01935593044841529831, -0.002000000000000000042 ) ) ;
#166 = EDGE_CURVE ( 'NONE', #5221, #4728, #486, .T. ) ;
#167 = CARTESIAN_POINT ( 'NONE',  ( 0.01872447683781669828, 0.009779194805217840056, 0.02173594796369979903 ) ) ;
#168 = ORIENTED_EDGE ( 'NONE', *, *, #2381, .T. ) ;
#170 = ADVANCED_FACE ( 'NONE', ( #1260 ), #3653, .T. ) ;
#169 = DIRECTION ( 'NONE',  ( 0.000000000000000000, 0.000000000000000000, 1.000000000000000000 ) ) ;
#171 = CARTESIAN_POINT ( 'NONE',  ( -0.02728957101029796592, -0.06238946968994509013, 0.02131456981160799111 ) ) ;
#172 = CARTESIAN_POINT ( 'NONE',  ( -0.006133381400457727992, -0.06320432080299724642, 0.02031194203453992944 ) ) ;
#173 = ORIENTED_EDGE ( 'NONE', *, *, #3984, .F. ) ;
#174 = CARTESIAN_POINT ( 'NONE',  ( -0.01047332598861979922, -0.09572674167349019825, -0.002000000000000000042 ) ) ;
#175 = LINE ( 'NONE', #3445, #3928 ) ;
#176 = DIRECTION ( 'NONE',  ( -0.6731259189713831859, 0.7395278880535411936, 0.000000000000000000 ) ) ;
#177 = LINE ( 'NONE', #228, #657 ) ;
#178 = ORIENTED_EDGE ( 'NONE', *, *, #2787, .F. ) ;
#179 = CARTESIAN_POINT ( 'NONE',  ( -0.05274169298600082934, 0.005694952583928524978, 0.02562683991905528869 ) ) ;
#180 = CARTESIAN_POINT ( 'NONE',  ( 0.001742371171148634915, 0.01788562831927512087, 0.03131674949277309106 ) ) ;
#181 = EDGE_CURVE ( 'NONE', #4008, #1494, #4262, .T. ) ;
#182 = CARTESIAN_POINT ( 'NONE',  ( -0.01558670285152560092, -0.1106703527502240075, 0.01533333333333330127 ) ) ;
#183 = CARTESIAN_POINT ( 'NONE',  ( 0.004024580327800333576, -0.05213173664441424909, 0.03116289823665007938 ) ) ;
#184 = VERTEX_POINT ( 'NONE', #2896 ) ;
#185 = DIRECTION ( 'NONE',  ( 0.000000000000000000, 0.000000000000000000, -1.000000000000000000 ) ) ;
#186 = CARTESIAN_POINT ( 'NONE',  ( 0.01825467852294961058, 0.008358718558053044104, 0.02319424982192458407 ) ) ;
#187 = CARTESIAN_POINT ( 'NONE',  ( -0.07095943953901609480, 0.02034339274639439948, 0.01533333333333330127 ) ) ;
#188 = VERTEX_POINT ( 'NONE', #866 ) ;
#189 = ORIENTED_EDGE ( 'NONE', *, *, #3179, .F. ) ;
#190 = CARTESIAN_POINT ( 'NONE',  ( 0.006291097499945689717, -0.04133682421324889888, 0.03533333333333329995 ) ) ;
#191 = LINE ( 'NONE', #3850, #2986 ) ;
#192 = CARTESIAN_POINT ( 'NONE',  ( -0.005615038716554198069, -0.06422850244598078684, 0.01940175229704739490 ) ) ;
#193 = VERTEX_POINT ( 'NONE', #455 ) ;
#194 = CARTESIAN_POINT ( 'NONE',  ( -0.08820878988029740020, 0.01532250224355210036, 0.01533333333333330127 ) ) ;
#195 = CARTESIAN_POINT ( 'NONE',  ( 0.02351091020307406743, -0.01831859696449962202, 0.02973471935498751828 ) ) ;
#196 = CARTESIAN_POINT ( 'NONE',  ( -0.03772905931072964569, -0.05475386974056048461, 0.02608642347214956692 ) ) ;
#197 = DIRECTION ( 'NONE',  ( 0.000000000000000000, 0.000000000000000000, 1.000000000000000000 ) ) ;
#198 = EDGE_CURVE ( 'NONE', #508, #5162, #2376, .T. ) ;
#199 = VERTEX_POINT ( 'NONE', #888 ) ;
#200 = CARTESIAN_POINT ( 'NONE',  ( -0.05297961403968855232, 0.008980451108974944058, 0.02256800555035104461 ) ) ;
#201 = VECTOR ( 'NONE', #4703, 1.000000000000000000 ) ;
#202 = B_SPLINE_CURVE_WITH_KNOTS ( 'NONE', 3,
 ( #590, #2920, #989, #158, #4543, #885, #4569, #940, #910, #1802, #4223, #3323, #4953, #2622, #4148, #2219, #2570, #4977, #3865, #105, #563, #2543 ),
 .UNSPECIFIED., .F., .F.,
 ( 4, 1, 1, 1, 1, 2, 2, 1, 1, 2, 2, 2, 2, 4 ),
 ( 0.000000000000000000, 0.1250000000000022482, 0.1875000000000031364, 0.2187500000000035250, 0.2343750000000037192, 0.2421875000000035527, 0.2500000000000033862, 0.3750000000000024425, 0.4375000000000019984, 0.4687500000000018319, 0.5000000000000016653, 0.6250000000000011102, 0.7500000000000007772, 1.000000000000000000 ),
 .UNSPECIFIED. ) ;
#203 = CARTESIAN_POINT ( 'NONE',  ( -0.06204768183100140694, -0.004663797345325209308, 0.02044935308241448840 ) ) ;
#204 = DIRECTION ( 'NONE',  ( 0.000000000000000000, 0.000000000000000000, -1.000000000000000000 ) ) ;
#205 = CARTESIAN_POINT ( 'NONE',  ( 0.001716097499945679885, -0.04591182421324879748, 0.007333333333333339268 ) ) ;
#206 = VECTOR ( 'NONE', #806, 1.000000000000000000 ) ;
#207 = EDGE_CURVE ( 'NONE', #2779, #2980, #3727, .T. ) ;
#208 = ORIENTED_EDGE ( 'NONE', *, *, #264, .T. ) ;
#209 = ADVANCED_FACE ( 'NONE', ( #2847 ), #4445, .F. ) ;
#210 = CARTESIAN_POINT ( 'NONE',  ( -0.01728890371215159941, -0.1256818337813389863, 0.01533333333333330127 ) ) ;
#211 = AXIS2_PLACEMENT_3D ( 'NONE', #1174, #390, #2054 ) ;
#212 = CARTESIAN_POINT ( 'NONE',  ( 0.01829864058801477025, 0.008547907142665166561, 0.02300346287077371238 ) ) ;
#213 = DIRECTION ( 'NONE',  ( 0.000000000000000000, 0.000000000000000000, 1.000000000000000000 ) ) ;
#214 = CIRCLE ( 'NONE', #2696, 0.002666666666666658771 ) ;
#215 = EDGE_LOOP ( 'NONE', ( #3423, #3740, #3297, #5061 ) ) ;
#216 = ORIENTED_EDGE ( 'NONE', *, *, #150, .T. ) ;
#217 = DIRECTION ( 'NONE',  ( 0.000000000000000000, 0.000000000000000000, -1.000000000000000000 ) ) ;
#218 = DIRECTION ( 'NONE',  ( -0.1593568374122680265, -0.9872210483827622562, 0.000000000000000000 ) ) ;
#219 = CIRCLE ( 'NONE', #4237, 0.005941869605453536929 ) ;
#220 = CARTESIAN_POINT ( 'NONE',  ( 0.03323016642593126790, -0.009907780907733355208, 0.01740291607196776946 ) ) ;
#221 = CIRCLE ( 'NONE', #998, 0.001960000000000003406 ) ;
#222 = EDGE_LOOP ( 'NONE', ( #3802, #4578, #864, #2226 ) ) ;
#223 = PLANE ( 'NONE',  #239 ) ;
#224 = LINE ( 'NONE', #4747, #2043 ) ;
#225 = CARTESIAN_POINT ( 'NONE',  ( -0.02328390250005419812, 0.02178561565332149882, 0.007333333333333339268 ) ) ;
#226 = CARTESIAN_POINT ( 'NONE',  ( -0.03735201738193714982, -0.05574825180281743620, 0.02486119565881991789 ) ) ;
#227 = ADVANCED_FACE ( 'NONE', ( #5269 ), #3328, .T. ) ;
#228 = CARTESIAN_POINT ( 'NONE',  ( -0.02903923388555846100, -0.06489351390960140797, 0.01533333333333330127 ) ) ;
#229 = ORIENTED_EDGE ( 'NONE', *, *, #1612, .T. ) ;
#230 = CARTESIAN_POINT ( 'NONE',  ( -0.05280268308462722493, 0.008280276023509086647, 0.02327635876193539718 ) ) ;
#231 = CARTESIAN_POINT ( 'NONE',  ( -0.01112626586037730042, -0.08329958479413429595, -0.002000000000000000042 ) ) ;
#232 = EDGE_CURVE ( 'NONE', #15, #5035, #2870, .T. ) ;
#233 = FACE_OUTER_BOUND ( 'NONE', #4101, .T. ) ;
#234 = CARTESIAN_POINT ( 'NONE',  ( 0.003038233488492786145, -0.05410853111160758566, 0.02735958833059102396 ) ) ;
#235 = AXIS2_PLACEMENT_3D ( 'NONE', #4025, #3720, #2383 ) ;
#236 = VERTEX_POINT ( 'NONE', #4546 ) ;
#237 = CARTESIAN_POINT ( 'NONE',  ( 0.006291097499945689717, -0.03676182421324890315, 0.03533333333333329995 ) ) ;
#238 = CARTESIAN_POINT ( 'NONE',  ( 0.01832911080361462192, 0.008668189832411412124, 0.02288171901463780661 ) ) ;
#239 = AXIS2_PLACEMENT_3D ( 'NONE', #630, #3068, #3145 ) ;
#240 = STYLED_ITEM ( 'NONE', ( #1408 ), #1729 ) ;
#241 = DIRECTION ( 'NONE',  ( -1.000000000000000000, 0.000000000000000000, 0.000000000000000000 ) ) ;
#242 = ORIENTED_EDGE ( 'NONE', *, *, #298, .T. ) ;
#243 = VERTEX_POINT ( 'NONE', #4956 ) ;
#244 = CIRCLE ( 'NONE', #3499, 0.01377434850464229373 ) ;
#245 = CIRCLE ( 'NONE', #3934, 0.03333333333333329124 ) ;
#246 = ORIENTED_EDGE ( 'NONE', *, *, #2900, .F. ) ;
#247 = EDGE_CURVE ( 'NONE', #525, #1154, #2279, .T. ) ;
#248 = CARTESIAN_POINT ( 'NONE',  ( -0.04085890250005420193, 0.005813175786751169707, -0.2722511313201919636 ) ) ;
#249 = LINE ( 'NONE', #3572, #3028 ) ;
#250 = ADVANCED_FACE ( 'NONE', ( #3252, #2518 ), #1664, .T. ) ;
#251 = DIRECTION ( 'NONE',  ( 0.000000000000000000, 0.000000000000000000, -1.000000000000000000 ) ) ;
#252 = EDGE_LOOP ( 'NONE', ( #1530, #3268, #1343, #1427 ) ) ;
#253 = LINE ( 'NONE', #1407, #591 ) ;
#254 = LINE ( 'NONE', #4832, #1707 ) ;
#255 = CARTESIAN_POINT ( 'NONE',  ( 0.02332089452214049924, -0.01865482205605975552, 0.03041283266679559172 ) ) ;
#256 = CARTESIAN_POINT ( 'NONE',  ( -0.03737932519401482995, -0.05565713562780821855, 0.02497237732706504912 ) ) ;
#257 = CARTESIAN_POINT ( 'NONE',  ( -0.03768171454141839433, 0.01787099727506124419, 0.02890244884522362445 ) ) ;
#258 = ORIENTED_EDGE ( 'NONE', *, *, #4227, .T. ) ;
#259 = ORIENTED_EDGE ( 'NONE', *, *, #545, .F. ) ;
#260 = CARTESIAN_POINT ( 'NONE',  ( -0.05328972908013270005, 0.009782532076213899808, 0.02173594796369979903 ) ) ;
#261 = DIRECTION ( 'NONE',  ( 1.000000000000000000, 0.000000000000000000, 0.000000000000000000 ) ) ;
#262 = DIRECTION ( 'NONE',  ( -0.000000000000000000, -0.000000000000000000, 1.000000000000000000 ) ) ;
#263 = LINE ( 'NONE', #3079, #4657 ) ;
#264 = EDGE_CURVE ( 'NONE', #5132, #3461, #4520, .T. ) ;
#265 = ORIENTED_EDGE ( 'NONE', *, *, #936, .F. ) ;
#266 = CARTESIAN_POINT ( 'NONE',  ( -0.04085890250005420193, -0.04133682421324889888, 0.03533333333333329995 ) ) ;
#267 = CARTESIAN_POINT ( 'NONE',  ( 0.003416097499945669816, 0.005813175786751299812, 0.003000000000000002665 ) ) ;
#268 = DIRECTION ( 'NONE',  ( 0.000000000000000000, 0.000000000000000000, 1.000000000000000000 ) ) ;
#269 = EDGE_CURVE ( 'NONE', #2022, #3562, #3274, .T. ) ;
#270 = ORIENTED_EDGE ( 'NONE', *, *, #5209, .F. ) ;
#271 = CARTESIAN_POINT ( 'NONE',  ( 0.04438394840026770038, 0.02618795655504300296, -0.002000000000000000042 ) ) ;
#272 = CARTESIAN_POINT ( 'NONE',  ( 0.01370658284827240038, 0.01451606892515669954, -0.002000000000000000042 ) ) ;
#273 = CARTESIAN_POINT ( 'NONE',  ( 0.04430561755881300134, 0.007711194794839349928, 0.01533333333333330127 ) ) ;
#274 = EDGE_CURVE ( 'NONE', #918, #4402, #1312, .T. ) ;
#275 = ORIENTED_EDGE ( 'NONE', *, *, #1483, .F. ) ;
#276 = CARTESIAN_POINT ( 'NONE',  ( -0.02344621988434190257, -0.08329881133058389397, 0.01533333333333330127 ) ) ;
#277 = DIRECTION ( 'NONE',  ( 1.000000000000000000, 1.083212707929442278E-15, -2.407139350954316120E-16 ) ) ;
#278 = DIRECTION ( 'NONE',  ( 0.000000000000000000, 0.000000000000000000, 1.000000000000000000 ) ) ;
#279 = LINE ( 'NONE', #3472, #483 ) ;
#280 = VERTEX_POINT ( 'NONE', #2198 ) ;
#281 = ORIENTED_EDGE ( 'NONE', *, *, #4796, .T. ) ;
#282 = CARTESIAN_POINT ( 'NONE',  ( -0.03553662814269911013, -0.06669085758273846087, 0.01690434699076655972 ) ) ;
#283 = DIRECTION ( 'NONE',  ( 0.9921414760388321818, -0.1251211074259151734, 0.000000000000000000 ) ) ;
#284 = CARTESIAN_POINT ( 'NONE',  ( 0.001716097499945679885, -0.04133682421324889888, 0.03533333333333329995 ) ) ;
#285 = DIRECTION ( 'NONE',  ( 0.000000000000000000, 0.000000000000000000, 1.000000000000000000 ) ) ;
#286 = CIRCLE ( 'NONE', #5080, 0.002666666666666665710 ) ;
#287 = ORIENTED_EDGE ( 'NONE', *, *, #2459, .T. ) ;
#288 = DIRECTION ( 'NONE',  ( 0.000000000000000000, 0.000000000000000000, -1.000000000000000000 ) ) ;
#289 = CARTESIAN_POINT ( 'NONE',  ( -0.01112626586037730042, -0.08329958479413429595, 0.01533333333333330127 ) ) ;
#290 = AXIS2_PLACEMENT_3D ( 'NONE', #1206, #2890, #2030 ) ;
#291 = DIRECTION ( 'NONE',  ( 0.000000000000000000, 0.000000000000000000, -1.000000000000000000 ) ) ;
#292 = ORIENTED_EDGE ( 'NONE', *, *, #2724, .T. ) ;
#293 = ORIENTED_EDGE ( 'NONE', *, *, #3944, .F. ) ;
#294 = CARTESIAN_POINT ( 'NONE',  ( -0.04543390250005419767, -0.01776182421324879954, 0.007333333333333339268 ) ) ;
#295 = VECTOR ( 'NONE', #1249, 1.000000000000000000 ) ;
#296 = CARTESIAN_POINT ( 'NONE',  ( -0.06262935710383271681, -0.01411600235266440712, 0.02156681222636419246 ) ) ;
#297 = CARTESIAN_POINT ( 'NONE',  ( -0.02903923389362653151, -0.06484325409932858997, 0.01895160440780359681 ) ) ;
#298 = EDGE_CURVE ( 'NONE', #2969, #3364, #567, .T. ) ;
#299 = AXIS2_PLACEMENT_3D ( 'NONE', #452, #4490, #787 ) ;
#300 = CARTESIAN_POINT ( 'NONE',  ( -0.03628390250005419926, 0.01038817578675120014, 0.03533333333333329995 ) ) ;
#301 = ORIENTED_EDGE ( 'NONE', *, *, #2289, .F. ) ;
#302 = CARTESIAN_POINT ( 'NONE',  ( -0.0003407797996381949990, 0.01847255991507109826, 0.02866666666666670138 ) ) ;
#303 = AXIS2_PLACEMENT_3D ( 'NONE', #505, #902, #2587 ) ;
#304 = ORIENTED_EDGE ( 'NONE', *, *, #4022, .T. ) ;
#305 = FACE_OUTER_BOUND ( 'NONE', #430, .T. ) ;
#306 = CARTESIAN_POINT ( 'NONE',  ( 0.01678912261240564710, 0.01214170163480849871, 0.02173594796369979903 ) ) ;
#307 = CARTESIAN_POINT ( 'NONE',  ( -0.01074255144759739961, -0.08066066941835309256, -0.002000000000000000042 ) ) ;
#308 = EDGE_CURVE ( 'NONE', #2962, #3769, #2243, .T. ) ;
#309 = VECTOR ( 'NONE', #2931, 1.000000000000000000 ) ;
#310 = ORIENTED_EDGE ( 'NONE', *, *, #495, .T. ) ;
#311 = ORIENTED_EDGE ( 'NONE', *, *, #545, .T. ) ;
#312 = CARTESIAN_POINT ( 'NONE',  ( -0.05315073291784941367, 0.009464857243967362069, 0.02206801928546326536 ) ) ;
#313 = EDGE_CURVE ( 'NONE', #3710, #4506, #2810, .T. ) ;
#314 = LINE ( 'NONE', #3558, #4342 ) ;
#315 = FACE_OUTER_BOUND ( 'NONE', #2169, .T. ) ;
#316 = CARTESIAN_POINT ( 'NONE',  ( -0.0004305503021247630087, -0.07534623633747349059, 0.01533333333333330127 ) ) ;
#317 = ORIENTED_EDGE ( 'NONE', *, *, #3052, .T. ) ;
#318 = CARTESIAN_POINT ( 'NONE',  ( -0.1107428717566319998, 0.03620251174752270318, 0.01533333333333330127 ) ) ;
#319 = CARTESIAN_POINT ( 'NONE',  ( -0.05260822192099329914, 0.01616728121551289782, -0.002000000000000000042 ) ) ;
#320 = DIRECTION ( 'NONE',  ( -0.9591807454132267319, -0.2827937368976309873, 0.000000000000000000 ) ) ;
#321 = ORIENTED_EDGE ( 'NONE', *, *, #5076, .T. ) ;
#322 = ORIENTED_EDGE ( 'NONE', *, *, #1188, .F. ) ;
#323 = DIRECTION ( 'NONE',  ( -0.8038302040102466295, 0.5948588094000504256, 0.000000000000000000 ) ) ;
#324 = AXIS2_PLACEMENT_3D ( 'NONE', #3841, #163, #1724 ) ;
#325 = EDGE_CURVE ( 'NONE', #11, #1798, #1276, .T. ) ;
#326 = CARTESIAN_POINT ( 'NONE',  ( 0.02417246730298523022, 0.01849804798707247247, 0.01594536106871065687 ) ) ;
#327 =( GEOMETRIC_REPRESENTATION_CONTEXT ( 3 ) GLOBAL_UNCERTAINTY_ASSIGNED_CONTEXT ( ( #332 ) ) GLOBAL_UNIT_ASSIGNED_CONTEXT ( ( #1301, #1385, #4969 ) ) REPRESENTATION_CONTEXT ( 'NONE', 'WORKASPACE' ) );
#328 = CARTESIAN_POINT ( 'NONE',  ( 0.02807767045969120079, -0.002066993898065369942, -0.002000000000000000042 ) ) ;
#329 = DIRECTION ( 'NONE',  ( 0.000000000000000000, 0.000000000000000000, -1.000000000000000000 ) ) ;
#330 = AXIS2_PLACEMENT_3D ( 'NONE', #4058, #2047, #4936 ) ;
#331 = EDGE_CURVE ( 'NONE', #236, #280, #3488, .T. ) ;
#332 = UNCERTAINTY_MEASURE_WITH_UNIT (LENGTH_MEASURE( 1.000000000000000082E-05 ), #1301, 'distance_accuracy_value', 'NONE');
#333 = CARTESIAN_POINT ( 'NONE',  ( -0.02722869530446890216, -0.1181998954232640064, 0.01533333333333330127 ) ) ;
#334 = ORIENTED_EDGE ( 'NONE', *, *, #4393, .T. ) ;
#335 = DIRECTION ( 'NONE',  ( 1.000000000000000000, 0.000000000000000000, 0.000000000000000000 ) ) ;
#336 = CARTESIAN_POINT ( 'NONE',  ( -0.04321284989732491338, 0.01972448734505674248, 0.02147471347594320096 ) ) ;
#337 = EDGE_LOOP ( 'NONE', ( #354, #3828, #2010, #3193, #1070, #798, #4544, #4972, #1142 ) ) ;
#338 = ORIENTED_EDGE ( 'NONE', *, *, #2586, .F. ) ;
#339 = DIRECTION ( 'NONE',  ( 0.000000000000000000, 0.000000000000000000, 1.000000000000000000 ) ) ;
#340 = PLANE ( 'NONE',  #1956 ) ;
#341 = CARTESIAN_POINT ( 'NONE',  ( -0.01528624627958579882, -0.1133200389504170069, -0.002000000000000000042 ) ) ;
#342 = CARTESIAN_POINT ( 'NONE',  ( -0.04034908715523674583, -0.05152088859227775541, 0.02944118796485536982 ) ) ;
#343 = EDGE_LOOP ( 'NONE', ( #3866, #3342, #1909, #838 ) ) ;
#344 = CARTESIAN_POINT ( 'NONE',  ( -0.05088421120003851217, 0.01356769129768358589, 0.02110765725811136750 ) ) ;
#345 = ADVANCED_FACE ( 'NONE', ( #2147 ), #4572, .T. ) ;
#346 = CARTESIAN_POINT ( 'NONE',  ( -0.06570414684397873906, -0.003011940617058258933, 0.01756546730539639348 ) ) ;
#347 = CARTESIAN_POINT ( 'NONE',  ( 0.001716097499945689860, 0.005813175786751169707, 0.03533333333333329995 ) ) ;
#348 = ORIENTED_EDGE ( 'NONE', *, *, #4904, .F. ) ;
#349 = VERTEX_POINT ( 'NONE', #3025 ) ;
#350 = CARTESIAN_POINT ( 'NONE',  ( 0.006291097499945660226, -0.04133682421324889888, 0.003000000000000000062 ) ) ;
#351 = CARTESIAN_POINT ( 'NONE',  ( -0.06325752707832299482, -0.01360423478161428522, 0.02086893534738809564 ) ) ;
#352 = DIRECTION ( 'NONE',  ( -1.000000000000000000, 0.000000000000000000, 0.000000000000000000 ) ) ;
#353 = CARTESIAN_POINT ( 'NONE',  ( 0.06138036773766550325, 0.03265462320150900460, 0.01533333333333330127 ) ) ;
#354 = ORIENTED_EDGE ( 'NONE', *, *, #4384, .F. ) ;
#355 = DIRECTION ( 'NONE',  ( -0.7753593898631647718, -0.6315202423921348895, 0.000000000000000000 ) ) ;
#356 = CYLINDRICAL_SURFACE ( 'NONE', #682, 0.001960000000000003406 ) ;
#357 = CARTESIAN_POINT ( 'NONE',  ( -0.04700156872477088271, 0.02116653449974642207, 0.01862319724472680932 ) ) ;
#358 = VERTEX_POINT ( 'NONE', #4981 ) ;
#359 = EDGE_LOOP ( 'NONE', ( #2176, #4992 ) ) ;
#360 = FACE_OUTER_BOUND ( 'NONE', #4233, .T. ) ;
#361 = CARTESIAN_POINT ( 'NONE',  ( 0.02342350889433357855, -0.0001410937483628562077, 0.02287105945296277754 ) ) ;
#362 = DIRECTION ( 'NONE',  ( 0.000000000000000000, 0.000000000000000000, 1.000000000000000000 ) ) ;
#363 = ADVANCED_FACE ( 'NONE', ( #4627 ), #3436, .F. ) ;
#364 = CARTESIAN_POINT ( 'NONE',  ( 0.002774126453003037882, -0.05549315442836764284, 0.02520347212147713498 ) ) ;
#365 = EDGE_LOOP ( 'NONE', ( #372, #693 ) ) ;
#366 = CARTESIAN_POINT ( 'NONE',  ( -0.05644535506526691254, 0.0004758938595066604708, 0.02448077392080825337 ) ) ;
#367 = FACE_OUTER_BOUND ( 'NONE', #2869, .T. ) ;
#368 = DIRECTION ( 'NONE',  ( 1.000000000000000000, 0.000000000000000000, 0.000000000000000000 ) ) ;
#369 = AXIS2_PLACEMENT_3D ( 'NONE', #2520, #1725, #4651 ) ;
#370 = ADVANCED_FACE ( 'NONE', ( #1750 ), #5063, .T. ) ;
#371 = EDGE_CURVE ( 'NONE', #3024, #3385, #4649, .T. ) ;
#372 = ORIENTED_EDGE ( 'NONE', *, *, #4516, .F. ) ;
#373 = ORIENTED_EDGE ( 'NONE', *, *, #2889, .F. ) ;
#374 = DIRECTION ( 'NONE',  ( -1.000000000000000000, 0.000000000000000000, -0.000000000000000000 ) ) ;
#375 = AXIS2_PLACEMENT_3D ( 'NONE', #182, #2218, #2298 ) ;
#376 = CARTESIAN_POINT ( 'NONE',  ( 0.01652275503659593470, 0.01471737085506323248, 0.02022615394135095224 ) ) ;
#377 = EDGE_CURVE ( 'NONE', #3057, #4465, #1441, .T. ) ;
#378 = FACE_OUTER_BOUND ( 'NONE', #400, .T. ) ;
#379 = AXIS2_PLACEMENT_3D ( 'NONE', #3397, #957, #1767 ) ;
#380 = EDGE_CURVE ( 'NONE', #4362, #3554, #2625, .T. ) ;
#381 = LINE ( 'NONE', #1238, #853 ) ;
#382 = DIRECTION ( 'NONE',  ( 0.000000000000000000, 0.000000000000000000, -1.000000000000000000 ) ) ;
#383 = VECTOR ( 'NONE', #3167, 1.000000000000000000 ) ;
#384 = LINE ( 'NONE', #4884, #4925 ) ;
#385 = VERTEX_POINT ( 'NONE', #4251 ) ;
#386 = ORIENTED_EDGE ( 'NONE', *, *, #232, .F. ) ;
#387 = CARTESIAN_POINT ( 'NONE',  ( -0.03653172400556825572, -0.06052128069116648190, 0.02022765418374437157 ) ) ;
#388 = CARTESIAN_POINT ( 'NONE',  ( 0.02341322888483046011, -0.0001383233559682434989, 0.02288152039940685722 ) ) ;
#389 = EDGE_CURVE ( 'NONE', #4991, #4639, #1375, .T. ) ;
#390 = DIRECTION ( 'NONE',  ( 0.000000000000000000, 0.000000000000000000, -1.000000000000000000 ) ) ;
#391 = CIRCLE ( 'NONE', #3044, 0.02000000000000000042 ) ;
#392 = CARTESIAN_POINT ( 'NONE',  ( 0.02256748357856819959, -0.02120667945151110192, 0.03533333333333329995 ) ) ;
#393 = ORIENTED_EDGE ( 'NONE', *, *, #4588, .F. ) ;
#394 = EDGE_CURVE ( 'NONE', #1397, #4307, #585, .T. ) ;
#395 = CARTESIAN_POINT ( 'NONE',  ( -0.05626248114244954829, 0.0005779745890520508224, 0.02467342064284428968 ) ) ;
#396 = CIRCLE ( 'NONE', #1683, 0.04282794805387679649 ) ;
#397 = DIRECTION ( 'NONE',  ( 0.000000000000000000, 0.000000000000000000, -1.000000000000000000 ) ) ;
#398 = CARTESIAN_POINT ( 'NONE',  ( -0.01728267001770939990, -0.1336926308568330002, 0.01533333333333330127 ) ) ;
#399 = VERTEX_POINT ( 'NONE', #4276 ) ;
#400 = EDGE_LOOP ( 'NONE', ( #1455, #1196, #5211, #2225 ) ) ;
#401 = DIRECTION ( 'NONE',  ( -1.826024711554529969E-16, -1.000000000000000000, 0.000000000000000000 ) ) ;
#402 = CARTESIAN_POINT ( 'NONE',  ( 0.01633477441431190752, 0.01394935184730658126, 0.02084678435008777836 ) ) ;
#403 = DIRECTION ( 'NONE',  ( 0.000000000000000000, 0.000000000000000000, -1.000000000000000000 ) ) ;
#404 = DIRECTION ( 'NONE',  ( 0.000000000000000000, 0.000000000000000000, 1.000000000000000000 ) ) ;
#405 = ORIENTED_EDGE ( 'NONE', *, *, #2932, .F. ) ;
#406 = EDGE_CURVE ( 'NONE', #5243, #4041, #3580, .T. ) ;
#407 = AXIS2_PLACEMENT_3D ( 'NONE', #1018, #2171, #2574 ) ;
#408 = VECTOR ( 'NONE', #97, 1.000000000000000000 ) ;
#409 = DIRECTION ( 'NONE',  ( -0.3556034547254569578, 0.9346369257563709176, 0.000000000000000000 ) ) ;
#410 = ADVANCED_FACE ( 'NONE', ( #1345 ), #5086, .F. ) ;
#411 = LINE ( 'NONE', #4037, #4775 ) ;
#412 = VECTOR ( 'NONE', #355, 1.000000000000000000 ) ;
#413 = AXIS2_PLACEMENT_3D ( 'NONE', #4560, #5074, #4615 ) ;
#414 = CARTESIAN_POINT ( 'NONE',  ( -0.05406332889561830946, 0.02385435368751555318, 0.01583131202449770264 ) ) ;
#415 = ORIENTED_EDGE ( 'NONE', *, *, #441, .T. ) ;
#416 = ORIENTED_EDGE ( 'NONE', *, *, #1840, .T. ) ;
#417 = AXIS2_PLACEMENT_3D ( 'NONE', #248, #4309, #3517 ) ;
#418 = CARTESIAN_POINT ( 'NONE',  ( -0.03643786430913044383, -0.06110320916238239780, 0.01981064715974277524 ) ) ;
#419 = CIRCLE ( 'NONE', #592, 0.002666666666666658338 ) ;
#420 = CARTESIAN_POINT ( 'NONE',  ( 0.02128285044444357815, 0.0008316873368275362480, 0.02510421023014676803 ) ) ;
#421 = CYLINDRICAL_SURFACE ( 'NONE', #1928, 0.02000000000000000042 ) ;
#422 = CARTESIAN_POINT ( 'NONE',  ( 0.07618006796862089591, 0.03619384939407049862, 0.01533333333333330127 ) ) ;
#423 = ORIENTED_EDGE ( 'NONE', *, *, #2396, .F. ) ;
#424 = CARTESIAN_POINT ( 'NONE',  ( -0.05097611627109364246, 0.01434792702311340866, 0.02053831342513376401 ) ) ;
#425 = DIRECTION ( 'NONE',  ( 0.000000000000000000, 0.000000000000000000, -1.000000000000000000 ) ) ;
#426 = DIRECTION ( 'NONE',  ( -0.2559669305055999877, -0.9666855385737086470, 0.000000000000000000 ) ) ;
#427 = EDGE_CURVE ( 'NONE', #94, #4820, #4253, .T. ) ;
#428 = B_SPLINE_CURVE_WITH_KNOTS ( 'NONE', 3,
 ( #4793, #4332, #4729, #1066 ),
 .UNSPECIFIED., .F., .F.,
 ( 4, 4 ),
 ( 0.000000000000000000, 1.000000000000000000 ),
 .UNSPECIFIED. ) ;
#429 = ORIENTED_EDGE ( 'NONE', *, *, #1785, .F. ) ;
#430 = EDGE_LOOP ( 'NONE', ( #2412, #140, #5261, #4245 ) ) ;
#431 = CARTESIAN_POINT ( 'NONE',  ( -0.01728390250005419973, -0.01776182421324879954, 0.01533333333333330127 ) ) ;
#432 = CARTESIAN_POINT ( 'NONE',  ( -0.1107428717566319998, 0.03620251174752270318, 0.01533333333333330127 ) ) ;
#433 = CARTESIAN_POINT ( 'NONE',  ( -0.01898921967675530273, -0.1106701391355659897, 0.01533333333333330127 ) ) ;
#434 = EDGE_CURVE ( 'NONE', #4323, #4961, #3533, .T. ) ;
#435 = CARTESIAN_POINT ( 'NONE',  ( -0.04085890250005420193, 0.005813175786751169707, 0.03533333333333329995 ) ) ;
#436 = EDGE_LOOP ( 'NONE', ( #1231, #3354 ) ) ;
#437 = CARTESIAN_POINT ( 'NONE',  ( 0.02737006466535535018, -0.004638386795974288636, 0.02053831342513234501 ) ) ;
#438 = DIRECTION ( 'NONE',  ( 0.6962738038369491456, 0.7177762813651797913, 0.000000000000000000 ) ) ;
#439 = FACE_OUTER_BOUND ( 'NONE', #3921, .T. ) ;
#440 = EDGE_CURVE ( 'NONE', #4196, #2561, #2352, .T. ) ;
#441 = EDGE_CURVE ( 'NONE', #4305, #4619, #2301, .T. ) ;
#442 = ORIENTED_EDGE ( 'NONE', *, *, #4313, .T. ) ;
#443 = EDGE_LOOP ( 'NONE', ( #953, #4051, #2050, #4162 ) ) ;
#444 = CARTESIAN_POINT ( 'NONE',  ( -0.05260822192099329914, 0.01616728121551289782, 0.01864355648677560109 ) ) ;
#445 = CARTESIAN_POINT ( 'NONE',  ( 0.02326133487306101394, -9.552657801931171522E-05, 0.02303651685577599167 ) ) ;
#446 = LINE ( 'NONE', #471, #2524 ) ;
#447 = CARTESIAN_POINT ( 'NONE',  ( -0.04439218975036763465, -0.04729110895359506933, 0.03348718639040865197 ) ) ;
#448 = ORIENTED_EDGE ( 'NONE', *, *, #325, .T. ) ;
#449 = PLANE ( 'NONE',  #235 ) ;
#450 = CARTESIAN_POINT ( 'NONE',  ( -0.06163892861055934175, -0.01492290049311218239, 0.02274409622633338443 ) ) ;
#451 = DIRECTION ( 'NONE',  ( 0.000000000000000000, 0.000000000000000000, 1.000000000000000000 ) ) ;
#452 = CARTESIAN_POINT ( 'NONE',  ( -0.04085890250005420193, 0.005813175786751169707, 0.003000000000000002665 ) ) ;
#453 = ORIENTED_EDGE ( 'NONE', *, *, #2683, .F. ) ;
#454 = ORIENTED_EDGE ( 'NONE', *, *, #3428, .T. ) ;
#455 = CARTESIAN_POINT ( 'NONE',  ( -0.03798390250005419938, -0.04133682421324889888, 0.003000000000000002665 ) ) ;
#456 = CARTESIAN_POINT ( 'NONE',  ( 0.01757823304753132476, 0.01595298448149243958, 0.01896890462324154342 ) ) ;
#457 = CARTESIAN_POINT ( 'NONE',  ( 0.01640501873118226789, 0.01299933759776464130, 0.02142951338271978715 ) ) ;
#458 = ORIENTED_EDGE ( 'NONE', *, *, #1952, .F. ) ;
#459 = CIRCLE ( 'NONE', #369, 0.001960000000000003406 ) ;
#461 = ADVANCED_FACE ( 'NONE', ( #4817 ), #1531, .T. ) ;
#460 = CARTESIAN_POINT ( 'NONE',  ( -0.1002779618486569907, 0.02515520847540169899, -0.002000000000000000042 ) ) ;
#462 = CARTESIAN_POINT ( 'NONE',  ( -0.02146807733903840013, -0.09530126511910470832, 0.01533333333333330127 ) ) ;
#463 = AXIS2_PLACEMENT_3D ( 'NONE', #1659, #2461, #4026 ) ;
#464 = LINE ( 'NONE', #2129, #5263 ) ;
#465 = ORIENTED_EDGE ( 'NONE', *, *, #1396, .F. ) ;
#466 = ORIENTED_EDGE ( 'NONE', *, *, #3235, .T. ) ;
#467 = DIRECTION ( 'NONE',  ( 0.000000000000000000, 0.000000000000000000, -1.000000000000000000 ) ) ;
#468 = CIRCLE ( 'NONE', #4737, 0.001960000000000003406 ) ;
#469 = CARTESIAN_POINT ( 'NONE',  ( 0.07618006796862089591, 0.03619384939407049862, -0.002000000000000000042 ) ) ;
#470 = EDGE_CURVE ( 'NONE', #1230, #1856, #726, .T. ) ;
#471 = CARTESIAN_POINT ( 'NONE',  ( -0.03628390250005419926, -0.04362432421324879961, 0.03533333333333329995 ) ) ;
#472 = DIRECTION ( 'NONE',  ( -1.000000000000000000, 0.000000000000000000, 0.000000000000000000 ) ) ;
#473 = AXIS2_PLACEMENT_3D ( 'NONE', #435, #404, #2472 ) ;
#474 = VECTOR ( 'NONE', #403, 1.000000000000000000 ) ;
#475 = EDGE_LOOP ( 'NONE', ( #4417, #5202, #3299, #1141 ) ) ;
#476 = EDGE_CURVE ( 'NONE', #243, #3574, #4088, .T. ) ;
#477 = CARTESIAN_POINT ( 'NONE',  ( -0.05265383722169757891, 0.006771625783029908141, 0.02472448089615789449 ) ) ;
#478 = ORIENTED_EDGE ( 'NONE', *, *, #2437, .T. ) ;
#479 = CARTESIAN_POINT ( 'NONE',  ( -0.05956648678745860015, -0.01661131057481289933, 0.02602487012860970131 ) ) ;
#480 = AXIS2_PLACEMENT_3D ( 'NONE', #398, #1635, #3271 ) ;
#481 = CARTESIAN_POINT ( 'NONE',  ( 0.03346751452467019300, -0.001116300615257733841, 0.01644609392218278343 ) ) ;
#482 = CARTESIAN_POINT ( 'NONE',  ( 0.0003492278944921423794, 0.005813175786751299812, -0.002000000000000000042 ) ) ;
#483 = VECTOR ( 'NONE', #1919, 1.000000000000000000 ) ;
#484 = ORIENTED_EDGE ( 'NONE', *, *, #1188, .T. ) ;
#485 = ORIENTED_EDGE ( 'NONE', *, *, #4861, .F. ) ;
#486 = LINE ( 'NONE', #2493, #4672 ) ;
#487 = DIRECTION ( 'NONE',  ( 0.000000000000000000, 0.000000000000000000, 1.000000000000000000 ) ) ;
#488 = CARTESIAN_POINT ( 'NONE',  ( -0.01728267001770939990, -0.1336926308568330002, 0.01533333333333330127 ) ) ;
#489 = DIRECTION ( 'NONE',  ( -1.000000000000000000, 0.000000000000000000, 0.000000000000000000 ) ) ;
#490 = ORIENTED_EDGE ( 'NONE', *, *, #3676, .T. ) ;
#491 = CARTESIAN_POINT ( 'NONE',  ( -0.04088539262671590097, -0.03352861162192870281, -0.002000000000000000042 ) ) ;
#492 = CARTESIAN_POINT ( 'NONE',  ( -0.1107428717566319998, 0.03620251174752270318, -0.002000000000000000042 ) ) ;
#493 = DIRECTION ( 'NONE',  ( -0.5918137502217142298, -0.8060747391207037094, 0.000000000000000000 ) ) ;
#494 = AXIS2_PLACEMENT_3D ( 'NONE', #1805, #3003, #133 ) ;
#495 = EDGE_CURVE ( 'NONE', #4335, #1929, #428, .T. ) ;
#496 = CIRCLE ( 'NONE', #3490, 0.005941869605453536062 ) ;
#497 = EDGE_LOOP ( 'NONE', ( #1197, #3449, #762, #1096 ) ) ;
#498 = ORIENTED_EDGE ( 'NONE', *, *, #663, .T. ) ;
#499 = FACE_BOUND ( 'NONE', #3045, .T. ) ;
#500 = EDGE_LOOP ( 'NONE', ( #2939, #913, #622, #415 ) ) ;
#501 = PLANE ( 'NONE',  #1443 ) ;
#502 = CIRCLE ( 'NONE', #763, 0.002874999999999999951 ) ;
#503 = AXIS2_PLACEMENT_3D ( 'NONE', #1713, #2584, #4214 ) ;
#504 = LINE ( 'NONE', #1362, #556 ) ;
#505 = CARTESIAN_POINT ( 'NONE',  ( -0.01728267001770939990, -0.1336926308568330002, -0.002000000000000000042 ) ) ;
#506 = VECTOR ( 'NONE', #687, 1.000000000000000000 ) ;
#507 = CIRCLE ( 'NONE', #3587, 0.002666666666666658771 ) ;
#508 = VERTEX_POINT ( 'NONE', #3190 ) ;
#509 = CARTESIAN_POINT ( 'NONE',  ( -0.05305014418467373510, 0.004459327804790132882, 0.02639808986062189278 ) ) ;
#510 = FACE_OUTER_BOUND ( 'NONE', #1082, .T. ) ;
#511 = DIRECTION ( 'NONE',  ( 0.000000000000000000, 0.000000000000000000, -1.000000000000000000 ) ) ;
#512 = CARTESIAN_POINT ( 'NONE',  ( -0.006610116938118998364, -0.07179402971152705482, 0.01594536106871067074 ) ) ;
#513 = ADVANCED_FACE ( 'NONE', ( #674 ), #1905, .F. ) ;
#514 = VERTEX_POINT ( 'NONE', #1850 ) ;
#515 = ORIENTED_EDGE ( 'NONE', *, *, #4581, .F. ) ;
#516 = DIRECTION ( 'NONE',  ( -0.7753593898631647718, -0.6315202423921348895, 0.000000000000000000 ) ) ;
#517 = DIRECTION ( 'NONE',  ( -0.1593568374122680265, -0.9872210483827622562, 0.000000000000000000 ) ) ;
#518 = CARTESIAN_POINT ( 'NONE',  ( -0.07880859570847359441, 0.007664201570050710455, 0.01533333333333330127 ) ) ;
#519 = ORIENTED_EDGE ( 'NONE', *, *, #371, .F. ) ;
#520 = EDGE_LOOP ( 'NONE', ( #5067, #2491 ) ) ;
#521 = CARTESIAN_POINT ( 'NONE',  ( 0.03391741979004279928, 0.01935257457580279866, -0.002000000000000000042 ) ) ;
#522 = DIRECTION ( 'NONE',  ( 0.000000000000000000, 0.000000000000000000, -1.000000000000000000 ) ) ;
#523 = DIRECTION ( 'NONE',  ( 0.000000000000000000, 0.000000000000000000, -1.000000000000000000 ) ) ;
#524 = ORIENTED_EDGE ( 'NONE', *, *, #4612, .T. ) ;
#525 = VERTEX_POINT ( 'NONE', #5163 ) ;
#526 = CARTESIAN_POINT ( 'NONE',  ( -0.04589431590702950509, -0.01915093081591179996, 0.01533333333333330127 ) ) ;
#527 = DIRECTION ( 'NONE',  ( 0.000000000000000000, 0.000000000000000000, -1.000000000000000000 ) ) ;
#528 = CARTESIAN_POINT ( 'NONE',  ( -0.01728390250005419973, -0.01776182421324879954, 0.01533333333333330127 ) ) ;
#529 = DIRECTION ( 'NONE',  ( 0.000000000000000000, 0.000000000000000000, 1.000000000000000000 ) ) ;
#530 = VERTEX_POINT ( 'NONE', #3997 ) ;
#531 = CARTESIAN_POINT ( 'NONE',  ( -0.05502997420727996636, 0.001473391113450557436, 0.02589950170229773571 ) ) ;
#532 = ORIENTED_EDGE ( 'NONE', *, *, #18, .T. ) ;
#533 = LINE ( 'NONE', #962, #1529 ) ;
#534 = EDGE_CURVE ( 'NONE', #1749, #4984, #4173, .T. ) ;
#535 = DIRECTION ( 'NONE',  ( 0.000000000000000000, 0.000000000000000000, -1.000000000000000000 ) ) ;
#536 = LINE ( 'NONE', #1721, #4841 ) ;
#537 = ORIENTED_EDGE ( 'NONE', *, *, #1975, .T. ) ;
#538 = EDGE_LOOP ( 'NONE', ( #2846, #1864, #5242, #5019 ) ) ;
#539 = CARTESIAN_POINT ( 'NONE',  ( 0.006291097499945669767, 0.005813175786751299812, 0.03533333333333329995 ) ) ;
#540 = CARTESIAN_POINT ( 'NONE',  ( 0.07618006796862089591, 0.03619384939407049862, -0.002000000000000000042 ) ) ;
#541 = EDGE_CURVE ( 'NONE', #4448, #5121, #2636, .T. ) ;
#542 = DIRECTION ( 'NONE',  ( 0.000000000000000000, 0.000000000000000000, 1.000000000000000000 ) ) ;
#543 = VERTEX_POINT ( 'NONE', #1450 ) ;
#544 = VERTEX_POINT ( 'NONE', #5113 ) ;
#545 = EDGE_CURVE ( 'NONE', #1614, #1265, #1125, .T. ) ;
#546 = CARTESIAN_POINT ( 'NONE',  ( 0.02718453445578023278, -0.004580300647671267135, 0.02068654968900898034 ) ) ;
#547 = CYLINDRICAL_SURFACE ( 'NONE', #5120, 0.04533333333338229743 ) ;
#548 = LINE ( 'NONE', #5018, #2798 ) ;
#549 = AXIS2_PLACEMENT_3D ( 'NONE', #4006, #2333, #3925 ) ;
#550 = ORIENTED_EDGE ( 'NONE', *, *, #609, .T. ) ;
#551 = CARTESIAN_POINT ( 'NONE',  ( -0.05716962500197677460, -0.02080936548906762301, 0.03458882955149603089 ) ) ;
#552 = CARTESIAN_POINT ( 'NONE',  ( 0.01223296710539919716, -0.04133682421324889888, 0.003000000000000000062 ) ) ;
#553 = AXIS2_PLACEMENT_3D ( 'NONE', #2818, #757, #3191 ) ;
#554 = FACE_OUTER_BOUND ( 'NONE', #1563, .T. ) ;
#555 = CARTESIAN_POINT ( 'NONE',  ( -0.04255336236411345896, -0.04921483818242960995, 0.03162661332948072529 ) ) ;
#556 = VECTOR ( 'NONE', #3368, 1.000000000000000000 ) ;
#557 = ORIENTED_EDGE ( 'NONE', *, *, #4010, .F. ) ;
#558 = EDGE_CURVE ( 'NONE', #199, #1755, #3324, .T. ) ;
#559 = CARTESIAN_POINT ( 'NONE',  ( -0.05276016404829152184, 0.005585703697374878353, 0.02570755733643766139 ) ) ;
#560 = CARTESIAN_POINT ( 'NONE',  ( 0.002134177326301876700, 0.01785409290675676539, 0.03061124571707520350 ) ) ;
#561 = CARTESIAN_POINT ( 'NONE',  ( 0.03639464475029680068, 0.02033972583442789778, 0.01533333333333330127 ) ) ;
#562 = AXIS2_PLACEMENT_3D ( 'NONE', #1069, #268, #5140 ) ;
#563 = CARTESIAN_POINT ( 'NONE',  ( 0.02228038345613616092, 0.02491105709139723387, 0.01533333333333340188 ) ) ;
#564 = ADVANCED_FACE ( 'NONE', ( #1098 ), #701, .T. ) ;
#565 = ORIENTED_EDGE ( 'NONE', *, *, #2223, .T. ) ;
#566 = ORIENTED_EDGE ( 'NONE', *, *, #4960, .F. ) ;
#567 = LINE ( 'NONE', #2948, #2119 ) ;
#568 = VECTOR ( 'NONE', #1526, 1.000000000000000000 ) ;
#569 = CARTESIAN_POINT ( 'NONE',  ( 0.04438394840026770038, 0.02618795655504300296, 0.01533333333333330127 ) ) ;
#570 = DIRECTION ( 'NONE',  ( 0.000000000000000000, 1.000000000000000000, 0.000000000000000000 ) ) ;
#571 = VECTOR ( 'NONE', #4988, 1.000000000000000000 ) ;
#572 = EDGE_LOOP ( 'NONE', ( #1449, #246, #2101, #4954 ) ) ;
#573 = CARTESIAN_POINT ( 'NONE',  ( -0.06377727074517379469, -0.02177984449710580056, -0.002000000000000000042 ) ) ;
#574 = CARTESIAN_POINT ( 'NONE',  ( -0.02730286416928215040, -0.06239436447818456910, 0.02130685378429764132 ) ) ;
#575 = CARTESIAN_POINT ( 'NONE',  ( -0.005652335753086979581, -0.06409813404163831885, 0.01950541960855312409 ) ) ;
#576 = EDGE_CURVE ( 'NONE', #3624, #385, #4075, .T. ) ;
#577 = ADVANCED_FACE ( 'NONE', ( #2081 ), #449, .F. ) ;
#578 = ORIENTED_EDGE ( 'NONE', *, *, #2502, .F. ) ;
#579 = CARTESIAN_POINT ( 'NONE',  ( -0.05768998890495800197, -0.01905914017604926070, 0.03121964340574349961 ) ) ;
#580 = LINE ( 'NONE', #3367, #1186 ) ;
#581 = CARTESIAN_POINT ( 'NONE',  ( 0.04046023399220810557, 0.008018444707213030764, 0.01533333333333330127 ) ) ;
#582 = VECTOR ( 'NONE', #1289, 1.000000000000000000 ) ;
#583 = DIRECTION ( 'NONE',  ( -0.6316175936572793193, -0.7752800883439403545, 0.000000000000000000 ) ) ;
#584 = ORIENTED_EDGE ( 'NONE', *, *, #3151, .T. ) ;
#585 = CIRCLE ( 'NONE', #5272, 0.005941869605453538664 ) ;
#586 = CARTESIAN_POINT ( 'NONE',  ( -0.05328111074539956804, 0.003878805506305936339, 0.02661242702114386544 ) ) ;
#587 = CIRCLE ( 'NONE', #3066, 0.001960000000000003406 ) ;
#588 = DIRECTION ( 'NONE',  ( -1.000000000000000000, 0.000000000000000000, 0.000000000000000000 ) ) ;
#589 = CARTESIAN_POINT ( 'NONE',  ( -0.08234294070027560475, 0.02463149794411500018, -0.002000000000000000042 ) ) ;
#590 = CARTESIAN_POINT ( 'NONE',  ( 0.004853763681934090447, 0.01828071109808199896, 0.02602487012860970131 ) ) ;
#591 = VECTOR ( 'NONE', #4661, 1.000000000000000000 ) ;
#592 = AXIS2_PLACEMENT_3D ( 'NONE', #819, #4110, #438 ) ;
#593 = ORIENTED_EDGE ( 'NONE', *, *, #371, .T. ) ;
#594 = CARTESIAN_POINT ( 'NONE',  ( 0.006291097499945681043, 0.005813175786751299812, -0.002000000000000000042 ) ) ;
#595 = VECTOR ( 'NONE', #185, 1.000000000000000000 ) ;
#596 = PLANE ( 'NONE',  #1661 ) ;
#597 = CARTESIAN_POINT ( 'NONE',  ( -0.04619904595271299985, -0.04540082707355769936, 0.03533333333333329995 ) ) ;
#598 = EDGE_LOOP ( 'NONE', ( #3966, #4077, #1637, #5226 ) ) ;
#599 = VERTEX_POINT ( 'NONE', #1608 ) ;
#600 = PLANE ( 'NONE',  #3933 ) ;
#601 = CARTESIAN_POINT ( 'NONE',  ( -0.04619904595271299985, -0.04540082707355779651, -0.002000000000000000042 ) ) ;
#602 = EDGE_CURVE ( 'NONE', #4728, #4196, #2463, .T. ) ;
#603 = CARTESIAN_POINT ( 'NONE',  ( -0.005554261032354424268, -0.06452474549346691457, 0.01917689742500713890 ) ) ;
#604 = ORIENTED_EDGE ( 'NONE', *, *, #3615, .F. ) ;
#605 = DIRECTION ( 'NONE',  ( 0.000000000000000000, 0.000000000000000000, -1.000000000000000000 ) ) ;
#606 = DIRECTION ( 'NONE',  ( 0.9345922678472772249, -0.3557208074882370896, 0.000000000000000000 ) ) ;
#607 = CARTESIAN_POINT ( 'NONE',  ( -0.03869829125277970960, -0.05324790459831310607, 0.02786421232320077448 ) ) ;
#608 = CARTESIAN_POINT ( 'NONE',  ( -0.03670741777623251489, 0.01785418006865016963, 0.03060023648033337318 ) ) ;
#609 = EDGE_CURVE ( 'NONE', #3817, #69, #3187, .T. ) ;
#610 = EDGE_CURVE ( 'NONE', #3545, #525, #3961, .T. ) ;
#611 = ORIENTED_EDGE ( 'NONE', *, *, #1762, .T. ) ;
#612 = PLANE ( 'NONE',  #3240 ) ;
#613 = CARTESIAN_POINT ( 'NONE',  ( 0.001281685908172394781, 0.01795060744427091209, 0.03216349164811022759 ) ) ;
#614 = CARTESIAN_POINT ( 'NONE',  ( -0.01728267001770939990, -0.1336926308568330002, -0.009666666666666660218 ) ) ;
#615 = CARTESIAN_POINT ( 'NONE',  ( 0.003852733310938034113, -0.05238419907492247729, 0.03061577162156634349 ) ) ;
#616 = EDGE_CURVE ( 'NONE', #2051, #1433, #1528, .T. ) ;
#617 = EDGE_LOOP ( 'NONE', ( #611, #2566, #1789, #881 ) ) ;
#618 = DIRECTION ( 'NONE',  ( -0.1593568374122680265, -0.9872210483827622562, 0.000000000000000000 ) ) ;
#619 = FACE_BOUND ( 'NONE', #337, .T. ) ;
#620 = DIRECTION ( 'NONE',  ( 1.624716621402670044E-16, 1.733695168687340012E-31, 1.000000000000000000 ) ) ;
#621 = VERTEX_POINT ( 'NONE', #3127 ) ;
#622 = ORIENTED_EDGE ( 'NONE', *, *, #3570, .T. ) ;
#623 = ORIENTED_EDGE ( 'NONE', *, *, #2144, .T. ) ;
#624 = EDGE_CURVE ( 'NONE', #621, #799, #5115, .T. ) ;
#625 = DIRECTION ( 'NONE',  ( -1.000000000000000000, 0.000000000000000000, 0.000000000000000000 ) ) ;
#626 = CARTESIAN_POINT ( 'NONE',  ( -0.02899772056146423388, -0.06441574554069344483, 0.01925476831941651951 ) ) ;
#627 = CARTESIAN_POINT ( 'NONE',  ( 0.03714647796818187908, -0.006717995568469292515, 0.01583131202449769570 ) ) ;
#628 = ADVANCED_FACE ( 'NONE', ( #4697 ), #5133, .F. ) ;
#629 = VERTEX_POINT ( 'NONE', #2754 ) ;
#630 = CARTESIAN_POINT ( 'NONE',  ( 0.01370658284827240038, 0.01451606892515669954, 0.01533333333333330127 ) ) ;
#631 = LINE ( 'NONE', #3177, #770 ) ;
#632 = CARTESIAN_POINT ( 'NONE',  ( 0.008578597499945729218, -0.03676182421324890315, 0.03533333333333329995 ) ) ;
#633 = CARTESIAN_POINT ( 'NONE',  ( -0.03744498850721469235, -0.05544582730245065788, 0.02523102114974911520 ) ) ;
#634 = AXIS2_PLACEMENT_3D ( 'NONE', #1806, #4982, #945 ) ;
#635 = CARTESIAN_POINT ( 'NONE',  ( -0.07225078231024960329, -0.006277465638260160304, 0.01533333333333330127 ) ) ;
#636 = EDGE_LOOP ( 'NONE', ( #3526, #623, #1892, #3018, #498, #2523, #5106, #5156, #2413 ) ) ;
#637 = CYLINDRICAL_SURFACE ( 'NONE', #3665, 0.002666666666666660940 ) ;
#638 = CIRCLE ( 'NONE', #4303, 0.002666666666666665710 ) ;
#639 = CARTESIAN_POINT ( 'NONE',  ( 0.01851045429077399079, 0.004386453963828500745, 0.02642736487088171229 ) ) ;
#640 = CARTESIAN_POINT ( 'NONE',  ( 0.03570541278821669218, 0.0007064387135240119981, 0.01561788373922295969 ) ) ;
#641 = CARTESIAN_POINT ( 'NONE',  ( 0.003577019649044704992, -0.05280903311826012220, 0.02971533699579446616 ) ) ;
#642 = EDGE_LOOP ( 'NONE', ( #1963, #258, #2292, #2981, #1522 ) ) ;
#643 = DIRECTION ( 'NONE',  ( -1.000000000000000000, 0.000000000000000000, 0.000000000000000000 ) ) ;
#644 = ADVANCED_FACE ( 'NONE', ( #1523 ), #4668, .F. ) ;
#645 = AXIS2_PLACEMENT_3D ( 'NONE', #3042, #3935, #1008 ) ;
#646 = CARTESIAN_POINT ( 'NONE',  ( 0.01808814190520603021, 0.006818306849575492962, 0.02467926933557716695 ) ) ;
#647 = DIRECTION ( 'NONE',  ( -1.000000000000000000, 0.000000000000000000, 0.000000000000000000 ) ) ;
#648 = ORIENTED_EDGE ( 'NONE', *, *, #3575, .T. ) ;
#649 = CIRCLE ( 'NONE', #3553, 0.002666666666666662241 ) ;
#650 = ORIENTED_EDGE ( 'NONE', *, *, #198, .F. ) ;
#651 = ORIENTED_EDGE ( 'NONE', *, *, #2769, .T. ) ;
#652 = ORIENTED_EDGE ( 'NONE', *, *, #3872, .F. ) ;
#653 = DIRECTION ( 'NONE',  ( 0.000000000000000000, 0.000000000000000000, 1.000000000000000000 ) ) ;
#654 = DIRECTION ( 'NONE',  ( -0.000000000000000000, -0.000000000000000000, -1.000000000000000000 ) ) ;
#655 = VECTOR ( 'NONE', #2435, 1.000000000000000000 ) ;
#656 = CARTESIAN_POINT ( 'NONE',  ( -0.006087399514097747294, -0.06326267163730164844, 0.02025202404609891677 ) ) ;
#657 = VECTOR ( 'NONE', #690, 1.000000000000000000 ) ;
#658 = ORIENTED_EDGE ( 'NONE', *, *, #3688, .F. ) ;
#659 = CARTESIAN_POINT ( 'NONE',  ( 0.001716097499945689860, 0.01038817578675120014, 0.03533333333333329995 ) ) ;
#660 = FACE_BOUND ( 'NONE', #3726, .T. ) ;
#661 = CARTESIAN_POINT ( 'NONE',  ( 0.02341803125510464462, -0.01847802134643348679, 0.03005737830087266971 ) ) ;
#662 = CARTESIAN_POINT ( 'NONE',  ( -0.03738411280420544935, -0.05564157227925714544, 0.02499141014241149789 ) ) ;
#663 = EDGE_CURVE ( 'NONE', #2544, #991, #4509, .T. ) ;
#664 = CARTESIAN_POINT ( 'NONE',  ( -0.02972991888345890080, -0.1256818337813389863, 0.01533333333333330127 ) ) ;
#665 = ORIENTED_EDGE ( 'NONE', *, *, #4483, .T. ) ;
#666 = ORIENTED_EDGE ( 'NONE', *, *, #4095, .F. ) ;
#667 = CARTESIAN_POINT ( 'NONE',  ( -0.05278263781570592672, 0.008180644042212935341, 0.02337603653661502606 ) ) ;
#668 = CARTESIAN_POINT ( 'NONE',  ( -0.06073262061271610113, -0.007062223195191360756, 0.01533333333333330127 ) ) ;
#669 = DIRECTION ( 'NONE',  ( 0.000000000000000000, 0.000000000000000000, 1.000000000000000000 ) ) ;
#670 = ADVANCED_FACE ( 'NONE', ( #4270 ), #612, .F. ) ;
#671 = DIRECTION ( 'NONE',  ( 0.000000000000000000, 0.000000000000000000, 1.000000000000000000 ) ) ;
#672 = AXIS2_PLACEMENT_3D ( 'NONE', #3586, #2345, #1552 ) ;
#673 = VERTEX_POINT ( 'NONE', #5107 ) ;
#674 = FACE_OUTER_BOUND ( 'NONE', #4898, .T. ) ;
#675 = FACE_BOUND ( 'NONE', #4143, .T. ) ;
#676 = AXIS2_PLACEMENT_3D ( 'NONE', #1193, #2417, #2017 ) ;
#677 = CARTESIAN_POINT ( 'NONE',  ( -0.01728890371317540198, -0.1381228489526480085, 0.01533333333333330127 ) ) ;
#678 = EDGE_CURVE ( 'NONE', #4069, #3284, #1036, .T. ) ;
#679 = ORIENTED_EDGE ( 'NONE', *, *, #4367, .T. ) ;
#680 = ORIENTED_EDGE ( 'NONE', *, *, #2635, .F. ) ;
#681 = CIRCLE ( 'NONE', #3160, 0.002666666666666662241 ) ;
#682 = AXIS2_PLACEMENT_3D ( 'NONE', #35, #3258, #2070 ) ;
#683 = DIRECTION ( 'NONE',  ( 0.000000000000000000, 0.000000000000000000, -1.000000000000000000 ) ) ;
#684 = DIRECTION ( 'NONE',  ( -0.1593568374124310072, -0.9872210483827359440, 0.000000000000000000 ) ) ;
#685 = DIRECTION ( 'NONE',  ( 0.000000000000000000, 0.000000000000000000, -1.000000000000000000 ) ) ;
#686 = CARTESIAN_POINT ( 'NONE',  ( 0.02814466930225092631, -0.01404985285297570725, 0.02147471347594425220 ) ) ;
#687 = DIRECTION ( 'NONE',  ( 0.000000000000000000, 0.000000000000000000, -1.000000000000000000 ) ) ;
#688 = CARTESIAN_POINT ( 'NONE',  ( 0.006291097499945660226, -0.04133682421324889888, 0.003000000000000000062 ) ) ;
#689 = CARTESIAN_POINT ( 'NONE',  ( -0.03729593839882226758, -0.05595338707086100483, 0.02461263596247732777 ) ) ;
#690 = DIRECTION ( 'NONE',  ( 0.000000000000000000, 0.000000000000000000, -1.000000000000000000 ) ) ;
#691 = B_SPLINE_CURVE_WITH_KNOTS ( 'NONE', 3,
 ( #1765, #551, #976, #4968, #4163, #4614, #579, #2562, #147, #5021, #2911, #2210, #1790, #3424, #2610, #3395, #3742, #4535, #2133, #954 ),
 .UNSPECIFIED., .F., .F.,
 ( 4, 2, 2, 2, 2, 1, 2, 2, 1, 2, 4 ),
 ( 0.000000000000000000, 0.1750784479224376522, 0.3501568958448753044, 0.4376961198060953517, 0.4814657317867053199, 0.4924081347818580201, 0.4978793362794346478, 0.5006149370282230171, 0.5033505377770113309, 0.5252353437673141778, 0.7003137916897372861 ),
 .UNSPECIFIED. ) ;
#692 = ORIENTED_EDGE ( 'NONE', *, *, #5154, .T. ) ;
#693 = ORIENTED_EDGE ( 'NONE', *, *, #3052, .F. ) ;
#694 = CARTESIAN_POINT ( 'NONE',  ( -0.03491898276068319817, -0.07052024811510841651, 0.01581260907425524956 ) ) ;
#695 = CARTESIAN_POINT ( 'NONE',  ( 0.01812890469901322008, 0.006045686837460611043, 0.02534763583340812754 ) ) ;
#696 = ADVANCED_FACE ( 'NONE', ( #2264 ), #637, .F. ) ;
#697 = FACE_OUTER_BOUND ( 'NONE', #3598, .T. ) ;
#698 = FACE_OUTER_BOUND ( 'NONE', #3111, .T. ) ;
#699 = ORIENTED_EDGE ( 'NONE', *, *, #313, .T. ) ;
#700 = EDGE_CURVE ( 'NONE', #1479, #3929, #4858, .T. ) ;
#701 = CYLINDRICAL_SURFACE ( 'NONE', #1702, 0.04282794805387679649 ) ;
#702 = CARTESIAN_POINT ( 'NONE',  ( 0.01835001087902640715, 0.008744902274184181146, 0.02280380460962344938 ) ) ;
#703 = FACE_OUTER_BOUND ( 'NONE', #1274, .T. ) ;
#704 = VERTEX_POINT ( 'NONE', #2318 ) ;
#705 = ORIENTED_EDGE ( 'NONE', *, *, #2443, .F. ) ;
#706 = ORIENTED_EDGE ( 'NONE', *, *, #2137, .F. ) ;
#707 = CARTESIAN_POINT ( 'NONE',  ( -0.04314640250005419980, 0.001238175786751180042, 0.03533333333333329995 ) ) ;
#708 = EDGE_CURVE ( 'NONE', #1546, #4991, #2927, .T. ) ;
#709 = CYLINDRICAL_SURFACE ( 'NONE', #549, 0.03333333333333329818 ) ;
#710 = CARTESIAN_POINT ( 'NONE',  ( -0.04680077210550773192, 0.005813175786751299812, 0.003000000000000000062 ) ) ;
#711 = EDGE_CURVE ( 'NONE', #4820, #94, #502, .T. ) ;
#712 = CARTESIAN_POINT ( 'NONE',  ( -0.1127028717566320032, 0.03620251174752270318, 0.01533333333333330127 ) ) ;
#713 = DIRECTION ( 'NONE',  ( 0.3557208074882370896, 0.9345922678472771139, 0.000000000000000000 ) ) ;
#714 = B_SPLINE_CURVE_WITH_KNOTS ( 'NONE', 3,
 ( #3831, #5104, #4716, #4347, #2234, #689, #1488, #1793, #226, #3122, #256, #662, #3880, #1895, #4637, #633, #979, #4748, #2259, #149, #3425, #1816, #2723, #196, #1054, #1867, #1437, #1839, #2644, #5052, #3072, #4694, #3524, #1032, #1386, #1466, #1084, #3501, #2667, #5151, #607, #3015 ),
 .UNSPECIFIED., .F., .F.,
 ( 4, 2, 2, 2, 1, 1, 1, 1, 2, 2, 2, 2, 1, 1, 1, 1, 2, 2, 2, 2, 1, 1, 1, 1, 2, 2, 4 ),
 ( 0.000000000000000000, 0.1249999999998536171, 0.1874999999997799816, 0.2187499999997437605, 0.2343749999997252198, 0.2421874999997160327, 0.2460937499997112587, 0.2480468749997084832, 0.2490234374997080669, 0.2499999999997076228, 0.3749999999996184719, 0.4374999999995727862, 0.4687499999995494160, 0.4843749999995390354, 0.4921874999995338174, 0.4960937499995319855, 0.4980468749995330957, 0.4999999999995341504, 0.6249999999996501687, 0.6874999999997076783, 0.7187499999997372102, 0.7343749999997530864, 0.7421874999997610800, 0.7460937499997650768, 0.7480468749997679634, 0.7499999999997707389, 1.000000000000000000 ),
 .UNSPECIFIED. ) ;
#715 = CYLINDRICAL_SURFACE ( 'NONE', #904, 0.002666666666666660940 ) ;
#716 = CARTESIAN_POINT ( 'NONE',  ( 0.06617438331510140659, 0.02880026209783720023, 0.01533333333333330127 ) ) ;
#717 = ORIENTED_EDGE ( 'NONE', *, *, #3283, .T. ) ;
#718 = ORIENTED_EDGE ( 'NONE', *, *, #1855, .F. ) ;
#719 = CARTESIAN_POINT ( 'NONE',  ( -0.05279649213170051203, 0.008250199254174167551, 0.02330649973267129305 ) ) ;
#720 = CARTESIAN_POINT ( 'NONE',  ( 0.01928415700270571034, 0.002842355792883769893, 0.02667015469514885315 ) ) ;
#721 = DIRECTION ( 'NONE',  ( -1.000000000000000000, 0.000000000000000000, 0.000000000000000000 ) ) ;
#722 = CARTESIAN_POINT ( 'NONE',  ( -0.04085890250005419500, 0.005813175786751299812, -0.002000000000000000042 ) ) ;
#723 = EDGE_CURVE ( 'NONE', #858, #852, #1355, .T. ) ;
#724 = CIRCLE ( 'NONE', #4824, 0.002874999999999999951 ) ;
#725 = ORIENTED_EDGE ( 'NONE', *, *, #2060, .T. ) ;
#726 = LINE ( 'NONE', #3134, #3410 ) ;
#727 = DIRECTION ( 'NONE',  ( 1.000000000000000000, 0.000000000000000000, 0.000000000000000000 ) ) ;
#728 = AXIS2_PLACEMENT_3D ( 'NONE', #614, #2733, #1845 ) ;
#729 = DIRECTION ( 'NONE',  ( -0.9921571787660040664, -0.1249965304441823244, 0.000000000000000000 ) ) ;
#730 = ADVANCED_FACE ( 'NONE', ( #1603, #360, #800 ), #5256, .F. ) ;
#731 = ORIENTED_EDGE ( 'NONE', *, *, #1747, .T. ) ;
#732 = ORIENTED_EDGE ( 'NONE', *, *, #2526, .T. ) ;
#733 = DIRECTION ( 'NONE',  ( 0.000000000000000000, 0.000000000000000000, -1.000000000000000000 ) ) ;
#734 = CIRCLE ( 'NONE', #4397, 0.002666666666666662674 ) ;
#735 = CARTESIAN_POINT ( 'NONE',  ( -0.06638130952995145717, -0.01105930168598821123, 0.01827740444513849954 ) ) ;
#736 = CARTESIAN_POINT ( 'NONE',  ( -0.01128390250005419961, 0.01608689572003640239, 0.03533333333333329995 ) ) ;
#737 = CIRCLE ( 'NONE', #473, 0.002875000000000002554 ) ;
#738 = CIRCLE ( 'NONE', #3301, 0.001960000000000003406 ) ;
#739 = CARTESIAN_POINT ( 'NONE',  ( -0.007264666337483204929, -0.06238569243674824821, 0.02130819693823346808 ) ) ;
#740 = ORIENTED_EDGE ( 'NONE', *, *, #2759, .T. ) ;
#741 = FACE_OUTER_BOUND ( 'NONE', #2753, .T. ) ;
#742 = AXIS2_PLACEMENT_3D ( 'NONE', #1660, #1256, #2819 ) ;
#743 = PLANE ( 'NONE',  #1016 ) ;
#744 = CARTESIAN_POINT ( 'NONE',  ( 0.01632392695037602343, 0.01365152048185484107, 0.02105004693662060333 ) ) ;
#745 = CARTESIAN_POINT ( 'NONE',  ( -0.04827310018168137068, 0.02165049976691095501, 0.01793348927418110528 ) ) ;
#746 = CIRCLE ( 'NONE', #1426, 0.002666666666666657037 ) ;
#747 = ADVANCED_FACE ( 'NONE', ( #4042 ), #2835, .T. ) ;
#748 = VECTOR ( 'NONE', #654, 1.000000000000000000 ) ;
#749 = VERTEX_POINT ( 'NONE', #2424 ) ;
#750 = ORIENTED_EDGE ( 'NONE', *, *, #3411, .T. ) ;
#751 = CARTESIAN_POINT ( 'NONE',  ( -0.01728390250005419973, -0.01776182421324879954, -0.002000000000000000042 ) ) ;
#752 = CARTESIAN_POINT ( 'NONE',  ( 0.01818387406856164859, 0.005647119292647770523, 0.02565876334245769178 ) ) ;
#753 = CARTESIAN_POINT ( 'NONE',  ( 0.01632219460655862792, 0.01367331499300261134, 0.02103544022130792585 ) ) ;
#754 = DIRECTION ( 'NONE',  ( -1.000000000000000000, 0.000000000000000000, 0.000000000000000000 ) ) ;
#755 = ORIENTED_EDGE ( 'NONE', *, *, #1034, .T. ) ;
#756 = DIRECTION ( 'NONE',  ( 0.000000000000000000, 0.000000000000000000, 1.000000000000000000 ) ) ;
#757 = DIRECTION ( 'NONE',  ( 0.000000000000000000, 0.000000000000000000, 1.000000000000000000 ) ) ;
#758 = CYLINDRICAL_SURFACE ( 'NONE', #742, 0.002666666666666659205 ) ;
#759 = VECTOR ( 'NONE', #1210, 1.000000000000000000 ) ;
#760 = ORIENTED_EDGE ( 'NONE', *, *, #3803, .F. ) ;
#761 = ORIENTED_EDGE ( 'NONE', *, *, #4491, .F. ) ;
#762 = ORIENTED_EDGE ( 'NONE', *, *, #2921, .T. ) ;
#763 = AXIS2_PLACEMENT_3D ( 'NONE', #3286, #2482, #3262 ) ;
#764 = CARTESIAN_POINT ( 'NONE',  ( -0.06344017616837942242, -0.004610700013525660321, 0.01933850287308752289 ) ) ;
#765 = AXIS2_PLACEMENT_3D ( 'NONE', #2319, #1524, #2732 ) ;
#766 = CARTESIAN_POINT ( 'NONE',  ( 0.01724241550661743949, 0.01569205392044760450, 0.01927669653811948242 ) ) ;
#767 = DIRECTION ( 'NONE',  ( -1.000000000000000000, 0.000000000000000000, 0.000000000000000000 ) ) ;
#768 = VERTEX_POINT ( 'NONE', #5232 ) ;
#769 = VECTOR ( 'NONE', #1137, 1.000000000000000000 ) ;
#770 = VECTOR ( 'NONE', #3578, 1.000000000000000000 ) ;
#772 = ADVANCED_FACE ( 'NONE', ( #4838 ), #4855, .F. ) ;
#771 = FACE_OUTER_BOUND ( 'NONE', #642, .T. ) ;
#773 = DIRECTION ( 'NONE',  ( 1.000000000000000000, 0.000000000000000000, 0.000000000000000000 ) ) ;
#774 = VECTOR ( 'NONE', #2391, 1.000000000000000000 ) ;
#775 = DIRECTION ( 'NONE',  ( 0.000000000000000000, 0.000000000000000000, -1.000000000000000000 ) ) ;
#776 = ORIENTED_EDGE ( 'NONE', *, *, #52, .T. ) ;
#777 = VERTEX_POINT ( 'NONE', #3238 ) ;
#778 = CARTESIAN_POINT ( 'NONE',  ( -0.03652481848385352031, -0.06056409480464566147, 0.02019626424244667928 ) ) ;
#779 = CARTESIAN_POINT ( 'NONE',  ( 0.02024287070338320199, 0.001678848862680057960, 0.02609121992445741917 ) ) ;
#780 = EDGE_CURVE ( 'NONE', #4113, #1710, #4593, .T. ) ;
#781 = DIRECTION ( 'NONE',  ( 0.000000000000000000, 0.000000000000000000, -1.000000000000000000 ) ) ;
#782 = EDGE_CURVE ( 'NONE', #385, #3414, #2860, .T. ) ;
#783 = CARTESIAN_POINT ( 'NONE',  ( -0.04144228082446910905, -0.05037722027952590276, 0.03051805854610302807 ) ) ;
#784 = ORIENTED_EDGE ( 'NONE', *, *, #2111, .F. ) ;
#785 = CARTESIAN_POINT ( 'NONE',  ( -0.05669999257088406686, 0.0003442817304652429186, 0.02421175921395883959 ) ) ;
#786 = CYLINDRICAL_SURFACE ( 'NONE', #978, 0.01244101517130729792 ) ;
#787 = DIRECTION ( 'NONE',  ( -1.000000000000000000, 0.000000000000000000, 0.000000000000000000 ) ) ;
#788 = VERTEX_POINT ( 'NONE', #4063 ) ;
#789 = EDGE_LOOP ( 'NONE', ( #1921, #1344, #1829, #5072 ) ) ;
#790 = DIRECTION ( 'NONE',  ( -0.000000000000000000, -0.000000000000000000, 1.000000000000000000 ) ) ;
#791 = CARTESIAN_POINT ( 'NONE',  ( 0.01086609749994579995, -0.01776182421324879954, 0.007333333333333339268 ) ) ;
#792 = LINE ( 'NONE', #300, #1417 ) ;
#793 = EDGE_CURVE ( 'NONE', #3756, #4994, #2374, .T. ) ;
#794 = DIRECTION ( 'NONE',  ( 0.000000000000000000, 0.000000000000000000, -1.000000000000000000 ) ) ;
#795 = CARTESIAN_POINT ( 'NONE',  ( -0.06264472424169480191, -0.002064822877712970024, 0.01533333333333330127 ) ) ;
#796 = CARTESIAN_POINT ( 'NONE',  ( -0.04332452577149937395, 0.01976699297398706867, 0.02137291388381327290 ) ) ;
#797 = EDGE_CURVE ( 'NONE', #4786, #4886, #75, .T. ) ;
#798 = ORIENTED_EDGE ( 'NONE', *, *, #1180, .T. ) ;
#799 = VERTEX_POINT ( 'NONE', #2402 ) ;
#800 = FACE_BOUND ( 'NONE', #3201, .T. ) ;
#801 = CARTESIAN_POINT ( 'NONE',  ( 0.02208710347524658543, 0.0003647215941169327136, 0.02426229967598722559 ) ) ;
#802 = CARTESIAN_POINT ( 'NONE',  ( 0.07618006796862089591, 0.03619384939407049862, 0.01533333333333330127 ) ) ;
#803 = CARTESIAN_POINT ( 'NONE',  ( -0.0001102462156471743538, -0.07336194158622100225, 0.01533333333333329780 ) ) ;
#804 = VERTEX_POINT ( 'NONE', #4404 ) ;
#805 = CARTESIAN_POINT ( 'NONE',  ( -0.05096513236952018855, 0.01430369778146852247, 0.02057339593412069526 ) ) ;
#806 = DIRECTION ( 'NONE',  ( 0.000000000000000000, 0.000000000000000000, -1.000000000000000000 ) ) ;
#807 = FACE_OUTER_BOUND ( 'NONE', #3700, .T. ) ;
#808 = EDGE_CURVE ( 'NONE', #525, #2051, #244, .T. ) ;
#809 = VECTOR ( 'NONE', #4525, 1.000000000000000000 ) ;
#810 = ADVANCED_FACE ( 'NONE', ( #1978 ), #3208, .F. ) ;
#811 = VERTEX_POINT ( 'NONE', #2583 ) ;
#812 = VERTEX_POINT ( 'NONE', #120 ) ;
#813 = DIRECTION ( 'NONE',  ( 1.000000000000000000, -1.826024711554529969E-16, 0.000000000000000000 ) ) ;
#814 = AXIS2_PLACEMENT_3D ( 'NONE', #4724, #4644, #1445 ) ;
#815 = LINE ( 'NONE', #3702, #2515 ) ;
#816 = CARTESIAN_POINT ( 'NONE',  ( -0.02128753111140550131, 0.01137935934509560001, 0.01533333333333330127 ) ) ;
#817 = EDGE_LOOP ( 'NONE', ( #4363, #4854, #1170, #3996 ) ) ;
#818 = DIRECTION ( 'NONE',  ( 0.000000000000000000, 0.000000000000000000, -1.000000000000000000 ) ) ;
#819 = CARTESIAN_POINT ( 'NONE',  ( -0.008197493549046199271, -0.06489394884581500822, -0.002000000000000000042 ) ) ;
#820 = AXIS2_PLACEMENT_3D ( 'NONE', #3334, #87, #489 ) ;
#821 = CIRCLE ( 'NONE', #3819, 0.004575000000000000941 ) ;
#822 = DIRECTION ( 'NONE',  ( -1.000000000000000000, 0.000000000000000000, 0.000000000000000000 ) ) ;
#823 = VECTOR ( 'NONE', #4122, 1.000000000000000000 ) ;
#824 = ORIENTED_EDGE ( 'NONE', *, *, #2015, .T. ) ;
#825 = ORIENTED_EDGE ( 'NONE', *, *, #3792, .F. ) ;
#826 = DIRECTION ( 'NONE',  ( -1.000000000000000000, 0.000000000000000000, 0.000000000000000000 ) ) ;
#827 = CARTESIAN_POINT ( 'NONE',  ( 0.02185165075649659130, 0.0004866481189229579138, 0.02451026817614130812 ) ) ;
#828 = EDGE_CURVE ( 'NONE', #4486, #1856, #1191, .T. ) ;
#829 = FACE_OUTER_BOUND ( 'NONE', #443, .T. ) ;
#830 = VECTOR ( 'NONE', #4319, 1.000000000000000000 ) ;
#831 = DIRECTION ( 'NONE',  ( 0.000000000000000000, 0.000000000000000000, -1.000000000000000000 ) ) ;
#832 = ORIENTED_EDGE ( 'NONE', *, *, #325, .F. ) ;
#833 = CARTESIAN_POINT ( 'NONE',  ( -0.05622901439815944369, 0.0005973962335176070905, 0.02470852137282671807 ) ) ;
#834 = ADVANCED_FACE ( 'NONE', ( #3855 ), #4635, .F. ) ;
#835 = CARTESIAN_POINT ( 'NONE',  ( -0.04085890250005420193, -0.04133682421324889888, 0.003000000000000000062 ) ) ;
#836 = PLANE ( 'NONE',  #4918 ) ;
#837 = ORIENTED_EDGE ( 'NONE', *, *, #558, .F. ) ;
#838 = ORIENTED_EDGE ( 'NONE', *, *, #1795, .T. ) ;
#839 = DIRECTION ( 'NONE',  ( 0.000000000000000000, 0.000000000000000000, -1.000000000000000000 ) ) ;
#840 = CARTESIAN_POINT ( 'NONE',  ( 0.01695371642033993015, 0.01539506071456942481, 0.01959276546695430318 ) ) ;
#841 = EDGE_CURVE ( 'NONE', #4030, #530, #2533, .T. ) ;
#842 = CARTESIAN_POINT ( 'NONE',  ( 0.01645157025667040238, 0.01284259096236560829, 0.02150247399723884123 ) ) ;
#843 = ORIENTED_EDGE ( 'NONE', *, *, #3688, .T. ) ;
#844 = AXIS2_PLACEMENT_3D ( 'NONE', #1658, #2460, #4844 ) ;
#845 = AXIS2_PLACEMENT_3D ( 'NONE', #977, #4190, #1330 ) ;
#846 = DIRECTION ( 'NONE',  ( 0.000000000000000000, 0.000000000000000000, -1.000000000000000000 ) ) ;
#847 = CARTESIAN_POINT ( 'NONE',  ( 0.004853763681934090447, 0.01828071109808199896, 0.02602487012860970131 ) ) ;
#848 = VECTOR ( 'NONE', #794, 1.000000000000000000 ) ;
#849 = CIRCLE ( 'NONE', #3848, 0.04000000000000002165 ) ;
#850 = FACE_OUTER_BOUND ( 'NONE', #4799, .T. ) ;
#851 = ORIENTED_EDGE ( 'NONE', *, *, #3391, .T. ) ;
#852 = VERTEX_POINT ( 'NONE', #4559 ) ;
#853 = VECTOR ( 'NONE', #846, 1.000000000000000000 ) ;
#854 = DIRECTION ( 'NONE',  ( 0.000000000000000000, 0.000000000000000000, -1.000000000000000000 ) ) ;
#855 = CARTESIAN_POINT ( 'NONE',  ( 0.02234043870476587826, 0.0002451124331862550082, 0.02399559569526686989 ) ) ;
#856 = DIRECTION ( 'NONE',  ( -1.000000000000000000, 0.000000000000000000, 0.000000000000000000 ) ) ;
#857 = DIRECTION ( 'NONE',  ( 0.000000000000000000, 0.000000000000000000, -1.000000000000000000 ) ) ;
#858 = VERTEX_POINT ( 'NONE', #1711 ) ;
#859 = CARTESIAN_POINT ( 'NONE',  ( -0.05100143784119520740, 0.01443742705107654671, 0.02046580724872867560 ) ) ;
#860 = CARTESIAN_POINT ( 'NONE',  ( -0.03728390250005420015, -0.01776182421324879607, -0.002000000000000000042 ) ) ;
#861 = DIRECTION ( 'NONE',  ( 0.000000000000000000, 0.000000000000000000, 1.000000000000000000 ) ) ;
#862 = DIRECTION ( 'NONE',  ( -0.9202491198784975568, 0.3913330517127969199, 0.000000000000000000 ) ) ;
#863 = EDGE_CURVE ( 'NONE', #811, #243, #691, .T. ) ;
#864 = ORIENTED_EDGE ( 'NONE', *, *, #1164, .F. ) ;
#865 = VERTEX_POINT ( 'NONE', #3344 ) ;
#866 = CARTESIAN_POINT ( 'NONE',  ( -0.01868909580902789955, -0.1133198630410190005, -0.002000000000000000042 ) ) ;
#867 = CARTESIAN_POINT ( 'NONE',  ( 0.01713351884548711818, 0.01559310405282612021, 0.01938637010562868287 ) ) ;
#868 = DIRECTION ( 'NONE',  ( -0.1592328779843130981, 0.9872410498803384504, 0.000000000000000000 ) ) ;
#869 = CARTESIAN_POINT ( 'NONE',  ( 0.000000000000000000, 0.000000000000000000, 0.000000000000000000 ) ) ;
#870 = ORIENTED_EDGE ( 'NONE', *, *, #4498, .F. ) ;
#871 = ADVANCED_FACE ( 'NONE', ( #3798, #1680, #499 ), #899, .F. ) ;
#872 = CARTESIAN_POINT ( 'NONE',  ( 0.02746023474826058547, -0.004661207686983913009, 0.02046580724872837723 ) ) ;
#873 = DIRECTION ( 'NONE',  ( 0.000000000000000000, 0.000000000000000000, -1.000000000000000000 ) ) ;
#874 = CARTESIAN_POINT ( 'NONE',  ( -0.04373390250005420449, -0.04133682421324889888, 0.03533333333333329995 ) ) ;
#875 = VERTEX_POINT ( 'NONE', #4189 ) ;
#876 = ORIENTED_EDGE ( 'NONE', *, *, #3477, .F. ) ;
#877 = DIRECTION ( 'NONE',  ( -1.000000000000000000, 0.000000000000000000, 0.000000000000000000 ) ) ;
#878 = DIRECTION ( 'NONE',  ( -0.1592328779841129804, 0.9872410498803707579, 0.000000000000000000 ) ) ;
#879 = LINE ( 'NONE', #4589, #295 ) ;
#880 = CARTESIAN_POINT ( 'NONE',  ( -0.06848233854769970874, 0.01935593044841529831, 0.01533333333333330127 ) ) ;
#881 = ORIENTED_EDGE ( 'NONE', *, *, #4427, .T. ) ;
#882 = CARTESIAN_POINT ( 'NONE',  ( -0.05265453586579811607, 0.006707176147272680619, 0.02478259847111344283 ) ) ;
#883 = CARTESIAN_POINT ( 'NONE',  ( -0.06259017256440581323, -0.01414792584054118917, 0.02161068852860906914 ) ) ;
#884 = DIRECTION ( 'NONE',  ( 0.3557208074882370896, 0.9345922678472771139, 0.000000000000000000 ) ) ;
#885 = CARTESIAN_POINT ( 'NONE',  ( 0.008271819195084838608, 0.01958118651845570587, 0.02182447549772204357 ) ) ;
#886 = ORIENTED_EDGE ( 'NONE', *, *, #1164, .T. ) ;
#887 = ORIENTED_EDGE ( 'NONE', *, *, #3734, .T. ) ;
#888 = CARTESIAN_POINT ( 'NONE',  ( -0.04085890250005420193, 0.001238175786751180042, 0.03533333333333329995 ) ) ;
#889 = CARTESIAN_POINT ( 'NONE',  ( -0.01893267001770939859, -0.1336926308568330002, -0.009666666666666660218 ) ) ;
#890 = EDGE_CURVE ( 'NONE', #236, #4161, #1384, .T. ) ;
#891 = CARTESIAN_POINT ( 'NONE',  ( -0.02637256721889180006, -0.06489351390960140797, -0.002000000000000000042 ) ) ;
#892 = CARTESIAN_POINT ( 'NONE',  ( -0.03942146225569340134, 0.01828142439688169862, 0.02602382026951199911 ) ) ;
#893 = EDGE_LOOP ( 'NONE', ( #975, #665 ) ) ;
#894 = LINE ( 'NONE', #1351, #4604 ) ;
#895 = CARTESIAN_POINT ( 'NONE',  ( -0.02841713560511186301, -0.06317840408289519816, 0.02034157581013374544 ) ) ;
#896 = CARTESIAN_POINT ( 'NONE',  ( -0.05913931428509219823, -0.0003481624667794019738, 0.01533333333333330127 ) ) ;
#897 = EDGE_LOOP ( 'NONE', ( #2964, #1678, #1808, #4124, #4585, #4279, #3610, #2480, #2975, #2946, #4893, #604, #1922, #2450, #3485, #1987, #2573, #2168, #2504, #3765, #4029, #405, #1613, #4287, #718, #5220, #905 ) ) ;
#898 = ORIENTED_EDGE ( 'NONE', *, *, #2792, .T. ) ;
#899 = PLANE ( 'NONE',  #1616 ) ;
#900 = DIRECTION ( 'NONE',  ( 0.000000000000000000, 0.000000000000000000, -1.000000000000000000 ) ) ;
#901 = CARTESIAN_POINT ( 'NONE',  ( -0.09689220485723470944, 0.03016918124444279911, 0.01533333333333330127 ) ) ;
#902 = DIRECTION ( 'NONE',  ( 0.000000000000000000, 0.000000000000000000, -1.000000000000000000 ) ) ;
#903 = ADVANCED_FACE ( 'NONE', ( #2158 ), #4587, .F. ) ;
#904 = AXIS2_PLACEMENT_3D ( 'NONE', #3730, #62, #1548 ) ;
#905 = ORIENTED_EDGE ( 'NONE', *, *, #1022, .T. ) ;
#906 = CARTESIAN_POINT ( 'NONE',  ( -0.05265960337352922765, 0.006514391343941564917, 0.02495426054130641183 ) ) ;
#907 = CYLINDRICAL_SURFACE ( 'NONE', #3581, 0.005941869605453536929 ) ;
#908 = AXIS2_PLACEMENT_3D ( 'NONE', #5083, #285, #1472 ) ;
#909 = DIRECTION ( 'NONE',  ( -1.000000000000000000, 0.000000000000000000, 0.000000000000000000 ) ) ;
#910 = CARTESIAN_POINT ( 'NONE',  ( 0.008546199150776969886, 0.01968558048948630332, 0.02156681222636181589 ) ) ;
#911 = VECTOR ( 'NONE', #775, 1.000000000000000000 ) ;
#912 = ORIENTED_EDGE ( 'NONE', *, *, #1415, .T. ) ;
#913 = ORIENTED_EDGE ( 'NONE', *, *, #389, .F. ) ;
#914 = CARTESIAN_POINT ( 'NONE',  ( -0.08441852886595770100, 0.01575403790507350077, 0.01533333333333330127 ) ) ;
#915 = CYLINDRICAL_SURFACE ( 'NONE', #2777, 0.01244101517130730139 ) ;
#916 = DIRECTION ( 'NONE',  ( -1.000000000000000000, 0.000000000000000000, 0.000000000000000000 ) ) ;
#917 = EDGE_LOOP ( 'NONE', ( #4292, #3377, #4773, #3887 ) ) ;
#918 = VERTEX_POINT ( 'NONE', #4136 ) ;
#919 = LINE ( 'NONE', #1320, #1620 ) ;
#920 = CARTESIAN_POINT ( 'NONE',  ( -0.02734742125448843056, -0.06241103864869692458, 0.02128069142425521171 ) ) ;
#921 = CYLINDRICAL_SURFACE ( 'NONE', #1854, 0.005941869605453536929 ) ;
#922 = VECTOR ( 'NONE', #1843, 1.000000000000000000 ) ;
#923 = ADVANCED_FACE ( 'NONE', ( #71 ), #1300, .F. ) ;
#924 = VERTEX_POINT ( 'NONE', #3366 ) ;
#925 = ORIENTED_EDGE ( 'NONE', *, *, #3920, .T. ) ;
#926 = CARTESIAN_POINT ( 'NONE',  ( -0.01728390250005419973, -0.01776182421324879954, 0.02173594796369969842 ) ) ;
#927 = CARTESIAN_POINT ( 'NONE',  ( -0.04256728957917960132, -0.04920026792374229685, -0.002000000000000000042 ) ) ;
#928 = CIRCLE ( 'NONE', #5118, 0.002666666666666662241 ) ;
#929 = VECTOR ( 'NONE', #900, 1.000000000000000000 ) ;
#930 = CARTESIAN_POINT ( 'NONE',  ( 0.02529470968528689870, 0.006818318168941709875, 0.01533333333333330127 ) ) ;
#931 = CYLINDRICAL_SURFACE ( 'NONE', #4750, 0.002666666666666664409 ) ;
#932 = AXIS2_PLACEMENT_3D ( 'NONE', #521, #5043, #2095 ) ;
#933 = AXIS2_PLACEMENT_3D ( 'NONE', #4987, #4583, #4210 ) ;
#934 = VERTEX_POINT ( 'NONE', #4993 ) ;
#935 = CARTESIAN_POINT ( 'NONE',  ( -0.05273914106581537031, 0.007931409610108795458, 0.02362299998307278853 ) ) ;
#936 = EDGE_CURVE ( 'NONE', #934, #4200, #2897, .T. ) ;
#937 = EDGE_CURVE ( 'NONE', #3467, #4113, #4778, .T. ) ;
#938 = LINE ( 'NONE', #1414, #4014 ) ;
#939 = DIRECTION ( 'NONE',  ( 0.000000000000000000, -1.000000000000000000, 0.000000000000000000 ) ) ;
#940 = CARTESIAN_POINT ( 'NONE',  ( 0.008498960329580052334, 0.01966760742684362656, 0.02161068852861167469 ) ) ;
#941 = EDGE_LOOP ( 'NONE', ( #3555, #699, #4766, #3853, #3972, #1087, #1281, #3153, #4630, #4570, #2705, #658, #4696, #3285, #4522, #5204 ) ) ;
#942 = VERTEX_POINT ( 'NONE', #2312 ) ;
#943 = DIRECTION ( 'NONE',  ( 1.000000000000000000, 0.000000000000000000, 0.000000000000000000 ) ) ;
#944 = PRODUCT ( 'base2', 'base2', '', ( #4933 ) ) ;
#945 = DIRECTION ( 'NONE',  ( -1.000000000000000000, 0.000000000000000000, 0.000000000000000000 ) ) ;
#946 = DIRECTION ( 'NONE',  ( -1.000000000000000000, 0.000000000000000000, 0.000000000000000000 ) ) ;
#947 = ORIENTED_EDGE ( 'NONE', *, *, #22, .F. ) ;
#948 = ORIENTED_EDGE ( 'NONE', *, *, #2150, .T. ) ;
#949 = CARTESIAN_POINT ( 'NONE',  ( 0.02702362956957362478, -0.004519191978362591122, 0.02081425325251727923 ) ) ;
#950 = CARTESIAN_POINT ( 'NONE',  ( -0.02828762397727183422, -0.06303774653240019898, 0.02049170903822221390 ) ) ;
#951 = CARTESIAN_POINT ( 'NONE',  ( -0.01728390250005419973, -0.01776182421324879954, 0.02173594796369979903 ) ) ;
#952 = EDGE_CURVE ( 'NONE', #3278, #1754, #253, .T. ) ;
#953 = ORIENTED_EDGE ( 'NONE', *, *, #3114, .T. ) ;
#954 = CARTESIAN_POINT ( 'NONE',  ( -0.05845653134161300779, -0.01776225839870246986, 0.02858652669571642296 ) ) ;
#955 = ORIENTED_EDGE ( 'NONE', *, *, #4910, .T. ) ;
#956 = DIRECTION ( 'NONE',  ( 0.000000000000000000, 0.000000000000000000, -1.000000000000000000 ) ) ;
#957 = DIRECTION ( 'NONE',  ( 0.000000000000000000, 0.000000000000000000, -1.000000000000000000 ) ) ;
#958 = EDGE_CURVE ( 'NONE', #5085, #2656, #928, .T. ) ;
#959 = CARTESIAN_POINT ( 'NONE',  ( -0.04251672148230348919, -0.04925317083716111016, 0.03158984986630273412 ) ) ;
#960 = ORIENTED_EDGE ( 'NONE', *, *, #181, .F. ) ;
#961 = CARTESIAN_POINT ( 'NONE',  ( -0.05265574575197318891, 0.006642081705854176524, 0.02484093409662031099 ) ) ;
#962 = CARTESIAN_POINT ( 'NONE',  ( 0.008578597499945739627, 0.001238175786751180042, 0.03533333333333329995 ) ) ;
#963 = CARTESIAN_POINT ( 'NONE',  ( -0.01728140189400539928, -0.04407298263178369840, 0.007333333333333339268 ) ) ;
#964 = DIRECTION ( 'NONE',  ( 0.9346369257563709176, 0.3556034547254569578, 0.000000000000000000 ) ) ;
#965 = VERTEX_POINT ( 'NONE', #3546 ) ;
#966 = ORIENTED_EDGE ( 'NONE', *, *, #4320, .T. ) ;
#967 = DIRECTION ( 'NONE',  ( 1.000000000000000000, 0.000000000000000000, 0.000000000000000000 ) ) ;
#968 = CARTESIAN_POINT ( 'NONE',  ( 0.02499924630905669964, -0.01661175939213460281, 0.01533333333333330127 ) ) ;
#969 = CARTESIAN_POINT ( 'NONE',  ( 0.07814006796862089932, 0.03619384939407049862, 0.01533333333333330127 ) ) ;
#970 = EDGE_CURVE ( 'NONE', #3545, #1435, #3248, .T. ) ;
#971 = ORIENTED_EDGE ( 'NONE', *, *, #1795, .F. ) ;
#972 = CYLINDRICAL_SURFACE ( 'NONE', #1361, 0.004575000000000000074 ) ;
#973 = DIRECTION ( 'NONE',  ( -1.000000000000000000, 0.000000000000000000, 0.000000000000000000 ) ) ;
#974 = CARTESIAN_POINT ( 'NONE',  ( 0.03791530456013274958, -0.006091796205884400690, 0.01565022886407431424 ) ) ;
#975 = ORIENTED_EDGE ( 'NONE', *, *, #3361, .T. ) ;
#976 = CARTESIAN_POINT ( 'NONE',  ( -0.05723616761485818272, -0.02045062952908308432, 0.03391188494167544920 ) ) ;
#977 = CARTESIAN_POINT ( 'NONE',  ( -0.01728390250005419973, -0.01776182421324879954, -0.002000000000000000042 ) ) ;
#978 = AXIS2_PLACEMENT_3D ( 'NONE', #4048, #2, #2433 ) ;
#979 = CARTESIAN_POINT ( 'NONE',  ( -0.03750411625173345059, -0.05528253434636295344, 0.02543220430963733653 ) ) ;
#980 = CARTESIAN_POINT ( 'NONE',  ( 0.006291097499945689717, 0.001238175786751180042, 0.007333333333333339268 ) ) ;
#981 = AXIS2_PLACEMENT_3D ( 'NONE', #802, #5286, #1122 ) ;
#982 = VERTEX_POINT ( 'NONE', #659 ) ;
#983 = EDGE_CURVE ( 'NONE', #4984, #1749, #2642, .T. ) ;
#984 = CARTESIAN_POINT ( 'NONE',  ( -0.05277174639091441327, 0.008122107586501295384, 0.02343428157809823373 ) ) ;
#985 = CARTESIAN_POINT ( 'NONE',  ( 0.004459669943600837530, 0.01813076934960734451, 0.02666007729014633829 ) ) ;
#986 = CYLINDRICAL_SURFACE ( 'NONE', #2177, 0.01377434850464230587 ) ;
#987 = CIRCLE ( 'NONE', #2097, 0.01244101517130730139 ) ;
#988 = CIRCLE ( 'NONE', #3384, 0.04282794805387681036 ) ;
#989 = CARTESIAN_POINT ( 'NONE',  ( 0.006212703610952368533, 0.01879775008959434779, 0.02402503493071921070 ) ) ;
#990 = B_SPLINE_CURVE_WITH_KNOTS ( 'NONE', 3,
 ( #4856, #302, #2828, #3685 ),
 .UNSPECIFIED., .F., .F.,
 ( 4, 4 ),
 ( 0.000000000000000000, 1.000000000000000000 ),
 .UNSPECIFIED. ) ;
#991 = VERTEX_POINT ( 'NONE', #5102 ) ;
#992 = ORIENTED_EDGE ( 'NONE', *, *, #3825, .F. ) ;
#993 = EDGE_CURVE ( 'NONE', #4680, #3670, #1270, .T. ) ;
#994 = CARTESIAN_POINT ( 'NONE',  ( -0.04085890250005420193, 0.005813175786751169707, 0.007333333333333339268 ) ) ;
#995 = VECTOR ( 'NONE', #1848, 1.000000000000000000 ) ;
#996 = DIRECTION ( 'NONE',  ( 0.000000000000000000, -1.000000000000000000, 0.000000000000000000 ) ) ;
#997 = DIRECTION ( 'NONE',  ( 1.000000000000000000, 0.000000000000000000, 0.000000000000000000 ) ) ;
#998 = AXIS2_PLACEMENT_3D ( 'NONE', #2914, #2565, #4117 ) ;
#999 = EDGE_LOOP ( 'NONE', ( #4085, #304, #4798, #1587, #1025, #4167, #5101, #557, #3200, #2743, #4871, #1964 ) ) ;
#1000 = FACE_OUTER_BOUND ( 'NONE', #1736, .T. ) ;
#1001 = EDGE_CURVE ( 'NONE', #1136, #918, #1463, .T. ) ;
#1002 = EDGE_CURVE ( 'NONE', #4707, #349, #3585, .T. ) ;
#1003 = CARTESIAN_POINT ( 'NONE',  ( -0.02798522205294115203, -0.06275866709840903501, 0.02080568869628821038 ) ) ;
#1004 = DIRECTION ( 'NONE',  ( -0.1592328779841129804, 0.9872410498803707579, 0.000000000000000000 ) ) ;
#1005 = ORIENTED_EDGE ( 'NONE', *, *, #1640, .F. ) ;
#1006 = CARTESIAN_POINT ( 'NONE',  ( 0.01031953672074019911, -0.02856819389033499884, -0.002000000000000000042 ) ) ;
#1007 = CARTESIAN_POINT ( 'NONE',  ( -0.03628390250005419926, 0.005813175786751169707, 0.03533333333333329995 ) ) ;
#1008 = DIRECTION ( 'NONE',  ( -1.000000000000000000, 0.000000000000000000, 0.000000000000000000 ) ) ;
#1009 = CARTESIAN_POINT ( 'NONE',  ( -0.01728390250005419973, -0.01776182421324879954, -0.002000000000000000042 ) ) ;
#1010 = ORIENTED_EDGE ( 'NONE', *, *, #4420, .T. ) ;
#1011 = VECTOR ( 'NONE', #288, 1.000000000000000000 ) ;
#1012 = CARTESIAN_POINT ( 'NONE',  ( -0.05280874491456605951, 0.008309325776156688617, 0.02324721727173374719 ) ) ;
#1013 = CARTESIAN_POINT ( 'NONE',  ( -0.06208595881479355566, -0.004672342848609806892, 0.02041741815413732758 ) ) ;
#1014 = DIRECTION ( 'NONE',  ( 0.000000000000000000, 0.000000000000000000, -1.000000000000000000 ) ) ;
#1015 = CARTESIAN_POINT ( 'NONE',  ( 0.003885320385631762467, -0.05233446535711398090, 0.03072166291711622005 ) ) ;
#1016 = AXIS2_PLACEMENT_3D ( 'NONE', #688, #3547, #1893 ) ;
#1017 = EDGE_LOOP ( 'NONE', ( #1988, #740, #3979, #1910, #2196 ) ) ;
#1018 = CARTESIAN_POINT ( 'NONE',  ( 0.06232864361693379873, 0.03016225806615880148, 0.01533333333333330127 ) ) ;
#1019 = CIRCLE ( 'NONE', #3074, 0.04533333333338229743 ) ;
#1020 = LINE ( 'NONE', #289, #201 ) ;
#1021 = DIRECTION ( 'NONE',  ( 0.000000000000000000, 0.000000000000000000, 1.000000000000000000 ) ) ;
#1022 = EDGE_CURVE ( 'NONE', #3222, #918, #2664, .T. ) ;
#1023 = ORIENTED_EDGE ( 'NONE', *, *, #2459, .F. ) ;
#1024 = ORIENTED_EDGE ( 'NONE', *, *, #4461, .F. ) ;
#1025 = ORIENTED_EDGE ( 'NONE', *, *, #2396, .T. ) ;
#1026 = FACE_OUTER_BOUND ( 'NONE', #1219, .T. ) ;
#1027 = CARTESIAN_POINT ( 'NONE',  ( 0.006291097499945669767, 0.005813175786751299812, 0.003000000000000002665 ) ) ;
#1028 = CARTESIAN_POINT ( 'NONE',  ( 0.03561702594098560548, -0.007963714557070187064, 0.01629837076119200479 ) ) ;
#1029 = VERTEX_POINT ( 'NONE', #174 ) ;
#1030 = DIRECTION ( 'NONE',  ( 0.000000000000000000, 0.000000000000000000, -1.000000000000000000 ) ) ;
#1031 = CARTESIAN_POINT ( 'NONE',  ( 0.07329550651410969564, 0.02272492286139949844, 0.01533333333333330127 ) ) ;
#1032 = CARTESIAN_POINT ( 'NONE',  ( -0.03819537546760876090, -0.05392671281967516966, 0.02709502116630998006 ) ) ;
#1033 = PLANE ( 'NONE',  #2447 ) ;
#1034 = EDGE_CURVE ( 'NONE', #3146, #1288, #2640, .T. ) ;
#1035 = ORIENTED_EDGE ( 'NONE', *, *, #101, .F. ) ;
#1036 = LINE ( 'NONE', #1469, #2206 ) ;
#1037 = DIRECTION ( 'NONE',  ( -0.7753593898630369852, -0.6315202423922919861, 0.000000000000000000 ) ) ;
#1038 = DIRECTION ( 'NONE',  ( 0.000000000000000000, 0.000000000000000000, -1.000000000000000000 ) ) ;
#1039 = CARTESIAN_POINT ( 'NONE',  ( 0.004361176365102906703, -0.05169631121275888169, 0.03216349171064544765 ) ) ;
#1040 = EDGE_LOOP ( 'NONE', ( #3326, #4808, #259, #2359 ) ) ;
#1041 = CARTESIAN_POINT ( 'NONE',  ( -0.05106007526395851814, 0.01273002261187301982, 0.02155113473272115068 ) ) ;
#1042 = CARTESIAN_POINT ( 'NONE',  ( 0.01808852720647292911, 0.006900039465270302493, 0.02460471059366085844 ) ) ;
#1043 = DIRECTION ( 'NONE',  ( 0.000000000000000000, 0.000000000000000000, -1.000000000000000000 ) ) ;
#1044 = ORIENTED_EDGE ( 'NONE', *, *, #1257, .T. ) ;
#1045 = ORIENTED_EDGE ( 'NONE', *, *, #5141, .T. ) ;
#1046 = CARTESIAN_POINT ( 'NONE',  ( 0.07422006796862089251, 0.03619384939407049862, -0.002000000000000000042 ) ) ;
#1048 = ADVANCED_FACE ( 'NONE', ( #4288 ), #223, .F. ) ;
#1047 = CARTESIAN_POINT ( 'NONE',  ( 0.02808611561877987980, 0.01998708273770729085, 0.01533333333333330301 ) ) ;
#1049 = CARTESIAN_POINT ( 'NONE',  ( -0.01728390250005419973, -0.01776182421324879954, -0.002000000000000000042 ) ) ;
#1050 = CARTESIAN_POINT ( 'NONE',  ( -0.005713733585866557878, -0.06390336090396084301, 0.01966296073024691171 ) ) ;
#1051 = CARTESIAN_POINT ( 'NONE',  ( -0.01728390250005419973, -0.04591182421324879748, 0.03533333333333329995 ) ) ;
#1052 = CARTESIAN_POINT ( 'NONE',  ( -0.05986023632434030184, 0.006822264406046800109, -0.002000000000000000042 ) ) ;
#1053 = CARTESIAN_POINT ( 'NONE',  ( -0.09883367192800469880, 0.03376142891895640014, 0.01533333333333330127 ) ) ;
#1054 = CARTESIAN_POINT ( 'NONE',  ( -0.03773165209416886462, -0.05474840310759628015, 0.02609318899816023135 ) ) ;
#1055 = VECTOR ( 'NONE', #2442, 1.000000000000000000 ) ;
#1056 = CARTESIAN_POINT ( 'NONE',  ( -0.03719912950351285386, 0.01784590630588829899, 0.02973471935707780109 ) ) ;
#1057 = EDGE_LOOP ( 'NONE', ( #4863, #1716, #4062, #4106, #680 ) ) ;
#1058 = DIRECTION ( 'NONE',  ( -1.000000000000000000, 0.000000000000000000, 0.000000000000000000 ) ) ;
#1059 = VECTOR ( 'NONE', #3914, 1.000000000000000000 ) ;
#1060 = CARTESIAN_POINT ( 'NONE',  ( 0.01854379644973495195, 0.004296170849195228222, 0.02646567306121623206 ) ) ;
#1061 = EDGE_CURVE ( 'NONE', #749, #3840, #4599, .T. ) ;
#1062 = LINE ( 'NONE', #1091, #3633 ) ;
#1063 = DIRECTION ( 'NONE',  ( 0.000000000000000000, 0.000000000000000000, -1.000000000000000000 ) ) ;
#1064 = AXIS2_PLACEMENT_3D ( 'NONE', #3614, #781, #721 ) ;
#1065 = ORIENTED_EDGE ( 'NONE', *, *, #711, .T. ) ;
#1066 = CARTESIAN_POINT ( 'NONE',  ( -0.03422626339067039863, 0.01847291612599069946, 0.03533333333333329995 ) ) ;
#1067 = CIRCLE ( 'NONE', #3988, 0.04000000000000002165 ) ;
#1068 = CARTESIAN_POINT ( 'NONE',  ( -0.07146803360598733001, 0.001683874922985149165, 0.01543862842759177040 ) ) ;
#1069 = CARTESIAN_POINT ( 'NONE',  ( -0.01728890371215159941, -0.1256818337813389863, 0.01533333333333330127 ) ) ;
#1070 = ORIENTED_EDGE ( 'NONE', *, *, #2437, .F. ) ;
#1071 = AXIS2_PLACEMENT_3D ( 'NONE', #3590, #21, #4917 ) ;
#1072 = ORIENTED_EDGE ( 'NONE', *, *, #2689, .T. ) ;
#1073 = ORIENTED_EDGE ( 'NONE', *, *, #377, .F. ) ;
#1074 = CARTESIAN_POINT ( 'NONE',  ( -0.04373390250005420449, -0.04133682421324889888, 0.003000000000000002665 ) ) ;
#1075 = CARTESIAN_POINT ( 'NONE',  ( 0.006291097499945660226, -0.04133682421324889888, -0.002000000000000000042 ) ) ;
#1076 = DIRECTION ( 'NONE',  ( -0.2735589971413194821, -0.9618552256358726682, 0.000000000000000000 ) ) ;
#1077 = AXIS2_PLACEMENT_3D ( 'NONE', #1280, #4590, #4538 ) ;
#1078 = CARTESIAN_POINT ( 'NONE',  ( -0.005645740062551979875, -0.06411953538953488185, 0.01948818070562697430 ) ) ;
#1079 = VECTOR ( 'NONE', #4185, 1.000000000000000000 ) ;
#1080 = ORIENTED_EDGE ( 'NONE', *, *, #2033, .T. ) ;
#1081 = LINE ( 'NONE', #1836, #4864 ) ;
#1082 = EDGE_LOOP ( 'NONE', ( #2421, #566, #1607, #925 ) ) ;
#1083 = DIRECTION ( 'NONE',  ( -0.9697493958146466975, 0.2441026614298328068, 0.000000000000000000 ) ) ;
#1084 = CARTESIAN_POINT ( 'NONE',  ( -0.03822615405160099955, -0.05388070707949384891, 0.02714939135031807851 ) ) ;
#1085 = DIRECTION ( 'NONE',  ( -1.000000000000000000, 0.000000000000000000, 0.000000000000000000 ) ) ;
#1086 = EDGE_CURVE ( 'NONE', #3854, #3358, #1434, .T. ) ;
#1087 = ORIENTED_EDGE ( 'NONE', *, *, #3099, .F. ) ;
#1088 = VERTEX_POINT ( 'NONE', #2338 ) ;
#1089 = CARTESIAN_POINT ( 'NONE',  ( -0.03449631548877375026, -0.07314077778556399290, 0.01540518404859077088 ) ) ;
#1090 = PLANE ( 'NONE',  #3325 ) ;
#1091 = CARTESIAN_POINT ( 'NONE',  ( -0.03628390250005419926, 0.008100675786751171045, 0.03533333333333329995 ) ) ;
#1092 = DIRECTION ( 'NONE',  ( 0.000000000000000000, 0.000000000000000000, -1.000000000000000000 ) ) ;
#1093 = AXIS2_PLACEMENT_3D ( 'NONE', #2325, #2789, #4760 ) ;
#1094 = VECTOR ( 'NONE', #5129, 1.000000000000000000 ) ;
#1095 = EDGE_CURVE ( 'NONE', #385, #2879, #1815, .T. ) ;
#1096 = ORIENTED_EDGE ( 'NONE', *, *, #1527, .T. ) ;
#1097 = ADVANCED_FACE ( 'NONE', ( #5127 ), #3521, .T. ) ;
#1098 = FACE_OUTER_BOUND ( 'NONE', #3343, .T. ) ;
#1099 = DIRECTION ( 'NONE',  ( 0.000000000000000000, -1.000000000000000000, 0.000000000000000000 ) ) ;
#1100 = AXIS2_PLACEMENT_3D ( 'NONE', #2506, #467, #3829 ) ;
#1101 = VECTOR ( 'NONE', #1758, 1.000000000000000000 ) ;
#1102 = CARTESIAN_POINT ( 'NONE',  ( -0.004625141157988650088, 0.007541355848816589519, 0.01533333333333330127 ) ) ;
#1103 = EDGE_CURVE ( 'NONE', #3820, #2451, #4745, .T. ) ;
#1104 = EDGE_LOOP ( 'NONE', ( #4351, #1656, #3002, #3583 ) ) ;
#1105 = AXIS2_PLACEMENT_3D ( 'NONE', #4655, #1458, #3141 ) ;
#1106 = VERTEX_POINT ( 'NONE', #194 ) ;
#1107 = AXIS2_PLACEMENT_3D ( 'NONE', #5276, #873, #773 ) ;
#1108 = CARTESIAN_POINT ( 'NONE',  ( 0.009166097499945669719, 0.005813175786751299812, 0.03533333333333329995 ) ) ;
#1109 = CYLINDRICAL_SURFACE ( 'NONE', #2125, 0.03333333333333329818 ) ;
#1110 = DIRECTION ( 'NONE',  ( 0.9346369257563709176, 0.3556034547254569578, 0.000000000000000000 ) ) ;
#1111 = DIRECTION ( 'NONE',  ( 0.000000000000000000, 0.000000000000000000, 1.000000000000000000 ) ) ;
#1112 = DIRECTION ( 'NONE',  ( -0.3343341265222758429, -0.9424546099641014640, 0.000000000000000000 ) ) ;
#1113 = DIRECTION ( 'NONE',  ( -0.8038302040102466295, 0.5948588094000504256, 0.000000000000000000 ) ) ;
#1114 = DIRECTION ( 'NONE',  ( 0.000000000000000000, 0.000000000000000000, 1.000000000000000000 ) ) ;
#1115 = EDGE_CURVE ( 'NONE', #2068, #1433, #1081, .T. ) ;
#1116 = CARTESIAN_POINT ( 'NONE',  ( -0.05872414828122810015, 0.02562833630265499985, 0.01533333333333330127 ) ) ;
#1117 = VERTEX_POINT ( 'NONE', #1622 ) ;
#1118 = ORIENTED_EDGE ( 'NONE', *, *, #4186, .T. ) ;
#1119 = CARTESIAN_POINT ( 'NONE',  ( -0.05280686752739453121, 0.008300386262427768627, 0.02325618934070449936 ) ) ;
#1120 = CARTESIAN_POINT ( 'NONE',  ( 0.01839433845620452868, 0.004736604819666897018, 0.02625401347055485862 ) ) ;
#1121 = EDGE_CURVE ( 'NONE', #358, #4069, #5275, .T. ) ;
#1122 = DIRECTION ( 'NONE',  ( -1.000000000000000000, 0.000000000000000000, 0.000000000000000000 ) ) ;
#1123 = CARTESIAN_POINT ( 'NONE',  ( 0.004074560151676369889, -0.05206278679910236046, 0.03131674953446324933 ) ) ;
#1124 = ORIENTED_EDGE ( 'NONE', *, *, #4950, .T. ) ;
#1125 = LINE ( 'NONE', #237, #4768 ) ;
#1126 = CARTESIAN_POINT ( 'NONE',  ( -0.01728140189400549989, -0.04407299513178389999, -0.002000000000000000042 ) ) ;
#1127 = DIRECTION ( 'NONE',  ( 0.000000000000000000, 0.000000000000000000, 1.000000000000000000 ) ) ;
#1128 = ORIENTED_EDGE ( 'NONE', *, *, #3030, .T. ) ;
#1129 = EDGE_LOOP ( 'NONE', ( #3690, #453, #4899, #4429 ) ) ;
#1130 = CARTESIAN_POINT ( 'NONE',  ( -0.07987338147798370147, 0.02362532283077529993, 0.01533333333333330127 ) ) ;
#1131 = CARTESIAN_POINT ( 'NONE',  ( 0.03639464475029680068, 0.02033972583442789778, 0.01533333333333330127 ) ) ;
#1132 = LINE ( 'NONE', #1968, #47 ) ;
#1133 = ADVANCED_FACE ( 'NONE', ( #1165 ), #1570, .F. ) ;
#1134 = CARTESIAN_POINT ( 'NONE',  ( -0.007913430006433965283, -0.06220470325430562525, 0.02162901020733313737 ) ) ;
#1135 = EDGE_LOOP ( 'NONE', ( #750, #458, #386, #2457, #4003 ) ) ;
#1136 = VERTEX_POINT ( 'NONE', #3606 ) ;
#1137 = DIRECTION ( 'NONE',  ( 0.000000000000000000, 0.000000000000000000, 1.000000000000000000 ) ) ;
#1138 = LINE ( 'NONE', #3121, #4514 ) ;
#1139 = CARTESIAN_POINT ( 'NONE',  ( -0.0003407797996382779947, 0.01847255991507119888, 0.03533333333333329995 ) ) ;
#1140 = CARTESIAN_POINT ( 'NONE',  ( -0.1107428717566319998, 0.03620251174752270318, 0.01533333333333330127 ) ) ;
#1141 = ORIENTED_EDGE ( 'NONE', *, *, #711, .F. ) ;
#1142 = ORIENTED_EDGE ( 'NONE', *, *, #3970, .T. ) ;
#1143 = CARTESIAN_POINT ( 'NONE',  ( -0.06361838815781341305, 0.02035792708225290029, 0.01533333333333330127 ) ) ;
#1144 = CARTESIAN_POINT ( 'NONE',  ( 0.01819548891064529453, 0.005579035043814319778, 0.02570903957833789097 ) ) ;
#1145 = CARTESIAN_POINT ( 'NONE',  ( -0.03798390250005419938, -0.04133682421324889888, -0.2722511313201919636 ) ) ;
#1146 = CARTESIAN_POINT ( 'NONE',  ( 0.001911246128456480821, -0.06083872749858994927, 0.01995588719641544495 ) ) ;
#1147 = AXIS2_PLACEMENT_3D ( 'NONE', #3380, #4676, #1852 ) ;
#1148 = ORIENTED_EDGE ( 'NONE', *, *, #2776, .T. ) ;
#1149 = CARTESIAN_POINT ( 'NONE',  ( -0.03893553320564629994, -0.05299970877392680413, 0.01533333333333330127 ) ) ;
#1150 = CARTESIAN_POINT ( 'NONE',  ( -0.01728390250005419973, -0.01776182421324879954, -0.002000000000000000042 ) ) ;
#1151 = AXIS2_PLACEMENT_3D ( 'NONE', #1285, #884, #511 ) ;
#1152 = FACE_OUTER_BOUND ( 'NONE', #2465, .T. ) ;
#1153 = EDGE_CURVE ( 'NONE', #1501, #4380, #1706, .T. ) ;
#1154 = VERTEX_POINT ( 'NONE', #1544 ) ;
#1155 = ORIENTED_EDGE ( 'NONE', *, *, #4491, .T. ) ;
#1156 = VERTEX_POINT ( 'NONE', #3202 ) ;
#1157 = VECTOR ( 'NONE', #1630, 1.000000000000000000 ) ;
#1158 = CARTESIAN_POINT ( 'NONE',  ( -0.06324993925876473688, -0.004661912949353955518, 0.01948818070563079069 ) ) ;
#1159 = DIRECTION ( 'NONE',  ( -0.6044287955998964845, -0.7966591686848640830, 0.000000000000000000 ) ) ;
#1160 = VECTOR ( 'NONE', #2826, 1.000000000000000000 ) ;
#1161 = VECTOR ( 'NONE', #5040, 1.000000000000000000 ) ;
#1162 = DIRECTION ( 'NONE',  ( -1.000000000000000000, 0.000000000000000000, 0.000000000000000000 ) ) ;
#1163 = ADVANCED_FACE ( 'NONE', ( #741 ), #2468, .F. ) ;
#1164 = EDGE_CURVE ( 'NONE', #982, #2561, #3631, .T. ) ;
#1165 = FACE_OUTER_BOUND ( 'NONE', #119, .T. ) ;
#1166 = CIRCLE ( 'NONE', #2707, 0.002666666666666656169 ) ;
#1167 = FACE_BOUND ( 'NONE', #2486, .T. ) ;
#1168 = DIRECTION ( 'NONE',  ( 0.9939880765383009020, -0.1094883724405880943, 0.000000000000000000 ) ) ;
#1169 = CIRCLE ( 'NONE', #4157, 0.002666666666666659639 ) ;
#1170 = ORIENTED_EDGE ( 'NONE', *, *, #2454, .F. ) ;
#1171 = ORIENTED_EDGE ( 'NONE', *, *, #1243, .F. ) ;
#1172 = CARTESIAN_POINT ( 'NONE',  ( -0.01728390250005419973, -0.01776182421324879954, 0.03533333333333329995 ) ) ;
#1173 = CARTESIAN_POINT ( 'NONE',  ( 0.02310479455483812131, -4.773512564625468821E-05, 0.02319713687218565371 ) ) ;
#1174 = CARTESIAN_POINT ( 'NONE',  ( -0.01728390250005419973, -0.01776182421324879954, -0.002000000000000000042 ) ) ;
#1175 = DIRECTION ( 'NONE',  ( 1.000000000000000000, 0.000000000000000000, 0.000000000000000000 ) ) ;
#1176 = ORIENTED_EDGE ( 'NONE', *, *, #4588, .T. ) ;
#1177 = CARTESIAN_POINT ( 'NONE',  ( -0.05764714993206634247, -3.609582802417249495E-05, 0.02322222164458126806 ) ) ;
#1178 = DIRECTION ( 'NONE',  ( 0.000000000000000000, 0.000000000000000000, 1.000000000000000000 ) ) ;
#1179 = LINE ( 'NONE', #2084, #2444 ) ;
#1180 = EDGE_CURVE ( 'NONE', #4035, #4494, #159, .T. ) ;
#1181 = VECTOR ( 'NONE', #3033, 1.000000000000000000 ) ;
#1182 = VERTEX_POINT ( 'NONE', #3980 ) ;
#1183 = ORIENTED_EDGE ( 'NONE', *, *, #3332, .F. ) ;
#1184 = CARTESIAN_POINT ( 'NONE',  ( -0.02128753111140550131, 0.01137935934509560001, -0.002000000000000000042 ) ) ;
#1185 = CARTESIAN_POINT ( 'NONE',  ( -0.06240175929507929542, -0.01430142537906195672, 0.02182447549771335260 ) ) ;
#1186 = VECTOR ( 'NONE', #1359, 1.000000000000000000 ) ;
#1187 = LINE ( 'NONE', #4825, #809 ) ;
#1188 = EDGE_CURVE ( 'NONE', #5162, #508, #2385, .T. ) ;
#1189 = DIRECTION ( 'NONE',  ( 0.000000000000000000, 0.000000000000000000, 1.000000000000000000 ) ) ;
#1190 = EDGE_LOOP ( 'NONE', ( #565, #3237, #652, #837 ) ) ;
#1191 = CIRCLE ( 'NONE', #3329, 0.04000000000000000083 ) ;
#1192 = AXIS2_PLACEMENT_3D ( 'NONE', #5180, #2749, #3707 ) ;
#1193 = CARTESIAN_POINT ( 'NONE',  ( -0.04085890250005420193, -0.04133682421324889888, -0.2722511313201919636 ) ) ;
#1194 = CARTESIAN_POINT ( 'NONE',  ( -0.007350893052492159761, -0.1182179959438969946, 0.01533333333333330127 ) ) ;
#1195 = DIRECTION ( 'NONE',  ( 0.5917125326096891458, -0.8061490425179623776, 0.000000000000000000 ) ) ;
#1196 = ORIENTED_EDGE ( 'NONE', *, *, #1652, .T. ) ;
#1197 = ORIENTED_EDGE ( 'NONE', *, *, #4718, .T. ) ;
#1198 = CARTESIAN_POINT ( 'NONE',  ( -0.05765088855257773787, 0.01808660101709113829, 0.01625798088043863346 ) ) ;
#1199 = EDGE_CURVE ( 'NONE', #1182, #4680, #4036, .T. ) ;
#1200 = CARTESIAN_POINT ( 'NONE',  ( 0.02125279766949741272, 0.0008519068660783067669, 0.02513509053405128466 ) ) ;
#1201 = CARTESIAN_POINT ( 'NONE',  ( 0.009166097499945669719, 0.005813175786751299812, -0.2722511313201919636 ) ) ;
#1202 = CARTESIAN_POINT ( 'NONE',  ( -0.09933699500623609235, 0.03123412830343540170, -0.002000000000000000042 ) ) ;
#1203 = ADVANCED_FACE ( 'NONE', ( #771 ), #2773, .T. ) ;
#1204 = ORIENTED_EDGE ( 'NONE', *, *, #2323, .F. ) ;
#1205 = CARTESIAN_POINT ( 'NONE',  ( -0.05771232814247500426, -5.684248365034399932E-05, 0.02315500293278189431 ) ) ;
#1206 = CARTESIAN_POINT ( 'NONE',  ( 0.006291097499945689717, 0.005813175786751169707, 0.03533333333333329995 ) ) ;
#1207 = LINE ( 'NONE', #4463, #655 ) ;
#1208 = EDGE_LOOP ( 'NONE', ( #3394, #5020, #1830, #5142, #2247 ) ) ;
#1209 = ORIENTED_EDGE ( 'NONE', *, *, #541, .F. ) ;
#1210 = DIRECTION ( 'NONE',  ( 0.000000000000000000, 0.000000000000000000, -1.000000000000000000 ) ) ;
#1211 = CARTESIAN_POINT ( 'NONE',  ( -0.01898921967675530273, -0.1106701391355659897, -0.002000000000000000042 ) ) ;
#1212 = CARTESIAN_POINT ( 'NONE',  ( -0.01563267001770940121, -0.1336926308568330002, -0.002000000000000000042 ) ) ;
#1213 = EDGE_CURVE ( 'NONE', #3710, #4934, #990, .T. ) ;
#1214 = CARTESIAN_POINT ( 'NONE',  ( 0.006291097499945659359, -0.04133682421324889888, 0.003000000000000002665 ) ) ;
#1215 = DIRECTION ( 'NONE',  ( 0.000000000000000000, 0.000000000000000000, 1.000000000000000000 ) ) ;
#1216 = DIRECTION ( 'NONE',  ( -1.000000000000000000, 0.000000000000000000, 0.000000000000000000 ) ) ;
#1217 = EDGE_CURVE ( 'NONE', #4002, #3509, #2397, .T. ) ;
#1218 = ORIENTED_EDGE ( 'NONE', *, *, #3682, .T. ) ;
#1219 = EDGE_LOOP ( 'NONE', ( #311, #679, #4591, #3163 ) ) ;
#1220 = CARTESIAN_POINT ( 'NONE',  ( -0.03633477450526263058, -0.06174236413772894727, 0.01937685035148862048 ) ) ;
#1221 = CARTESIAN_POINT ( 'NONE',  ( 0.02255913646235810713, 0.0001483384162831392547, 0.02376450745140215592 ) ) ;
#1222 = CARTESIAN_POINT ( 'NONE',  ( -0.1107428717566319998, 0.03620251174752270318, 0.01533333333333330127 ) ) ;
#1223 = FACE_OUTER_BOUND ( 'NONE', #500, .T. ) ;
#1224 = ORIENTED_EDGE ( 'NONE', *, *, #18, .F. ) ;
#1225 = CARTESIAN_POINT ( 'NONE',  ( -0.05152265454753406776, 0.01540211341536535175, 0.01959099042177893726 ) ) ;
#1226 = EDGE_CURVE ( 'NONE', #40, #3024, #4430, .T. ) ;
#1227 = DIRECTION ( 'NONE',  ( 0.000000000000000000, 0.000000000000000000, -1.000000000000000000 ) ) ;
#1228 = DIRECTION ( 'NONE',  ( 0.000000000000000000, 0.000000000000000000, 1.000000000000000000 ) ) ;
#1229 = CIRCLE ( 'NONE', #4299, 0.002875000000000002554 ) ;
#1230 = VERTEX_POINT ( 'NONE', #5227 ) ;
#1231 = ORIENTED_EDGE ( 'NONE', *, *, #2889, .T. ) ;
#1232 = DIRECTION ( 'NONE',  ( -1.000000000000000000, 0.000000000000000000, 0.000000000000000000 ) ) ;
#1233 = LINE ( 'NONE', #3627, #2858 ) ;
#1234 = DIRECTION ( 'NONE',  ( 0.000000000000000000, -1.000000000000000000, 0.000000000000000000 ) ) ;
#1235 =( NAMED_UNIT ( * ) SI_UNIT ( $, .STERADIAN. ) SOLID_ANGLE_UNIT ( ) );
#1236 = ORIENTED_EDGE ( 'NONE', *, *, #1577, .F. ) ;
#1237 = CIRCLE ( 'NONE', #4914, 0.04000000000000002165 ) ;
#1238 = CARTESIAN_POINT ( 'NONE',  ( -0.02586764140117909713, -0.06227508670425110221, 0.01533333333333330127 ) ) ;
#1239 = DIRECTION ( 'NONE',  ( -1.000000000000000000, 0.000000000000000000, 0.000000000000000000 ) ) ;
#1240 = AXIS2_PLACEMENT_3D ( 'NONE', #2253, #3010, #1484 ) ;
#1241 = AXIS2_PLACEMENT_3D ( 'NONE', #2224, #4606, #946 ) ;
#1242 = CARTESIAN_POINT ( 'NONE',  ( 0.06571377101354000660, 0.02514786021174129915, 0.01533333333333330127 ) ) ;
#1243 = EDGE_CURVE ( 'NONE', #349, #4849, #4450, .T. ) ;
#1244 = AXIS2_PLACEMENT_3D ( 'NONE', #1985, #2866, #426 ) ;
#1245 = ORIENTED_EDGE ( 'NONE', *, *, #2310, .F. ) ;
#1246 = VERTEX_POINT ( 'NONE', #1644 ) ;
#1247 = CARTESIAN_POINT ( 'NONE',  ( -0.03648874451891973014, -0.06078775275434432357, 0.02003405379281832793 ) ) ;
#1248 = CARTESIAN_POINT ( 'NONE',  ( 0.02216084866428065861, 0.0003283922728062762088, 0.02418462745111526341 ) ) ;
#1249 = DIRECTION ( 'NONE',  ( 1.000000000000000000, 0.000000000000000000, 0.000000000000000000 ) ) ;
#1250 = ADVANCED_FACE ( 'NONE', ( #4395 ), #2367, .F. ) ;
#1251 = AXIS2_PLACEMENT_3D ( 'NONE', #635, #583, #3447 ) ;
#1252 = CYLINDRICAL_SURFACE ( 'NONE', #3823, 0.01244101517130729792 ) ;
#1253 = VERTEX_POINT ( 'NONE', #3232 ) ;
#1254 = CARTESIAN_POINT ( 'NONE',  ( -0.05525380150943964147, 0.001278519055383049371, 0.02569264427356662828 ) ) ;
#1255 = CARTESIAN_POINT ( 'NONE',  ( -0.01563267001770940121, -0.1336926308568330002, 0.01533333333333330127 ) ) ;
#1256 = DIRECTION ( 'NONE',  ( 0.000000000000000000, 0.000000000000000000, -1.000000000000000000 ) ) ;
#1257 = EDGE_CURVE ( 'NONE', #4200, #1688, #381, .T. ) ;
#1258 = ORIENTED_EDGE ( 'NONE', *, *, #2110, .F. ) ;
#1259 = ORIENTED_EDGE ( 'NONE', *, *, #1396, .T. ) ;
#1260 = FACE_OUTER_BOUND ( 'NONE', #497, .T. ) ;
#1261 = CARTESIAN_POINT ( 'NONE',  ( -0.07095943953901609480, 0.02034339274639439948, 0.01533333333333330127 ) ) ;
#1262 = ADVANCED_FACE ( 'NONE', ( #3577 ), #3657, .F. ) ;
#1263 = CARTESIAN_POINT ( 'NONE',  ( 0.01632384347947549857, 0.01366894761521112583, 0.02103849648905413428 ) ) ;
#1264 = SHAPE_DEFINITION_REPRESENTATION ( #2089, #3216 ) ;
#1265 = VERTEX_POINT ( 'NONE', #2906 ) ;
#1266 = AXIS2_PLACEMENT_3D ( 'NONE', #3867, #5036, #4228 ) ;
#1267 = CIRCLE ( 'NONE', #1788, 0.002666666666666665710 ) ;
#1268 = CARTESIAN_POINT ( 'NONE',  ( -0.01007296742647529990, -0.09324650671233310206, 0.01533333333333330127 ) ) ;
#1269 = DIRECTION ( 'NONE',  ( 0.000000000000000000, 0.000000000000000000, -1.000000000000000000 ) ) ;
#1270 = CIRCLE ( 'NONE', #4946, 0.002875000000000002554 ) ;
#1271 = AXIS2_PLACEMENT_3D ( 'NONE', #1973, #2722, #335 ) ;
#1272 = DIRECTION ( 'NONE',  ( 0.000000000000000000, 0.000000000000000000, -1.000000000000000000 ) ) ;
#1273 = ORIENTED_EDGE ( 'NONE', *, *, #1821, .T. ) ;
#1274 = EDGE_LOOP ( 'NONE', ( #348, #1183, #2344, #593 ) ) ;
#1275 = DIRECTION ( 'NONE',  ( 0.000000000000000000, 0.000000000000000000, -1.000000000000000000 ) ) ;
#1276 = CIRCLE ( 'NONE', #4438, 0.001960000000000003406 ) ;
#1277 = CARTESIAN_POINT ( 'NONE',  ( 0.02336990761056434093, -0.0001264960829124552792, 0.02292563876422672522 ) ) ;
#1278 = EDGE_CURVE ( 'NONE', #3514, #3058, #3420, .T. ) ;
#1279 = DIRECTION ( 'NONE',  ( 1.000000000000000000, -1.826024711554529969E-16, 0.000000000000000000 ) ) ;
#1280 = CARTESIAN_POINT ( 'NONE',  ( 0.07618006796862089591, 0.03619384939407049862, 0.01533333333333330127 ) ) ;
#1281 = ORIENTED_EDGE ( 'NONE', *, *, #1316, .F. ) ;
#1282 = EDGE_CURVE ( 'NONE', #5184, #3273, #919, .T. ) ;
#1283 = CARTESIAN_POINT ( 'NONE',  ( -0.05134278557673113697, 0.01516465446220283987, 0.01982866270382450946 ) ) ;
#1284 = CARTESIAN_POINT ( 'NONE',  ( -0.05998920746146254451, -0.01626692172887461707, 0.02520347212146267779 ) ) ;
#1285 = CARTESIAN_POINT ( 'NONE',  ( -0.09883367192800469880, 0.03376142891895640014, 0.01533333333333330127 ) ) ;
#1286 = DIRECTION ( 'NONE',  ( 0.000000000000000000, 0.000000000000000000, -1.000000000000000000 ) ) ;
#1287 = ORIENTED_EDGE ( 'NONE', *, *, #2428, .F. ) ;
#1288 = VERTEX_POINT ( 'NONE', #2579 ) ;
#1289 = DIRECTION ( 'NONE',  ( 0.9345922678473495004, -0.3557208074880468529, 0.000000000000000000 ) ) ;
#1290 = DIRECTION ( 'NONE',  ( 0.000000000000000000, 0.000000000000000000, 1.000000000000000000 ) ) ;
#1291 = CARTESIAN_POINT ( 'NONE',  ( 0.01632386005451872887, 0.01366245766922327513, 0.02104280787564878977 ) ) ;
#1292 = LINE ( 'NONE', #3762, #4001 ) ;
#1293 = VERTEX_POINT ( 'NONE', #2153 ) ;
#1294 = CARTESIAN_POINT ( 'NONE',  ( 0.02855628599959006073, -0.004692163960561581727, 0.01959099042177789990 ) ) ;
#1295 = ADVANCED_FACE ( 'NONE', ( #141 ), #3307, .F. ) ;
#1296 = DIRECTION ( 'NONE',  ( 0.000000000000000000, 0.000000000000000000, 1.000000000000000000 ) ) ;
#1297 = CARTESIAN_POINT ( 'NONE',  ( 0.04023433474912635477, -0.004202975968178913196, 0.01533333333333340362 ) ) ;
#1298 = ORIENTED_EDGE ( 'NONE', *, *, #3263, .F. ) ;
#1299 = ORIENTED_EDGE ( 'NONE', *, *, #274, .T. ) ;
#1300 = CYLINDRICAL_SURFACE ( 'NONE', #3847, 0.001960000000000003406 ) ;
#1301 =( LENGTH_UNIT ( ) NAMED_UNIT ( * ) SI_UNIT ( $, .METRE. ) );
#1302 = DIRECTION ( 'NONE',  ( -1.000000000000000000, 0.000000000000000000, 0.000000000000000000 ) ) ;
#1303 = DIRECTION ( 'NONE',  ( 0.000000000000000000, 0.000000000000000000, -1.000000000000000000 ) ) ;
#1304 = EDGE_LOOP ( 'NONE', ( #1858, #484 ) ) ;
#1305 = CARTESIAN_POINT ( 'NONE',  ( -0.05297589187840675423, 0.004689878365308185366, 0.02628005944650099734 ) ) ;
#1306 = CARTESIAN_POINT ( 'NONE',  ( 0.0001739757375073952290, 0.01823186129588976606, 0.03427023301927368398 ) ) ;
#1307 = CARTESIAN_POINT ( 'NONE',  ( 0.03394523746134992664, -0.0007272014327205859451, 0.01625798088043793610 ) ) ;
#1308 = CARTESIAN_POINT ( 'NONE',  ( 0.002861015605361920053, -0.05495487316301580355, -0.002000000000000000042 ) ) ;
#1309 = VERTEX_POINT ( 'NONE', #91 ) ;
#1310 = ORIENTED_EDGE ( 'NONE', *, *, #5025, .F. ) ;
#1311 = VERTEX_POINT ( 'NONE', #460 ) ;
#1312 = LINE ( 'NONE', #3784, #595 ) ;
#1313 = DIRECTION ( 'NONE',  ( -0.1593568374124310072, -0.9872210483827359440, 0.000000000000000000 ) ) ;
#1314 = CIRCLE ( 'NONE', #3115, 0.01244101517130730139 ) ;
#1315 = CYLINDRICAL_SURFACE ( 'NONE', #2528, 0.005941869605453536062 ) ;
#1316 = EDGE_CURVE ( 'NONE', #3393, #3051, #4298, .T. ) ;
#1317 = EDGE_LOOP ( 'NONE', ( #1478, #2439 ) ) ;
#1318 = ORIENTED_EDGE ( 'NONE', *, *, #2307, .T. ) ;
#1319 = AXIS2_PLACEMENT_3D ( 'NONE', #4489, #5218, #1559 ) ;
#1320 = CARTESIAN_POINT ( 'NONE',  ( -0.01528624627958579882, -0.1133200389504170069, 0.01533333333333330127 ) ) ;
#1321 = LINE ( 'NONE', #142, #1101 ) ;
#1322 = CIRCLE ( 'NONE', #211, 0.04000000000000000083 ) ;
#1323 = FACE_OUTER_BOUND ( 'NONE', #4848, .T. ) ;
#1324 = EDGE_CURVE ( 'NONE', #349, #1546, #894, .T. ) ;
#1325 = EDGE_CURVE ( 'NONE', #5121, #4448, #1796, .T. ) ;
#1326 = EDGE_LOOP ( 'NONE', ( #3776, #666, #3652, #966 ) ) ;
#1327 = ORIENTED_EDGE ( 'NONE', *, *, #5273, .T. ) ;
#1328 = DIRECTION ( 'NONE',  ( 0.000000000000000000, 0.000000000000000000, 1.000000000000000000 ) ) ;
#1329 = AXIS2_PLACEMENT_3D ( 'NONE', #3906, #5130, #176 ) ;
#1330 = DIRECTION ( 'NONE',  ( 0.000000000000000000, 1.000000000000000000, 0.000000000000000000 ) ) ;
#1331 = DIRECTION ( 'NONE',  ( 1.000000000000000000, 0.000000000000000000, 0.000000000000000000 ) ) ;
#1332 = EDGE_CURVE ( 'NONE', #4849, #4639, #4580, .T. ) ;
#1333 = DIRECTION ( 'NONE',  ( 0.9939880765383009020, -0.1094883724405880943, 0.000000000000000000 ) ) ;
#1334 = CIRCLE ( 'NONE', #1847, 0.05999999999999999778 ) ;
#1335 = EDGE_LOOP ( 'NONE', ( #4613, #4534, #1748, #4208, #442 ) ) ;
#1336 = CARTESIAN_POINT ( 'NONE',  ( -0.05294017487533810018, 0.004807416475404253410, 0.02621616593382242177 ) ) ;
#1337 = EDGE_CURVE ( 'NONE', #2639, #5085, #681, .T. ) ;
#1338 = CARTESIAN_POINT ( 'NONE',  ( 0.002120346088291970039, 0.01785482974815722629, 0.03063588237034001877 ) ) ;
#1339 = AXIS2_PLACEMENT_3D ( 'NONE', #2387, #1228, #862 ) ;
#1340 = LINE ( 'NONE', #2972, #122 ) ;
#1341 = LINE ( 'NONE', #81, #4407 ) ;
#1342 = AXIS2_PLACEMENT_3D ( 'NONE', #1760, #523, #2878 ) ;
#1343 = ORIENTED_EDGE ( 'NONE', *, *, #4556, .T. ) ;
#1344 = ORIENTED_EDGE ( 'NONE', *, *, #3779, .F. ) ;
#1345 = FACE_OUTER_BOUND ( 'NONE', #789, .T. ) ;
#1346 = DIRECTION ( 'NONE',  ( 0.000000000000000000, 1.000000000000000000, 0.000000000000000000 ) ) ;
#1347 = ADVANCED_FACE ( 'NONE', ( #1511 ), #1810, .F. ) ;
#1348 = CYLINDRICAL_SURFACE ( 'NONE', #5092, 0.002666666666666660940 ) ;
#1349 = VERTEX_POINT ( 'NONE', #2715 ) ;
#1350 = ORIENTED_EDGE ( 'NONE', *, *, #952, .F. ) ;
#1352 = ADVANCED_FACE ( 'NONE', ( #2684 ), #1364, .F. ) ;
#1351 = CARTESIAN_POINT ( 'NONE',  ( -0.04088539262671590097, -0.03352861162192870281, 0.01533333333333330127 ) ) ;
#1353 = CARTESIAN_POINT ( 'NONE',  ( -0.02739318157540597889, -0.06242955220272881217, 0.02125231771917318602 ) ) ;
#1354 = DIRECTION ( 'NONE',  ( -0.000000000000000000, -0.000000000000000000, -1.000000000000000000 ) ) ;
#1355 = CIRCLE ( 'NONE', #3494, 0.01244101517130730486 ) ;
#1356 = ORIENTED_EDGE ( 'NONE', *, *, #4758, .F. ) ;
#1357 = EDGE_LOOP ( 'NONE', ( #4306, #1493, #3023, #947 ) ) ;
#1358 = DIRECTION ( 'NONE',  ( 0.000000000000000000, -1.000000000000000000, 0.000000000000000000 ) ) ;
#1359 = DIRECTION ( 'NONE',  ( 0.000000000000000000, 0.000000000000000000, 1.000000000000000000 ) ) ;
#1360 = AXIS2_PLACEMENT_3D ( 'NONE', #4865, #5283, #4888 ) ;
#1361 = AXIS2_PLACEMENT_3D ( 'NONE', #190, #2604, #3089 ) ;
#1362 = CARTESIAN_POINT ( 'NONE',  ( -0.07225078231024960329, -0.006277465638260160304, 0.01533333333333330127 ) ) ;
#1363 = CARTESIAN_POINT ( 'NONE',  ( 0.03391741979004279928, 0.01935257457580279866, 0.01533333333333330127 ) ) ;
#1364 = TOROIDAL_SURFACE ( 'NONE', #3673, 0.05999999999999999778, 0.02000000000000000042 ) ;
#1365 = AXIS2_PLACEMENT_3D ( 'NONE', #4503, #4083, #2830 ) ;
#1366 = VERTEX_POINT ( 'NONE', #2227 ) ;
#1367 = EDGE_CURVE ( 'NONE', #3929, #1479, #5037, .T. ) ;
#1368 = CARTESIAN_POINT ( 'NONE',  ( -0.05283053357327879146, 0.005229167893059082257, 0.02595770451249423613 ) ) ;
#1369 = CARTESIAN_POINT ( 'NONE',  ( -0.06045780101371723420, -0.003655451917629629066, 0.02162901020733322063 ) ) ;
#1370 = ADVANCED_FACE ( 'NONE', ( #3950, #3440 ), #600, .T. ) ;
#1371 = CARTESIAN_POINT ( 'NONE',  ( 0.03403971687369830579, -0.0006502491675292838358, 0.01622255335173848623 ) ) ;
#1372 = DIRECTION ( 'NONE',  ( -0.1593568374122680265, -0.9872210483827622562, 0.000000000000000000 ) ) ;
#1373 = ORIENTED_EDGE ( 'NONE', *, *, #4761, .T. ) ;
#1374 = ORIENTED_EDGE ( 'NONE', *, *, #700, .F. ) ;
#1375 = LINE ( 'NONE', #2596, #3065 ) ;
#1376 = CARTESIAN_POINT ( 'NONE',  ( 0.0006955553706668550018, -0.06836997324807830845, -0.002000000000000000042 ) ) ;
#1377 = CARTESIAN_POINT ( 'NONE',  ( 0.001716097499945679885, -0.04133682421324889888, 0.03533333333333329995 ) ) ;
#1378 = ORIENTED_EDGE ( 'NONE', *, *, #5076, .F. ) ;
#1379 = CARTESIAN_POINT ( 'NONE',  ( 0.02636288287307209099, -0.004109206175523968420, 0.02131790944212084288 ) ) ;
#1380 = DIRECTION ( 'NONE',  ( 0.000000000000000000, 0.000000000000000000, 1.000000000000000000 ) ) ;
#1381 = CARTESIAN_POINT ( 'NONE',  ( -0.005583469040968206884, -0.06436389552993883323, 0.01929734511648600881 ) ) ;
#1382 = EDGE_CURVE ( 'NONE', #1842, #3467, #2203, .T. ) ;
#1383 = ORIENTED_EDGE ( 'NONE', *, *, #534, .F. ) ;
#1384 = LINE ( 'NONE', #2184, #4774 ) ;
#1385 =( NAMED_UNIT ( * ) PLANE_ANGLE_UNIT ( ) SI_UNIT ( $, .RADIAN. ) );
#1386 = CARTESIAN_POINT ( 'NONE',  ( -0.03821334628574796222, -0.05389976509459735304, 0.02712690131019077078 ) ) ;
#1387 = CARTESIAN_POINT ( 'NONE',  ( -0.02745884242858033855, -0.07490558684565511161, 0.01533333333333330474 ) ) ;
#1388 = EDGE_CURVE ( 'NONE', #4886, #69, #5145, .T. ) ;
#1389 = ORIENTED_EDGE ( 'NONE', *, *, #114, .T. ) ;
#1390 = CARTESIAN_POINT ( 'NONE',  ( -0.05265254035280217404, 0.006961715409233638560, 0.02455252570294835443 ) ) ;
#1391 = CARTESIAN_POINT ( 'NONE',  ( 0.002637409667174720265, 0.01782786876683460295, 0.02971533699836136772 ) ) ;
#1392 = PLANE ( 'NONE',  #2004 ) ;
#1393 = DIRECTION ( 'NONE',  ( 0.3878284186334243766, 0.9217315865805497666, 0.000000000000000000 ) ) ;
#1394 = ADVANCED_FACE ( 'NONE', ( #1000 ), #1429, .F. ) ;
#1395 = ORIENTED_EDGE ( 'NONE', *, *, #2805, .F. ) ;
#1396 = EDGE_CURVE ( 'NONE', #3503, #2068, #2719, .T. ) ;
#1397 = VERTEX_POINT ( 'NONE', #3464 ) ;
#1398 = DIRECTION ( 'NONE',  ( 0.9872210483827359440, -0.1593568374124310072, 0.000000000000000000 ) ) ;
#1399 = CARTESIAN_POINT ( 'NONE',  ( -0.01868909580902789955, -0.1133198630410190005, 0.01533333333333330127 ) ) ;
#1400 = CARTESIAN_POINT ( 'NONE',  ( -0.02146807733903840013, -0.09530126511910470832, 0.01533333333333330127 ) ) ;
#1401 = VERTEX_POINT ( 'NONE', #3898 ) ;
#1402 = DIRECTION ( 'NONE',  ( -1.000000000000000000, 0.000000000000000000, -0.000000000000000000 ) ) ;
#1403 = CARTESIAN_POINT ( 'NONE',  ( -0.02827770998289041299, -0.06302757126418903622, 0.02050277946113523292 ) ) ;
#1404 = CARTESIAN_POINT ( 'NONE',  ( 0.02836768587861262722, -0.01386820872226320576, 0.02123151208047112035 ) ) ;
#1405 = CIRCLE ( 'NONE', #4905, 0.01243021965889979860 ) ;
#1406 = EDGE_LOOP ( 'NONE', ( #4061, #3435 ) ) ;
#1407 = CARTESIAN_POINT ( 'NONE',  ( -0.05522392207278330190, 0.01716285864767479880, 0.01533333333333330127 ) ) ;
#1408 = PRESENTATION_STYLE_ASSIGNMENT (( #2563 ) ) ;
#1409 = DIRECTION ( 'NONE',  ( -0.3343341265222758429, -0.9424546099641014640, 0.000000000000000000 ) ) ;
#1410 = EDGE_CURVE ( 'NONE', #2505, #2034, #4339, .T. ) ;
#1411 = CARTESIAN_POINT ( 'NONE',  ( -0.03732086144197672983, 0.01784978828022119185, 0.02952363529961623059 ) ) ;
#1412 = ORIENTED_EDGE ( 'NONE', *, *, #4367, .F. ) ;
#1413 = CARTESIAN_POINT ( 'NONE',  ( -0.05270826341900950590, 0.005936794984972693263, 0.02543877858528897570 ) ) ;
#1414 = CARTESIAN_POINT ( 'NONE',  ( 0.02555758307304119986, -0.002938928915574720146, 0.01533333333333330127 ) ) ;
#1415 = EDGE_CURVE ( 'NONE', #3139, #1440, #496, .T. ) ;
#1416 = CARTESIAN_POINT ( 'NONE',  ( -0.04085890250005420193, 0.005813175786751169707, 0.003000000000000002665 ) ) ;
#1417 = VECTOR ( 'NONE', #329, 1.000000000000000000 ) ;
#1418 = AXIS2_PLACEMENT_3D ( 'NONE', #4304, #620, #4795 ) ;
#1419 = DIRECTION ( 'NONE',  ( -1.000000000000000000, 0.000000000000000000, 0.000000000000000000 ) ) ;
#1420 = EDGE_LOOP ( 'NONE', ( #4281, #3125, #2545, #90 ) ) ;
#1421 = CARTESIAN_POINT ( 'NONE',  ( -0.02183148374137639999, -0.09265947653977969767, 0.01533333333333330127 ) ) ;
#1422 = VECTOR ( 'NONE', #1286, 1.000000000000000000 ) ;
#1423 = FACE_BOUND ( 'NONE', #2602, .T. ) ;
#1424 = EDGE_CURVE ( 'NONE', #4330, #1649, #2308, .T. ) ;
#1425 = LINE ( 'NONE', #86, #1161 ) ;
#1426 = AXIS2_PLACEMENT_3D ( 'NONE', #4111, #3768, #493 ) ;
#1427 = ORIENTED_EDGE ( 'NONE', *, *, #1952, .T. ) ;
#1428 = ORIENTED_EDGE ( 'NONE', *, *, #4169, .F. ) ;
#1429 = CYLINDRICAL_SURFACE ( 'NONE', #1698, 0.005941869605453538664 ) ;
#1430 = DIRECTION ( 'NONE',  ( -1.000000000000000000, 0.000000000000000000, 0.000000000000000000 ) ) ;
#1431 = CARTESIAN_POINT ( 'NONE',  ( 0.03449615183473724728, -0.008876652088392573275, 0.01674170575041560374 ) ) ;
#1432 = ADVANCED_FACE ( 'NONE', ( #2631 ), #5171, .F. ) ;
#1433 = VERTEX_POINT ( 'NONE', #3849 ) ;
#1434 = LINE ( 'NONE', #712, #3243 ) ;
#1435 = VERTEX_POINT ( 'NONE', #3873 ) ;
#1436 = CARTESIAN_POINT ( 'NONE',  ( 0.02327094808589775729, -0.01875106009192079384, 0.03060520890272952141 ) ) ;
#1437 = CARTESIAN_POINT ( 'NONE',  ( -0.03773384511786227052, -0.05474378490303038330, 0.02609890422773265134 ) ) ;
#1438 = VECTOR ( 'NONE', #4850, 1.000000000000000000 ) ;
#1439 = CARTESIAN_POINT ( 'NONE',  ( -0.03902737162975537799, 0.01813142718365298375, 0.02665901738749519925 ) ) ;
#1440 = VERTEX_POINT ( 'NONE', #3540 ) ;
#1441 = CIRCLE ( 'NONE', #5027, 0.004575000000000002676 ) ;
#1442 = DIRECTION ( 'NONE',  ( -0.9921571787660040664, -0.1249965304441823244, 0.000000000000000000 ) ) ;
#1443 = AXIS2_PLACEMENT_3D ( 'NONE', #4137, #3773, #956 ) ;
#1444 = CARTESIAN_POINT ( 'NONE',  ( 0.01992371928177917931, 0.002011686037226414168, 0.02633999293806737335 ) ) ;
#1445 = DIRECTION ( 'NONE',  ( 1.000000000000000000, 0.000000000000000000, 0.000000000000000000 ) ) ;
#1446 = CARTESIAN_POINT ( 'NONE',  ( -0.03628390250005419926, 0.008100675786751171045, 0.03533333333333329995 ) ) ;
#1447 = VECTOR ( 'NONE', #17, 1.000000000000000000 ) ;
#1448 = ADVANCED_FACE ( 'NONE', ( #1026 ), #972, .T. ) ;
#1449 = ORIENTED_EDGE ( 'NONE', *, *, #4830, .F. ) ;
#1450 = CARTESIAN_POINT ( 'NONE',  ( 0.001716097499945679885, -0.04133682421324889888, 0.007333333333333339268 ) ) ;
#1451 = AXIS2_PLACEMENT_3D ( 'NONE', #4496, #2088, #3224 ) ;
#1452 = CARTESIAN_POINT ( 'NONE',  ( 0.01808813874479574604, 0.006828306365983471959, 0.02467017077879485321 ) ) ;
#1453 = CARTESIAN_POINT ( 'NONE',  ( -0.02637256721889180006, -0.06489351390960140797, 0.01533333333333330127 ) ) ;
#1454 = EDGE_LOOP ( 'NONE', ( #2131, #2304, #4130, #2162, #3144, #1782, #515, #4759, #4182, #265, #118, #1538, #4648, #1024 ) ) ;
#1455 = ORIENTED_EDGE ( 'NONE', *, *, #4926, .F. ) ;
#1456 = ORIENTED_EDGE ( 'NONE', *, *, #3361, .F. ) ;
#1457 = VERTEX_POINT ( 'NONE', #3060 ) ;
#1458 = DIRECTION ( 'NONE',  ( 0.000000000000000000, 0.000000000000000000, 1.000000000000000000 ) ) ;
#1459 = DIRECTION ( 'NONE',  ( -0.000000000000000000, -0.000000000000000000, 1.000000000000000000 ) ) ;
#1460 = CARTESIAN_POINT ( 'NONE',  ( -0.006233310726714935343, -0.06309029589333804700, 0.02043504914405384551 ) ) ;
#1461 = EDGE_CURVE ( 'NONE', #15, #4161, #2458, .T. ) ;
#1462 = ORIENTED_EDGE ( 'NONE', *, *, #9, .T. ) ;
#1463 = LINE ( 'NONE', #1051, #3758 ) ;
#1464 = DIRECTION ( 'NONE',  ( 0.000000000000000000, 0.000000000000000000, -1.000000000000000000 ) ) ;
#1465 = FACE_BOUND ( 'NONE', #1693, .T. ) ;
#1466 = CARTESIAN_POINT ( 'NONE',  ( -0.03822231440574060807, -0.05388640713992857989, 0.02714267003965178601 ) ) ;
#1467 = CARTESIAN_POINT ( 'NONE',  ( -0.03522129706374618752, 0.01808680215516766596, 0.03334443742354845780 ) ) ;
#1468 = ORIENTED_EDGE ( 'NONE', *, *, #1424, .F. ) ;
#1469 = CARTESIAN_POINT ( 'NONE',  ( -0.02601838095739940002, -0.08383642269516329570, -0.002000000000000000042 ) ) ;
#1470 = FACE_OUTER_BOUND ( 'NONE', #598, .T. ) ;
#1471 = CYLINDRICAL_SURFACE ( 'NONE', #814, 0.002874999999999999951 ) ;
#1472 = DIRECTION ( 'NONE',  ( 1.000000000000000000, 0.000000000000000000, 0.000000000000000000 ) ) ;
#1473 = ORIENTED_EDGE ( 'NONE', *, *, #2883, .T. ) ;
#1474 = DIRECTION ( 'NONE',  ( 0.000000000000000000, 0.000000000000000000, -1.000000000000000000 ) ) ;
#1475 = CARTESIAN_POINT ( 'NONE',  ( -0.07346247080367890314, 0.003308734947698240003, 0.01533333333333330127 ) ) ;
#1476 = CARTESIAN_POINT ( 'NONE',  ( -0.01728890371215159941, -0.1256818337813389863, -0.002000000000000000042 ) ) ;
#1477 = EDGE_CURVE ( 'NONE', #199, #3839, #3601, .T. ) ;
#1478 = ORIENTED_EDGE ( 'NONE', *, *, #1741, .T. ) ;
#1479 = VERTEX_POINT ( 'NONE', #4769 ) ;
#1480 = DIRECTION ( 'NONE',  ( 0.000000000000000000, 0.000000000000000000, -1.000000000000000000 ) ) ;
#1481 = DIRECTION ( 'NONE',  ( -1.000000000000000000, 0.000000000000000000, 0.000000000000000000 ) ) ;
#1482 = CARTESIAN_POINT ( 'NONE',  ( -0.02902861062923620464, -0.06465098155201634555, 0.01908492763566174352 ) ) ;
#1483 = EDGE_CURVE ( 'NONE', #1366, #2910, #4885, .T. ) ;
#1484 = DIRECTION ( 'NONE',  ( -1.000000000000000000, 0.000000000000000000, 0.000000000000000000 ) ) ;
#1485 = DIRECTION ( 'NONE',  ( 1.000000000000000000, 0.000000000000000000, 0.000000000000000000 ) ) ;
#1486 = DIRECTION ( 'NONE',  ( 0.000000000000000000, 1.000000000000000000, 0.000000000000000000 ) ) ;
#1487 = DIRECTION ( 'NONE',  ( 1.000000000000000000, 0.000000000000000000, 0.000000000000000000 ) ) ;
#1488 = CARTESIAN_POINT ( 'NONE',  ( -0.03731145987961682203, -0.05589355335755962634, 0.02468487467508069522 ) ) ;
#1489 = AXIS2_PLACEMENT_3D ( 'NONE', #432, #2014, #1592 ) ;
#1490 = DIRECTION ( 'NONE',  ( 0.000000000000000000, 0.000000000000000000, -1.000000000000000000 ) ) ;
#1491 = EDGE_CURVE ( 'NONE', #2663, #3670, #2512, .T. ) ;
#1492 = EDGE_CURVE ( 'NONE', #2629, #3710, #4859, .T. ) ;
#1493 = ORIENTED_EDGE ( 'NONE', *, *, #2000, .T. ) ;
#1494 = VERTEX_POINT ( 'NONE', #860 ) ;
#1495 = CARTESIAN_POINT ( 'NONE',  ( -0.03512852689113721283, -0.06922107818258946277, 0.01609919901766881586 ) ) ;
#1496 = CIRCLE ( 'NONE', #3897, 0.01244101517130729966 ) ;
#1497 = CARTESIAN_POINT ( 'NONE',  ( 0.01848275384281628658, 0.004465617147723774036, 0.02639080161881914369 ) ) ;
#1498 = DIRECTION ( 'NONE',  ( 0.000000000000000000, 0.000000000000000000, 1.000000000000000000 ) ) ;
#1499 = CARTESIAN_POINT ( 'NONE',  ( -0.01728390250005419973, -0.01776182421324879954, 0.03533333333333329995 ) ) ;
#1500 = CIRCLE ( 'NONE', #4833, 0.05999999999999999778 ) ;
#1501 = VERTEX_POINT ( 'NONE', #1131 ) ;
#1502 = DIRECTION ( 'NONE',  ( 1.000000000000000000, 0.000000000000000000, 0.000000000000000000 ) ) ;
#1503 = CIRCLE ( 'NONE', #4741, 0.01244101517130730139 ) ;
#1504 = DIRECTION ( 'NONE',  ( 0.000000000000000000, 0.000000000000000000, -1.000000000000000000 ) ) ;
#1505 = CARTESIAN_POINT ( 'NONE',  ( 0.002716097499945800686, -0.01776182421324879954, -0.002000000000000000042 ) ) ;
#1506 = AXIS2_PLACEMENT_3D ( 'NONE', #1363, #529, #1739 ) ;
#1507 = VERTEX_POINT ( 'NONE', #79 ) ;
#1508 = EDGE_LOOP ( 'NONE', ( #1428, #1982, #4505, #3443 ) ) ;
#1509 = CARTESIAN_POINT ( 'NONE',  ( 0.06307388673459229933, 0.04043185484335189844, -0.002000000000000000042 ) ) ;
#1510 = ADVANCED_FACE ( 'NONE', ( #1718 ), #1109, .F. ) ;
#1511 = FACE_OUTER_BOUND ( 'NONE', #1643, .T. ) ;
#1512 = LINE ( 'NONE', #1861, #3288 ) ;
#1513 = CIRCLE ( 'NONE', #4076, 0.03333333333333331899 ) ;
#1514 = CARTESIAN_POINT ( 'NONE',  ( -0.008702294046323928375, -0.06227549747734179714, 0.02173594796369969842 ) ) ;
#1515 = EDGE_CURVE ( 'NONE', #5111, #1253, #3097, .T. ) ;
#1516 = CIRCLE ( 'NONE', #820, 0.005941869605453536929 ) ;
#1517 = DIRECTION ( 'NONE',  ( 0.000000000000000000, 0.000000000000000000, -1.000000000000000000 ) ) ;
#1518 = FACE_OUTER_BOUND ( 'NONE', #3896, .T. ) ;
#1519 = CARTESIAN_POINT ( 'NONE',  ( -0.01128390250005419961, 0.01608689572003640239, 0.007333333333333339268 ) ) ;
#1520 = CARTESIAN_POINT ( 'NONE',  ( -0.03701462446525318611, 0.01784518296846862584, 0.03005737830226622165 ) ) ;
#1521 = EDGE_LOOP ( 'NONE', ( #3376, #2922, #692, #3938 ) ) ;
#1522 = ORIENTED_EDGE ( 'NONE', *, *, #3954, .T. ) ;
#1523 = FACE_OUTER_BOUND ( 'NONE', #2909, .T. ) ;
#1524 = DIRECTION ( 'NONE',  ( 0.000000000000000000, 0.000000000000000000, -1.000000000000000000 ) ) ;
#1525 = DIRECTION ( 'NONE',  ( 0.000000000000000000, 0.000000000000000000, 1.000000000000000000 ) ) ;
#1526 = DIRECTION ( 'NONE',  ( -0.7752800883440450486, 0.6316175936571509775, 0.000000000000000000 ) ) ;
#1527 = EDGE_CURVE ( 'NONE', #3393, #4225, #938, .T. ) ;
#1528 = CIRCLE ( 'NONE', #2124, 0.01377434850464229373 ) ;
#1529 = VECTOR ( 'NONE', #3430, 1.000000000000000000 ) ;
#1530 = ORIENTED_EDGE ( 'NONE', *, *, #1278, .F. ) ;
#1531 = CYLINDRICAL_SURFACE ( 'NONE', #4338, 0.04282794805387679649 ) ;
#1532 = EDGE_CURVE ( 'NONE', #3710, #2062, #2718, .T. ) ;
#1533 = LINE ( 'NONE', #2274, #3204 ) ;
#1534 = AXIS2_PLACEMENT_3D ( 'NONE', #2990, #1275, #877 ) ;
#1535 = VECTOR ( 'NONE', #3339, 1.000000000000000000 ) ;
#1536 = CARTESIAN_POINT ( 'NONE',  ( 0.06571377101354000660, 0.02514786021174129915, -0.002000000000000000042 ) ) ;
#1537 = ORIENTED_EDGE ( 'NONE', *, *, #2638, .T. ) ;
#1538 = ORIENTED_EDGE ( 'NONE', *, *, #4329, .F. ) ;
#1539 = VECTOR ( 'NONE', #3973, 1.000000000000000000 ) ;
#1540 = DIRECTION ( 'NONE',  ( -1.000000000000000000, 0.000000000000000000, 0.000000000000000000 ) ) ;
#1541 = CARTESIAN_POINT ( 'NONE',  ( 0.02382154586516124078, 0.01836453210278776380, 0.01604078474788238340 ) ) ;
#1542 = DIRECTION ( 'NONE',  ( 0.000000000000000000, 0.000000000000000000, -1.000000000000000000 ) ) ;
#1543 = DIRECTION ( 'NONE',  ( 0.9921414760388321818, -0.1251211074259151734, 0.000000000000000000 ) ) ;
#1544 = CARTESIAN_POINT ( 'NONE',  ( -0.03942146225569340134, 0.01828142439688169862, -0.002000000000000000042 ) ) ;
#1545 = VECTOR ( 'NONE', #4366, 1.000000000000000000 ) ;
#1546 = VERTEX_POINT ( 'NONE', #4621 ) ;
#1547 = CARTESIAN_POINT ( 'NONE',  ( -0.02646224574435180124, -0.08108446880333260165, -0.002000000000000000042 ) ) ;
#1548 = DIRECTION ( 'NONE',  ( -1.000000000000000000, 0.000000000000000000, 0.000000000000000000 ) ) ;
#1549 = DIRECTION ( 'NONE',  ( 0.000000000000000000, -1.000000000000000000, 0.000000000000000000 ) ) ;
#1550 = ORIENTED_EDGE ( 'NONE', *, *, #1337, .T. ) ;
#1551 = VERTEX_POINT ( 'NONE', #2540 ) ;
#1552 = DIRECTION ( 'NONE',  ( -0.6962115615928240464, 0.7178366537761089461, 0.000000000000000000 ) ) ;
#1553 = CARTESIAN_POINT ( 'NONE',  ( 0.01819401642093424962, 0.005587480023069331739, 0.02570284907204945304 ) ) ;
#1554 = DIRECTION ( 'NONE',  ( 0.9346369257563119648, 0.3556034547256120004, 0.000000000000000000 ) ) ;
#1555 = EDGE_CURVE ( 'NONE', #5221, #3756, #533, .T. ) ;
#1556 = CARTESIAN_POINT ( 'NONE',  ( 0.002278232599827128765, -0.05856523377913849804, 0.02182447549771929923 ) ) ;
#1557 = ORIENTED_EDGE ( 'NONE', *, *, #2269, .F. ) ;
#1558 = CARTESIAN_POINT ( 'NONE',  ( -0.04085890250005420193, 0.005813175786751169707, 0.03533333333333329995 ) ) ;
#1559 = DIRECTION ( 'NONE',  ( -1.000000000000000000, 0.000000000000000000, 0.000000000000000000 ) ) ;
#1560 = DIRECTION ( 'NONE',  ( 0.000000000000000000, 0.000000000000000000, -1.000000000000000000 ) ) ;
#1561 = ADVANCED_FACE ( 'NONE', ( #2942 ), #907, .F. ) ;
#1562 = ADVANCED_FACE ( 'NONE', ( #510 ), #2619, .T. ) ;
#1563 = EDGE_LOOP ( 'NONE', ( #5013, #4692, #2028, #755 ) ) ;
#1564 = ORIENTED_EDGE ( 'NONE', *, *, #1410, .T. ) ;
#1565 = ORIENTED_EDGE ( 'NONE', *, *, #247, .T. ) ;
#1566 = CARTESIAN_POINT ( 'NONE',  ( -0.06374431216442481840, -0.004496430161227723925, 0.01910063306839701602 ) ) ;
#1567 = LINE ( 'NONE', #2825, #4471 ) ;
#1568 = DIRECTION ( 'NONE',  ( 0.5807678026198180854, -0.8140692596088788813, 0.000000000000000000 ) ) ;
#1569 = ORIENTED_EDGE ( 'NONE', *, *, #1332, .T. ) ;
#1570 = CYLINDRICAL_SURFACE ( 'NONE', #676, 0.002875000000000002554 ) ;
#1571 = FACE_OUTER_BOUND ( 'NONE', #4250, .T. ) ;
#1572 = DIRECTION ( 'NONE',  ( 0.000000000000000000, 0.000000000000000000, 1.000000000000000000 ) ) ;
#1573 = EDGE_LOOP ( 'NONE', ( #3834, #3515, #3306, #2578, #584 ) ) ;
#1574 = VERTEX_POINT ( 'NONE', #2217 ) ;
#1575 = DIRECTION ( 'NONE',  ( 0.1212201958154782294, -0.9926256414814484952, 0.000000000000000000 ) ) ;
#1576 = CARTESIAN_POINT ( 'NONE',  ( 0.02058450890133072669, 0.001359772273965699496, 0.02579250647506544855 ) ) ;
#1577 = EDGE_CURVE ( 'NONE', #4607, #4176, #3863, .T. ) ;
#1578 = CARTESIAN_POINT ( 'NONE',  ( -0.004625141157988650088, 0.007541355848816589519, -0.002000000000000000042 ) ) ;
#1579 = CARTESIAN_POINT ( 'NONE',  ( 0.001133497876823245541, -0.06565690447061431345, 0.01729649467847099373 ) ) ;
#1580 = VERTEX_POINT ( 'NONE', #2165 ) ;
#1581 = EDGE_CURVE ( 'NONE', #812, #2572, #3669, .T. ) ;
#1582 = CARTESIAN_POINT ( 'NONE',  ( -0.05778614122961873295, -7.963700840304683681E-05, 0.02307911789326323737 ) ) ;
#1583 = LINE ( 'NONE', #3596, #2949 ) ;
#1584 = CIRCLE ( 'NONE', #1319, 0.005941869605453538664 ) ;
#1585 = DIRECTION ( 'NONE',  ( 0.000000000000000000, 0.000000000000000000, -1.000000000000000000 ) ) ;
#1586 = VERTEX_POINT ( 'NONE', #2783 ) ;
#1587 = ORIENTED_EDGE ( 'NONE', *, *, #4718, .F. ) ;
#1588 = LINE ( 'NONE', #4079, #1438 ) ;
#1589 = CIRCLE ( 'NONE', #379, 0.04000000000000002165 ) ;
#1590 = DIRECTION ( 'NONE',  ( 0.000000000000000000, 0.000000000000000000, 1.000000000000000000 ) ) ;
#1591 = EDGE_CURVE ( 'NONE', #1842, #4280, #314, .T. ) ;
#1592 = DIRECTION ( 'NONE',  ( 0.1212201958154782294, -0.9926256414814484952, 0.000000000000000000 ) ) ;
#1593 = AXIS2_PLACEMENT_3D ( 'NONE', #1102, #2356, #1127 ) ;
#1594 = CARTESIAN_POINT ( 'NONE',  ( 0.06402971703382759339, 0.02721548525137639993, -0.002000000000000000042 ) ) ;
#1595 = ORIENTED_EDGE ( 'NONE', *, *, #1555, .F. ) ;
#1596 = CARTESIAN_POINT ( 'NONE',  ( -0.1107428717566319998, 0.03620251174752270318, 0.01533333333333330127 ) ) ;
#1597 = AXIS2_PLACEMENT_3D ( 'NONE', #2813, #5215, #4870 ) ;
#1598 = ADVANCED_FACE ( 'NONE', ( #3102 ), #1090, .T. ) ;
#1599 = DIRECTION ( 'NONE',  ( 0.000000000000000000, 0.000000000000000000, -1.000000000000000000 ) ) ;
#1600 = CARTESIAN_POINT ( 'NONE',  ( -0.05638314909478380627, 0.02473731446395653275, 0.01542387491354509435 ) ) ;
#1601 = ORIENTED_EDGE ( 'NONE', *, *, #2734, .F. ) ;
#1602 = ORIENTED_EDGE ( 'NONE', *, *, #4393, .F. ) ;
#1603 = FACE_BOUND ( 'NONE', #1406, .T. ) ;
#1604 = CARTESIAN_POINT ( 'NONE',  ( 0.02143464507969776098, 0.0007303902254177516628, 0.02494786429065850436 ) ) ;
#1605 = DIRECTION ( 'NONE',  ( -1.000000000000000000, 0.000000000000000000, 0.000000000000000000 ) ) ;
#1606 = DIRECTION ( 'NONE',  ( 0.000000000000000000, 0.000000000000000000, -1.000000000000000000 ) ) ;
#1607 = ORIENTED_EDGE ( 'NONE', *, *, #2496, .F. ) ;
#1608 = CARTESIAN_POINT ( 'NONE',  ( -0.0003407797996382779947, 0.01847255991507119888, -0.002000000000000000042 ) ) ;
#1609 = CARTESIAN_POINT ( 'NONE',  ( -0.01728390250005419973, -0.01776182421324879954, 0.02173594796369979903 ) ) ;
#1610 = DIRECTION ( 'NONE',  ( -1.000000000000000000, 0.000000000000000000, 0.000000000000000000 ) ) ;
#1611 = AXIS2_PLACEMENT_3D ( 'NONE', #1172, #3637, #826 ) ;
#1612 = EDGE_CURVE ( 'NONE', #1586, #852, #1267, .T. ) ;
#1613 = ORIENTED_EDGE ( 'NONE', *, *, #1555, .T. ) ;
#1614 = VERTEX_POINT ( 'NONE', #4754 ) ;
#1615 = LINE ( 'NONE', #3300, #1797 ) ;
#1616 = AXIS2_PLACEMENT_3D ( 'NONE', #3313, #4941, #1358 ) ;
#1617 = AXIS2_PLACEMENT_3D ( 'NONE', #469, #2159, #3396 ) ;
#1618 = CARTESIAN_POINT ( 'NONE',  ( -0.01558670285152560092, -0.1106703527502240075, 0.01533333333333330127 ) ) ;
#1619 = CARTESIAN_POINT ( 'NONE',  ( 0.003416097499945659408, -0.04133682421324889888, 0.003000000000000002665 ) ) ;
#1620 = VECTOR ( 'NONE', #113, 1.000000000000000000 ) ;
#1621 = AXIS2_PLACEMENT_3D ( 'NONE', #492, #1380, #3009 ) ;
#1622 = CARTESIAN_POINT ( 'NONE',  ( 0.02499924630905669964, -0.01661175939213460281, 0.02602382026951199911 ) ) ;
#1623 = FACE_OUTER_BOUND ( 'NONE', #2423, .T. ) ;
#1624 = DIRECTION ( 'NONE',  ( 0.000000000000000000, 0.000000000000000000, -1.000000000000000000 ) ) ;
#1625 = ADVANCED_FACE ( 'NONE', ( #1470 ), #3912, .T. ) ;
#1626 = ORIENTED_EDGE ( 'NONE', *, *, #2310, .T. ) ;
#1627 = ORIENTED_EDGE ( 'NONE', *, *, #3658, .T. ) ;
#1628 = CARTESIAN_POINT ( 'NONE',  ( -0.03677782464203054741, -0.05899546106275296159, 0.02135444121154447469 ) ) ;
#1629 = CARTESIAN_POINT ( 'NONE',  ( 0.02012162790138660728, 0.001800211700407761215, 0.02619037943150507100 ) ) ;
#1630 = DIRECTION ( 'NONE',  ( 0.000000000000000000, 0.000000000000000000, -1.000000000000000000 ) ) ;
#1631 = CARTESIAN_POINT ( 'NONE',  ( -0.01728890371317540198, -0.1381228489526480085, 0.01533333333333330127 ) ) ;
#1632 = ORIENTED_EDGE ( 'NONE', *, *, #1325, .F. ) ;
#1633 = CARTESIAN_POINT ( 'NONE',  ( -0.05623566397037165626, 0.0005935213270707798139, 0.02470155187273494896 ) ) ;
#1634 = CARTESIAN_POINT ( 'NONE',  ( -0.02900521001857279957, -0.06531813491755900092, 0.01533333333333330127 ) ) ;
#1635 = DIRECTION ( 'NONE',  ( 0.000000000000000000, 0.000000000000000000, 1.000000000000000000 ) ) ;
#1636 = VERTEX_POINT ( 'NONE', #231 ) ;
#1637 = ORIENTED_EDGE ( 'NONE', *, *, #4186, .F. ) ;
#1638 = DIRECTION ( 'NONE',  ( -1.000000000000000000, 0.000000000000000000, 0.000000000000000000 ) ) ;
#1639 = CARTESIAN_POINT ( 'NONE',  ( 0.01688070856837126793, 0.01530650947513302607, 0.01968187214020501383 ) ) ;
#1640 = EDGE_CURVE ( 'NONE', #4188, #4196, #2375, .T. ) ;
#1641 = DIRECTION ( 'NONE',  ( -1.000000000000000000, 0.000000000000000000, 0.000000000000000000 ) ) ;
#1642 =( LENGTH_UNIT ( ) NAMED_UNIT ( * ) SI_UNIT ( $, .METRE. ) );
#1643 = EDGE_LOOP ( 'NONE', ( #1883, #3075, #3007, #3214 ) ) ;
#1645 = EDGE_CURVE ( 'NONE', #1106, #2656, #5213, .T. ) ;
#1644 = CARTESIAN_POINT ( 'NONE',  ( -0.03628390250005419926, -0.04591182421324879748, 0.007333333333333339268 ) ) ;
#1646 = DIRECTION ( 'NONE',  ( -0.2559669305055999877, -0.9666855385737086470, 0.000000000000000000 ) ) ;
#1647 = CARTESIAN_POINT ( 'NONE',  ( -0.05359956562414272541, 0.02367783794788444821, 0.01593731358195430922 ) ) ;
#1648 = ORIENTED_EDGE ( 'NONE', *, *, #4891, .T. ) ;
#1649 = VERTEX_POINT ( 'NONE', #3962 ) ;
#1650 = DIRECTION ( 'NONE',  ( 0.000000000000000000, 0.000000000000000000, 1.000000000000000000 ) ) ;
#1651 = CARTESIAN_POINT ( 'NONE',  ( 0.02293221097100597503, 8.911884975491392175E-06, 0.02337521168208923569 ) ) ;
#1652 = EDGE_CURVE ( 'NONE', #2807, #4539, #2322, .T. ) ;
#1653 = CYLINDRICAL_SURFACE ( 'NONE', #1759, 0.006666666666666669697 ) ;
#1654 = ADVANCED_FACE ( 'NONE', ( #4481 ), #340, .F. ) ;
#1655 = FACE_OUTER_BOUND ( 'NONE', #1104, .T. ) ;
#1656 = ORIENTED_EDGE ( 'NONE', *, *, #1002, .T. ) ;
#1657 = EDGE_CURVE ( 'NONE', #2765, #3910, #2038, .T. ) ;
#1658 = CARTESIAN_POINT ( 'NONE',  ( 0.006291097499945689717, 0.005813175786751169707, 0.007333333333333339268 ) ) ;
#1659 = CARTESIAN_POINT ( 'NONE',  ( -0.04314640250005419980, 0.001238175786751180042, 0.03533333333333329995 ) ) ;
#1660 = CARTESIAN_POINT ( 'NONE',  ( -0.01074255144759739961, -0.08066066941835309256, 0.01533333333333330127 ) ) ;
#1661 = AXIS2_PLACEMENT_3D ( 'NONE', #2148, #2575, #1346 ) ;
#1662 = ORIENTED_EDGE ( 'NONE', *, *, #2033, .F. ) ;
#1663 = ORIENTED_EDGE ( 'NONE', *, *, #2661, .F. ) ;
#1664 = PLANE ( 'NONE',  #3591 ) ;
#1665 = VECTOR ( 'NONE', #128, 1.000000000000000000 ) ;
#1666 = DIRECTION ( 'NONE',  ( 0.000000000000000000, 0.000000000000000000, 1.000000000000000000 ) ) ;
#1667 = CARTESIAN_POINT ( 'NONE',  ( -0.05154164917202470192, 0.01192854298007909979, 0.02173594796369979903 ) ) ;
#1668 = DIRECTION ( 'NONE',  ( 1.000000000000000000, 0.000000000000000000, 0.000000000000000000 ) ) ;
#1669 = ORIENTED_EDGE ( 'NONE', *, *, #2271, .T. ) ;
#1670 = EDGE_CURVE ( 'NONE', #69, #3624, #3753, .T. ) ;
#1671 = CARTESIAN_POINT ( 'NONE',  ( 0.02786547160622945135, -0.004732538981909778855, 0.02014237184537927619 ) ) ;
#1672 = DIRECTION ( 'NONE',  ( -0.9202491198784975568, 0.3913330517127969199, 0.000000000000000000 ) ) ;
#1673 = VECTOR ( 'NONE', #1111, 1.000000000000000000 ) ;
#1674 = CIRCLE ( 'NONE', #1418, 0.007206576865976092178 ) ;
#1675 = FACE_OUTER_BOUND ( 'NONE', #1420, .T. ) ;
#1676 = ADVANCED_FACE ( 'NONE', ( #3664 ), #5285, .F. ) ;
#1677 = CIRCLE ( 'NONE', #4072, 0.005941869605453538664 ) ;
#1678 = ORIENTED_EDGE ( 'NONE', *, *, #3454, .F. ) ;
#1679 = ORIENTED_EDGE ( 'NONE', *, *, #1762, .F. ) ;
#1680 = FACE_OUTER_BOUND ( 'NONE', #4052, .T. ) ;
#1681 = CARTESIAN_POINT ( 'NONE',  ( 0.006291097499945669767, 0.005813175786751299812, 0.003000000000000002665 ) ) ;
#1682 = DIRECTION ( 'NONE',  ( 0.000000000000000000, 0.000000000000000000, -1.000000000000000000 ) ) ;
#1683 = AXIS2_PLACEMENT_3D ( 'NONE', #2938, #4216, #2078 ) ;
#1684 = CARTESIAN_POINT ( 'NONE',  ( -0.02864579172327800377, -0.06754652204266255178, 0.01739337752619714988 ) ) ;
#1685 = ORIENTED_EDGE ( 'NONE', *, *, #4022, .F. ) ;
#1686 = CARTESIAN_POINT ( 'NONE',  ( -0.05090612446325377266, 0.01398830802059513635, 0.02081425325252183808 ) ) ;
#1687 = VECTOR ( 'NONE', #4550, 1.000000000000000000 ) ;
#1688 = VERTEX_POINT ( 'NONE', #2534 ) ;
#1689 = CARTESIAN_POINT ( 'NONE',  ( -0.06364660101767925793, -0.004538531061477182015, 0.01917689742505004208 ) ) ;
#1690 = LINE ( 'NONE', #2513, #4142 ) ;
#1691 = CARTESIAN_POINT ( 'NONE',  ( -0.03422626339067039863, 0.01847291612599069946, 0.01533333333333330127 ) ) ;
#1692 = EDGE_CURVE ( 'NONE', #2215, #3503, #4678, .T. ) ;
#1693 = EDGE_LOOP ( 'NONE', ( #1857, #2588 ) ) ;
#1694 = EDGE_LOOP ( 'NONE', ( #2139, #843, #537, #49 ) ) ;
#1695 = DIRECTION ( 'NONE',  ( 1.000000000000000000, 0.000000000000000000, 0.000000000000000000 ) ) ;
#1696 = DIRECTION ( 'NONE',  ( -1.000000000000000000, 0.000000000000000000, 0.000000000000000000 ) ) ;
#1697 = CIRCLE ( 'NONE', #1712, 0.002666666666666660072 ) ;
#1698 = AXIS2_PLACEMENT_3D ( 'NONE', #4709, #2659, #1481 ) ;
#1699 = LINE ( 'NONE', #3333, #2606 ) ;
#1700 = LINE ( 'NONE', #2121, #1687 ) ;
#1701 = ORIENTED_EDGE ( 'NONE', *, *, #166, .F. ) ;
#1702 = AXIS2_PLACEMENT_3D ( 'NONE', #210, #3967, #3081 ) ;
#1703 = COLOUR_RGB ( '',0.7921568627450980005, 0.8196078431372548767, 0.9333333333333333481 ) ;
#1704 = CARTESIAN_POINT ( 'NONE',  ( 0.02826070602839213936, -0.004729205582048590963, 0.01982866270382536988 ) ) ;
#1705 = DIRECTION ( 'NONE',  ( -1.000000000000000000, 0.000000000000000000, 0.000000000000000000 ) ) ;
#1706 = CIRCLE ( 'NONE', #5277, 0.04282794805387680342 ) ;
#1707 = VECTOR ( 'NONE', #3522, 1.000000000000000000 ) ;
#1708 = CARTESIAN_POINT ( 'NONE',  ( 0.01086609749994579995, 0.001238175786751180042, 0.007333333333333339268 ) ) ;
#1709 = VERTEX_POINT ( 'NONE', #148 ) ;
#1710 = VERTEX_POINT ( 'NONE', #2965 ) ;
#1711 = CARTESIAN_POINT ( 'NONE',  ( 0.06477356746432749723, 0.03122689814222059934, 0.01533333333333330127 ) ) ;
#1712 = AXIS2_PLACEMENT_3D ( 'NONE', #3516, #3171, #323 ) ;
#1713 = CARTESIAN_POINT ( 'NONE',  ( -0.06264472424169480191, -0.002064822877712970024, -0.002000000000000000042 ) ) ;
#1714 = CARTESIAN_POINT ( 'NONE',  ( 0.02976172443940350298, -0.004134618937700460309, -0.002000000000000000042 ) ) ;
#1715 = LINE ( 'NONE', #4971, #4326 ) ;
#1716 = ORIENTED_EDGE ( 'NONE', *, *, #1382, .F. ) ;
#1717 = CARTESIAN_POINT ( 'NONE',  ( -0.05379542939951696690, 0.002914246466380430913, 0.02670274080207279965 ) ) ;
#1718 = FACE_OUTER_BOUND ( 'NONE', #617, .T. ) ;
#1719 = EDGE_CURVE ( 'NONE', #4966, #1457, #4943, .T. ) ;
#1720 = CYLINDRICAL_SURFACE ( 'NONE', #2519, 0.006666666666666669697 ) ;
#1721 = CARTESIAN_POINT ( 'NONE',  ( -0.06753374972773110163, 0.02184817649600809958, 0.01533333333333330127 ) ) ;
#1722 = EDGE_LOOP ( 'NONE', ( #960, #4464 ) ) ;
#1723 = ORIENTED_EDGE ( 'NONE', *, *, #2163, .F. ) ;
#1724 = DIRECTION ( 'NONE',  ( -1.000000000000000000, 0.000000000000000000, 0.000000000000000000 ) ) ;
#1725 = DIRECTION ( 'NONE',  ( 0.000000000000000000, 0.000000000000000000, -1.000000000000000000 ) ) ;
#1726 = EDGE_CURVE ( 'NONE', #2215, #4619, #4242, .T. ) ;
#1727 = CARTESIAN_POINT ( 'NONE',  ( -0.05355681074096189931, 0.01367503516792010002, -0.002000000000000000042 ) ) ;
#1728 = ORIENTED_EDGE ( 'NONE', *, *, #2261, .F. ) ;
#1729 = MANIFOLD_SOLID_BREP ( 'new base[1]', #4938 ) ;
#1730 = ORIENTED_EDGE ( 'NONE', *, *, #441, .F. ) ;
#1731 = CARTESIAN_POINT ( 'NONE',  ( 0.02732626906771446276, -0.004625784512947275773, 0.02057339593411876971 ) ) ;
#1732 = CARTESIAN_POINT ( 'NONE',  ( -0.01728390250005419973, -0.01776182421324879954, 0.01533333333333330127 ) ) ;
#1733 = CARTESIAN_POINT ( 'NONE',  ( -0.04085890250005420193, -0.04133682421324889888, 0.003000000000000000062 ) ) ;
#1734 = EDGE_CURVE ( 'NONE', #3854, #1551, #587, .T. ) ;
#1735 = ORIENTED_EDGE ( 'NONE', *, *, #150, .F. ) ;
#1736 = EDGE_LOOP ( 'NONE', ( #3689, #2698, #3223, #5196 ) ) ;
#1737 = DIRECTION ( 'NONE',  ( -1.000000000000000000, 0.000000000000000000, 0.000000000000000000 ) ) ;
#1738 = LINE ( 'NONE', #3744, #3213 ) ;
#1739 = DIRECTION ( 'NONE',  ( 0.4022892837522134002, 0.9155126062365996908, 0.000000000000000000 ) ) ;
#1740 = EDGE_LOOP ( 'NONE', ( #832, #5195 ) ) ;
#1741 = EDGE_CURVE ( 'NONE', #193, #77, #2731, .T. ) ;
#1742 = CARTESIAN_POINT ( 'NONE',  ( -0.05269134189760191905, 0.006076286878336955438, 0.02532740438831708463 ) ) ;
#1743 = EDGE_LOOP ( 'NONE', ( #4911, #393 ) ) ;
#1744 = CARTESIAN_POINT ( 'NONE',  ( -0.06848233854769970874, 0.01935593044841529831, 0.01533333333333330127 ) ) ;
#1745 = CARTESIAN_POINT ( 'NONE',  ( 0.02976172443940350298, -0.004134618937700480258, 0.01864355648677560109 ) ) ;
#1746 = CARTESIAN_POINT ( 'NONE',  ( -0.007442257853564979847, -0.07694917109290060064, 0.01533333333333330127 ) ) ;
#1747 = EDGE_CURVE ( 'NONE', #777, #4720, #3856, .T. ) ;
#1748 = ORIENTED_EDGE ( 'NONE', *, *, #782, .T. ) ;
#1749 = VERTEX_POINT ( 'NONE', #4164 ) ;
#1750 = FACE_OUTER_BOUND ( 'NONE', #1764, .T. ) ;
#1751 = CYLINDRICAL_SURFACE ( 'NONE', #1147, 0.002666666666666657470 ) ;
#1752 = CIRCLE ( 'NONE', #2945, 0.002666666666666663542 ) ;
#1753 = DIRECTION ( 'NONE',  ( 0.000000000000000000, 0.000000000000000000, -1.000000000000000000 ) ) ;
#1754 = VERTEX_POINT ( 'NONE', #4662 ) ;
#1755 = VERTEX_POINT ( 'NONE', #1007 ) ;
#1756 = AXIS2_PLACEMENT_3D ( 'NONE', #3963, #1873, #4670 ) ;
#1757 = CARTESIAN_POINT ( 'NONE',  ( -0.04085890250005419500, 0.005813175786751299812, 0.003000000000000000062 ) ) ;
#1758 = DIRECTION ( 'NONE',  ( 0.000000000000000000, 0.000000000000000000, -1.000000000000000000 ) ) ;
#1759 = AXIS2_PLACEMENT_3D ( 'NONE', #4916, #4616, #856 ) ;
#1760 = CARTESIAN_POINT ( 'NONE',  ( -0.01728390250005419973, -0.01776182421324879954, 0.01533333333333330127 ) ) ;
#1761 = ADVANCED_FACE ( 'NONE', ( #5022 ), #501, .T. ) ;
#1762 = EDGE_CURVE ( 'NONE', #3509, #100, #4425, .T. ) ;
#1763 = ORIENTED_EDGE ( 'NONE', *, *, #4894, .F. ) ;
#1764 = EDGE_LOOP ( 'NONE', ( #2795, #2284, #2056, #1564, #2772 ) ) ;
#1765 = CARTESIAN_POINT ( 'NONE',  ( -0.05713536099587099987, -0.02120584159941189817, 0.03533333333333329995 ) ) ;
#1766 = VECTOR ( 'NONE', #2521, 1.000000000000000000 ) ;
#1767 = DIRECTION ( 'NONE',  ( -0.3343341265222758429, -0.9424546099641014640, 0.000000000000000000 ) ) ;
#1768 = DIRECTION ( 'NONE',  ( 0.000000000000000000, 0.000000000000000000, 1.000000000000000000 ) ) ;
#1769 = AXIS2_PLACEMENT_3D ( 'NONE', #4645, #3433, #3838 ) ;
#1770 = ORIENTED_EDGE ( 'NONE', *, *, #2837, .T. ) ;
#1771 = CARTESIAN_POINT ( 'NONE',  ( -0.05310339911415833808, 0.004311667781051101329, 0.02646376798838745437 ) ) ;
#1772 = DIRECTION ( 'NONE',  ( 0.000000000000000000, 0.000000000000000000, -1.000000000000000000 ) ) ;
#1773 = VECTOR ( 'NONE', #251, 1.000000000000000000 ) ;
#1774 = DIRECTION ( 'NONE',  ( 0.000000000000000000, 0.000000000000000000, -1.000000000000000000 ) ) ;
#1775 = LINE ( 'NONE', #5031, #2357 ) ;
#1776 = EDGE_LOOP ( 'NONE', ( #3651, #2087, #550, #4443 ) ) ;
#1777 = ORIENTED_EDGE ( 'NONE', *, *, #1477, .T. ) ;
#1778 = DIRECTION ( 'NONE',  ( 1.000000000000000000, 0.000000000000000000, 0.000000000000000000 ) ) ;
#1779 = LINE ( 'NONE', #4574, #4056 ) ;
#1780 = EDGE_CURVE ( 'NONE', #3085, #2880, #2815, .T. ) ;
#1781 = FACE_OUTER_BOUND ( 'NONE', #1521, .T. ) ;
#1782 = ORIENTED_EDGE ( 'NONE', *, *, #3706, .F. ) ;
#1783 = DIRECTION ( 'NONE',  ( -0.000000000000000000, -0.000000000000000000, -1.000000000000000000 ) ) ;
#1784 = CARTESIAN_POINT ( 'NONE',  ( -0.02831809445237311665, -0.06306973684042697925, 0.02045713307123313285 ) ) ;
#1785 = EDGE_CURVE ( 'NONE', #4008, #942, #580, .T. ) ;
#1786 = CARTESIAN_POINT ( 'NONE',  ( -0.005564904086692190610, -0.06531890041224761023, 0.01864343055400280100 ) ) ;
#1787 = VECTOR ( 'NONE', #3510, 1.000000000000000000 ) ;
#1788 = AXIS2_PLACEMENT_3D ( 'NONE', #2700, #4698, #283 ) ;
#1789 = ORIENTED_EDGE ( 'NONE', *, *, #4612, .F. ) ;
#1790 = CARTESIAN_POINT ( 'NONE',  ( -0.05783622373442299375, -0.01875520982887787444, 0.03061519202124754133 ) ) ;
#1791 = VECTOR ( 'NONE', #4241, 1.000000000000000000 ) ;
#1792 = CIRCLE ( 'NONE', #3156, 0.002666666666666656169 ) ;
#1793 = CARTESIAN_POINT ( 'NONE',  ( -0.03733796099604637375, -0.05579770194575129488, 0.02480110924706097411 ) ) ;
#1794 = CARTESIAN_POINT ( 'NONE',  ( -0.02824416471726056213, -0.07003660243372669680, 0.01644609392217484187 ) ) ;
#1795 = EDGE_CURVE ( 'NONE', #1253, #1457, #175, .T. ) ;
#1796 = CIRCLE ( 'NONE', #4098, 0.005941869605453536929 ) ;
#1797 = VECTOR ( 'NONE', #3757, 1.000000000000000000 ) ;
#1798 = VERTEX_POINT ( 'NONE', #4995 ) ;
#1799 = CARTESIAN_POINT ( 'NONE',  ( -0.05290130208882582591, 0.004948473953807687453, 0.02613308646753235293 ) ) ;
#1800 = CARTESIAN_POINT ( 'NONE',  ( 0.002131635764374138851, 0.01785422678042778225, 0.03061577162091654036 ) ) ;
#1801 = CARTESIAN_POINT ( 'NONE',  ( -0.06377727074517379469, -0.02177984449710580056, 0.01533333333333330127 ) ) ;
#1802 = CARTESIAN_POINT ( 'NONE',  ( 0.009303487855330675252, 0.01997370785974393603, 0.02086893534742607914 ) ) ;
#1803 = ORIENTED_EDGE ( 'NONE', *, *, #3267, .F. ) ;
#1804 = ORIENTED_EDGE ( 'NONE', *, *, #232, .T. ) ;
#1805 = CARTESIAN_POINT ( 'NONE',  ( -0.01728390250005419973, -0.01776182421324879954, 0.03533333333333329995 ) ) ;
#1806 = CARTESIAN_POINT ( 'NONE',  ( -0.04085890250005420193, 0.005813175786751169707, 0.03533333333333329995 ) ) ;
#1807 = DIRECTION ( 'NONE',  ( 0.000000000000000000, 0.000000000000000000, -1.000000000000000000 ) ) ;
#1808 = ORIENTED_EDGE ( 'NONE', *, *, #2060, .F. ) ;
#1809 = VERTEX_POINT ( 'NONE', #2991 ) ;
#1810 = CYLINDRICAL_SURFACE ( 'NONE', #417, 0.002875000000000002554 ) ;
#1811 = CARTESIAN_POINT ( 'NONE',  ( -0.02750503743291436362, -0.06247789355208495377, 0.02117997504450030641 ) ) ;
#1812 = CARTESIAN_POINT ( 'NONE',  ( -0.006189806711268181459, -0.06313856367479743492, 0.02038220043428728978 ) ) ;
#1813 = EDGE_CURVE ( 'NONE', #3782, #3139, #3743, .T. ) ;
#1814 = ORIENTED_EDGE ( 'NONE', *, *, #4726, .T. ) ;
#1815 = LINE ( 'NONE', #3955, #3668 ) ;
#1816 = CARTESIAN_POINT ( 'NONE',  ( -0.03771080212603742515, -0.05479268284182956666, 0.02603837388110225026 ) ) ;
#1817 = CARTESIAN_POINT ( 'NONE',  ( -0.01128390250005419961, 0.01038817578675120014, 0.03533333333333329995 ) ) ;
#1818 = ORIENTED_EDGE ( 'NONE', *, *, #4427, .F. ) ;
#1819 = CARTESIAN_POINT ( 'NONE',  ( -0.05318896428670819715, 0.004096503099641466555, 0.02654302391065589684 ) ) ;
#1820 = EDGE_CURVE ( 'NONE', #812, #3414, #4693, .T. ) ;
#1821 = EDGE_CURVE ( 'NONE', #1265, #3562, #2693, .T. ) ;
#1822 = DIRECTION ( 'NONE',  ( -1.000000000000000000, 0.000000000000000000, 0.000000000000000000 ) ) ;
#1823 = CARTESIAN_POINT ( 'NONE',  ( -0.01128390250005419961, 0.01038817578675120014, 0.03533333333333329995 ) ) ;
#1824 = DIRECTION ( 'NONE',  ( 0.9872210483827621452, -0.1593568374122680265, 0.000000000000000000 ) ) ;
#1825 = ORIENTED_EDGE ( 'NONE', *, *, #406, .T. ) ;
#1826 = CARTESIAN_POINT ( 'NONE',  ( 0.07618006796862089591, 0.03619384939407049862, -0.002000000000000000042 ) ) ;
#1827 = CARTESIAN_POINT ( 'NONE',  ( 0.01818089289827240149, 0.008016566273714061108, 0.02353833905499589513 ) ) ;
#1828 = LINE ( 'NONE', #3460, #1766 ) ;
#1829 = ORIENTED_EDGE ( 'NONE', *, *, #2269, .T. ) ;
#1830 = ORIENTED_EDGE ( 'NONE', *, *, #4581, .T. ) ;
#1831 = CARTESIAN_POINT ( 'NONE',  ( -0.05328972908013270005, 0.009782532076213899808, 0.01533333333333330127 ) ) ;
#1832 = CARTESIAN_POINT ( 'NONE',  ( -0.02586764140117909713, -0.06227508670425110221, 0.02173594796369979903 ) ) ;
#1833 = CARTESIAN_POINT ( 'NONE',  ( -0.005944088816224130101, -0.06346458449501853061, 0.02005351140618921724 ) ) ;
#1834 = AXIS2_PLACEMENT_3D ( 'NONE', #1126, #1504, #1099 ) ;
#1835 = EDGE_LOOP ( 'NONE', ( #3486, #1045, #1395, #3207 ) ) ;
#1836 = CARTESIAN_POINT ( 'NONE',  ( -0.07225078231024960329, -0.006277465638260160304, -0.002000000000000000042 ) ) ;
#1837 = CARTESIAN_POINT ( 'NONE',  ( 0.02337245765929336222, -0.01855878337839244122, 0.03022021598859328528 ) ) ;
#1838 = VECTOR ( 'NONE', #80, 1.000000000000000000 ) ;
#1839 = CARTESIAN_POINT ( 'NONE',  ( -0.03781566331076410825, -0.05457188174050468799, 0.02631162136534302351 ) ) ;
#1840 = EDGE_CURVE ( 'NONE', #1117, #4506, #1884, .T. ) ;
#1841 = DIRECTION ( 'NONE',  ( -0.6316175936571509775, -0.7752800883440450486, 0.000000000000000000 ) ) ;
#1842 = VERTEX_POINT ( 'NONE', #1031 ) ;
#1843 = DIRECTION ( 'NONE',  ( 0.000000000000000000, 0.000000000000000000, -1.000000000000000000 ) ) ;
#1844 = CARTESIAN_POINT ( 'NONE',  ( 0.01959949397639304536, 0.002395428858540482858, 0.02654851876668185701 ) ) ;
#1845 = DIRECTION ( 'NONE',  ( 1.000000000000000000, 0.000000000000000000, 0.000000000000000000 ) ) ;
#1846 = AXIS2_PLACEMENT_3D ( 'NONE', #1594, #3573, #1543 ) ;
#1847 = AXIS2_PLACEMENT_3D ( 'NONE', #3703, #5207, #4806 ) ;
#1848 = DIRECTION ( 'NONE',  ( 0.000000000000000000, 0.000000000000000000, -1.000000000000000000 ) ) ;
#1849 = ORIENTED_EDGE ( 'NONE', *, *, #2759, .F. ) ;
#1850 = CARTESIAN_POINT ( 'NONE',  ( -0.005564904086692190610, -0.06531890041224761023, 0.01864343055400280100 ) ) ;
#1851 = CIRCLE ( 'NONE', #2100, 0.002666666666666656169 ) ;
#1852 = DIRECTION ( 'NONE',  ( -1.000000000000000000, 0.000000000000000000, 0.000000000000000000 ) ) ;
#1853 = CARTESIAN_POINT ( 'NONE',  ( 0.06307388673459229933, 0.04043185484335189844, 0.01533333333333330127 ) ) ;
#1854 = AXIS2_PLACEMENT_3D ( 'NONE', #1733, #1354, #4611 ) ;
#1855 = EDGE_CURVE ( 'NONE', #1614, #2022, #4289, .T. ) ;
#1856 = VERTEX_POINT ( 'NONE', #225 ) ;
#1857 = ORIENTED_EDGE ( 'NONE', *, *, #534, .T. ) ;
#1858 = ORIENTED_EDGE ( 'NONE', *, *, #198, .T. ) ;
#1859 = ORIENTED_EDGE ( 'NONE', *, *, #4192, .T. ) ;
#1860 = DIRECTION ( 'NONE',  ( 0.000000000000000000, 0.000000000000000000, 1.000000000000000000 ) ) ;
#1861 = CARTESIAN_POINT ( 'NONE',  ( -0.03628390250005419926, 0.008100675786751171045, 0.007333333333333339268 ) ) ;
#1862 = CARTESIAN_POINT ( 'NONE',  ( 0.02823731819379302760, -0.01397439152341809106, 0.02137291388381698173 ) ) ;
#1863 = CARTESIAN_POINT ( 'NONE',  ( -0.04085890250005420193, -0.04133682421324889888, 0.03533333333333329995 ) ) ;
#1864 = ORIENTED_EDGE ( 'NONE', *, *, #4847, .T. ) ;
#1865 = LINE ( 'NONE', #2256, #4866 ) ;
#1866 = LINE ( 'NONE', #3498, #1094 ) ;
#1867 = CARTESIAN_POINT ( 'NONE',  ( -0.03773337911072296991, -0.05474476610815896815, 0.02609768994871193570 ) ) ;
#1868 = VECTOR ( 'NONE', #3569, 1.000000000000000000 ) ;
#1869 = CARTESIAN_POINT ( 'NONE',  ( -0.03942146225569340134, 0.01828142439688169862, 0.02602382026951199911 ) ) ;
#1870 = EDGE_LOOP ( 'NONE', ( #5231, #1035, #3080, #2123, #2800 ) ) ;
#1871 = DIRECTION ( 'NONE',  ( 0.000000000000000000, 0.000000000000000000, 1.000000000000000000 ) ) ;
#1872 = CARTESIAN_POINT ( 'NONE',  ( 0.01819676849164634722, 0.005571724067864117225, 0.02571439180690852228 ) ) ;
#1873 = DIRECTION ( 'NONE',  ( -1.000000000000000000, 0.000000000000000000, 0.000000000000000000 ) ) ;
#1874 = CARTESIAN_POINT ( 'NONE',  ( 0.002928209110990019019, -0.05453860710159159908, 0.02666007728757928408 ) ) ;
#1875 = VECTOR ( 'NONE', #2721, 1.000000000000000000 ) ;
#1876 = AXIS2_PLACEMENT_3D ( 'NONE', #2096, #4907, #1239 ) ;
#1877 = ORIENTED_EDGE ( 'NONE', *, *, #4160, .T. ) ;
#1878 = EDGE_CURVE ( 'NONE', #934, #629, #1866, .T. ) ;
#1879 = CARTESIAN_POINT ( 'NONE',  ( -0.05093222794251284213, 0.01320313201311924985, 0.02132227537968308870 ) ) ;
#1880 = CARTESIAN_POINT ( 'NONE',  ( 0.01808813492894529099, 0.006824014388791516117, 0.02467407092150808792 ) ) ;
#1881 = CARTESIAN_POINT ( 'NONE',  ( -0.02162186247643630224, -0.1110947601435229998, -0.002000000000000000042 ) ) ;
#1882 = ORIENTED_EDGE ( 'NONE', *, *, #2734, .T. ) ;
#1883 = ORIENTED_EDGE ( 'NONE', *, *, #3129, .F. ) ;
#1884 = B_SPLINE_CURVE_WITH_KNOTS ( 'NONE', 3,
 ( #3932, #3905, #2233, #4317, #1894, #3879, #195, #661, #1837, #255, #3523, #5150, #2641, #3470, #2286, #1436, #3095, #4715, #4266, #2666, #3069 ),
 .UNSPECIFIED., .F., .F.,
 ( 4, 2, 2, 2, 1, 1, 1, 1, 1, 2, 2, 2, 4 ),
 ( 0.000000000000000000, 0.2499999999999879541, 0.3749999999999817923, 0.4374999999999787392, 0.4687499999999772404, 0.4843749999999767963, 0.4921874999999762412, 0.4960937499999758526, 0.4980468749999759637, 0.4990234374999760747, 0.4999999999999762412, 0.7499999999999880096, 1.000000000000000000 ),
 .UNSPECIFIED. ) ;
#1885 = CARTESIAN_POINT ( 'NONE',  ( -0.01728390250005419973, -0.01776182421324879954, 0.03533333333333329995 ) ) ;
#1886 = ADVANCED_FACE ( 'NONE', ( #1465, #660, #4779, #1167, #1916 ), #3608, .T. ) ;
#1887 = ADVANCED_FACE ( 'NONE', ( #1571 ), #3497, .F. ) ;
#1888 = CARTESIAN_POINT ( 'NONE',  ( -0.02903787610060828625, -0.06479561291754257213, 0.01898420130011989337 ) ) ;
#1889 = CARTESIAN_POINT ( 'NONE',  ( 0.07618006796862089591, 0.03619384939407049862, 0.01533333333333330127 ) ) ;
#1890 = EDGE_CURVE ( 'NONE', #280, #4212, #507, .T. ) ;
#1891 = DIRECTION ( 'NONE',  ( 0.000000000000000000, 0.000000000000000000, -1.000000000000000000 ) ) ;
#1892 = ORIENTED_EDGE ( 'NONE', *, *, #2853, .F. ) ;
#1893 = DIRECTION ( 'NONE',  ( -1.000000000000000000, 0.000000000000000000, -0.000000000000000000 ) ) ;
#1894 = CARTESIAN_POINT ( 'NONE',  ( 0.02377393213931991087, -0.01791321154611072441, 0.02890244884181726245 ) ) ;
#1895 = CARTESIAN_POINT ( 'NONE',  ( -0.03738757446996467115, -0.05563039053750583329, 0.02500509218535480055 ) ) ;
#1896 = CARTESIAN_POINT ( 'NONE',  ( -0.03422626339067039863, 0.01847291612599069946, 0.03533333333333329995 ) ) ;
#1897 = ORIENTED_EDGE ( 'NONE', *, *, #958, .F. ) ;
#1898 = ORIENTED_EDGE ( 'NONE', *, *, #476, .F. ) ;
#1899 = CARTESIAN_POINT ( 'NONE',  ( -0.04085890250005420193, -0.04133682421324889888, 0.003000000000000000062 ) ) ;
#1900 = CARTESIAN_POINT ( 'NONE',  ( 0.01878873282187438001, 0.003707270520111025786, 0.02666093576815928290 ) ) ;
#1901 = CYLINDRICAL_SURFACE ( 'NONE', #728, 0.001649999999999998690 ) ;
#1902 = CARTESIAN_POINT ( 'NONE',  ( 0.04255395192319549880, 0.009669945944443160066, 0.01533333333333330127 ) ) ;
#1903 = ADVANCED_FACE ( 'NONE', ( #5205 ), #2339, .F. ) ;
#1904 = ORIENTED_EDGE ( 'NONE', *, *, #4498, .T. ) ;
#1905 = CYLINDRICAL_SURFACE ( 'NONE', #2288, 0.002666666666666660940 ) ;
#1906 = FACE_BOUND ( 'NONE', #4940, .T. ) ;
#1907 = DIRECTION ( 'NONE',  ( 0.000000000000000000, 0.000000000000000000, 1.000000000000000000 ) ) ;
#1908 = ADVANCED_FACE ( 'NONE', ( #1518, #3981 ), #743, .T. ) ;
#1909 = ORIENTED_EDGE ( 'NONE', *, *, #1515, .T. ) ;
#1910 = ORIENTED_EDGE ( 'NONE', *, *, #2829, .F. ) ;
#1911 = LINE ( 'NONE', #2766, #1539 ) ;
#1912 = DIRECTION ( 'NONE',  ( 0.8838891631269315541, 0.4676964264421661910, 0.000000000000000000 ) ) ;
#1913 = DIRECTION ( 'NONE',  ( 0.000000000000000000, 1.000000000000000000, 0.000000000000000000 ) ) ;
#1914 = CYLINDRICAL_SURFACE ( 'NONE', #4400, 0.002666666666666664409 ) ;
#1915 = DIRECTION ( 'NONE',  ( -1.000000000000000000, 0.000000000000000000, 0.000000000000000000 ) ) ;
#1916 = FACE_OUTER_BOUND ( 'NONE', #897, .T. ) ;
#1917 = CARTESIAN_POINT ( 'NONE',  ( 0.008578597499945739627, 0.001238175786751180042, 0.007333333333333339268 ) ) ;
#1918 = CIRCLE ( 'NONE', #4138, 0.002666666666666660940 ) ;
#1919 = DIRECTION ( 'NONE',  ( -3.791745302681550511E-16, -1.000000000000000000, 0.000000000000000000 ) ) ;
#1920 = ADVANCED_FACE ( 'NONE', ( #305 ), #5228, .T. ) ;
#1921 = ORIENTED_EDGE ( 'NONE', *, *, #4331, .F. ) ;
#1922 = ORIENTED_EDGE ( 'NONE', *, *, #4071, .F. ) ;
#1923 = CARTESIAN_POINT ( 'NONE',  ( -0.03567004593861354544, -0.06586366958878506206, 0.01722796014519691055 ) ) ;
#1924 = VECTOR ( 'NONE', #3241, 1.000000000000000000 ) ;
#1925 = CARTESIAN_POINT ( 'NONE',  ( 0.01819647276468653110, 0.005573412192430174904, 0.02571315634871286504 ) ) ;
#1926 = FACE_OUTER_BOUND ( 'NONE', #3261, .T. ) ;
#1927 = DIRECTION ( 'NONE',  ( -1.000000000000000000, 0.000000000000000000, 0.000000000000000000 ) ) ;
#1928 = AXIS2_PLACEMENT_3D ( 'NONE', #3265, #362, #2756 ) ;
#1929 = VERTEX_POINT ( 'NONE', #3203 ) ;
#1930 = CARTESIAN_POINT ( 'NONE',  ( -0.05154164917202470192, 0.01192854298007909979, 0.02173594796369979903 ) ) ;
#1931 = VECTOR ( 'NONE', #1021, 1.000000000000000000 ) ;
#1932 = CARTESIAN_POINT ( 'NONE',  ( 0.01825943346707412096, 0.008380291491026314876, 0.02317253810672274469 ) ) ;
#1933 = CARTESIAN_POINT ( 'NONE',  ( 0.07618006796862089591, 0.03619384939407049862, -0.002000000000000000042 ) ) ;
#1934 = CIRCLE ( 'NONE', #3221, 0.001960000000000003406 ) ;
#1935 = ORIENTED_EDGE ( 'NONE', *, *, #4128, .T. ) ;
#1936 = ORIENTED_EDGE ( 'NONE', *, *, #2599, .F. ) ;
#1937 = LINE ( 'NONE', #1966, #774 ) ;
#1939 = EDGE_CURVE ( 'NONE', #1349, #23, #4011, .T. ) ;
#1938 = DIRECTION ( 'NONE',  ( -1.000000000000000000, 0.000000000000000000, 0.000000000000000000 ) ) ;
#1940 = CARTESIAN_POINT ( 'NONE',  ( 0.04255395192319549880, 0.009669945944443160066, 0.01533333333333330127 ) ) ;
#1941 = AXIS2_PLACEMENT_3D ( 'NONE', #5182, #2726, #1085 ) ;
#1942 = CARTESIAN_POINT ( 'NONE',  ( -0.05986023632434030184, 0.006822264406046800109, 0.01533333333333330127 ) ) ;
#1944 = EDGE_CURVE ( 'NONE', #4579, #2400, #254, .T. ) ;
#1943 = CARTESIAN_POINT ( 'NONE',  ( 0.07618006796862089591, 0.03619384939407049862, 0.01533333333333330127 ) ) ;
#1945 = CARTESIAN_POINT ( 'NONE',  ( -0.03491703289460066501, -0.04133682421324889888, 0.003000000000000000062 ) ) ;
#1946 = LINE ( 'NONE', #4499, #2786 ) ;
#1947 = DIRECTION ( 'NONE',  ( 0.000000000000000000, 0.000000000000000000, 1.000000000000000000 ) ) ;
#1948 = EDGE_LOOP ( 'NONE', ( #3407, #4912, #3086, #4374 ) ) ;
#1949 = ORIENTED_EDGE ( 'NONE', *, *, #434, .F. ) ;
#1950 = CARTESIAN_POINT ( 'NONE',  ( -0.09859364826557089068, 0.02722262204431919949, -0.002000000000000000042 ) ) ;
#1951 = CARTESIAN_POINT ( 'NONE',  ( 0.01814057359272813752, 0.005945004367645364933, 0.02542889582065101933 ) ) ;
#1952 = EDGE_CURVE ( 'NONE', #5035, #3058, #631, .T. ) ;
#1953 = LINE ( 'NONE', #4090, #4650 ) ;
#1954 = EDGE_CURVE ( 'NONE', #2962, #1809, #3500, .T. ) ;
#1955 = CARTESIAN_POINT ( 'NONE',  ( -0.01728390250005419973, -0.01776182421324879954, 0.007333333333333339268 ) ) ;
#1956 = AXIS2_PLACEMENT_3D ( 'NONE', #43, #4434, #878 ) ;
#1957 = ORIENTED_EDGE ( 'NONE', *, *, #3984, .T. ) ;
#1958 = DIRECTION ( 'NONE',  ( 0.000000000000000000, 0.000000000000000000, -1.000000000000000000 ) ) ;
#1959 = CARTESIAN_POINT ( 'NONE',  ( 0.03889601333667469518, 0.003305141789905500106, 0.01533333333333330127 ) ) ;
#1960 = AXIS2_PLACEMENT_3D ( 'NONE', #926, #1030, #1915 ) ;
#1961 = AXIS2_PLACEMENT_3D ( 'NONE', #1052, #2313, #277 ) ;
#1962 = CARTESIAN_POINT ( 'NONE',  ( -0.08652447629721170264, 0.01738991581246950024, 0.01533333333333330127 ) ) ;
#1963 = ORIENTED_EDGE ( 'NONE', *, *, #2297, .F. ) ;
#1964 = ORIENTED_EDGE ( 'NONE', *, *, #1890, .T. ) ;
#1965 = AXIS2_PLACEMENT_3D ( 'NONE', #3088, #4767, #5197 ) ;
#1966 = CARTESIAN_POINT ( 'NONE',  ( -0.04619904595271299985, -0.04540082707355779651, 0.01533333333333330127 ) ) ;
#1967 = CARTESIAN_POINT ( 'NONE',  ( 0.02147077857546680901, 0.01747013028060974763, 0.01674288848320047707 ) ) ;
#1968 = CARTESIAN_POINT ( 'NONE',  ( 0.01970183992220139735, 0.02392999271917040094, -0.002000000000000000042 ) ) ;
#1969 = LINE ( 'NONE', #2799, #1160 ) ;
#1970 = VERTEX_POINT ( 'NONE', #1547 ) ;
#1971 = EDGE_CURVE ( 'NONE', #4822, #1230, #5149, .T. ) ;
#1972 = DIRECTION ( 'NONE',  ( -1.000000000000000000, 0.000000000000000000, 0.000000000000000000 ) ) ;
#1973 = CARTESIAN_POINT ( 'NONE',  ( -0.01728390250005419973, -0.01776182421324879954, -0.01766666666666660140 ) ) ;
#1974 = CARTESIAN_POINT ( 'NONE',  ( -0.04934273798810906442, 0.02205762107243874892, 0.01740291607194172779 ) ) ;
#1975 = EDGE_CURVE ( 'NONE', #924, #4212, #1138, .T. ) ;
#1976 = ORIENTED_EDGE ( 'NONE', *, *, #2704, .T. ) ;
#1977 = ORIENTED_EDGE ( 'NONE', *, *, #2708, .T. ) ;
#1978 = FACE_OUTER_BOUND ( 'NONE', #3695, .T. ) ;
#1979 = DIRECTION ( 'NONE',  ( -0.000000000000000000, -0.000000000000000000, 1.000000000000000000 ) ) ;
#1980 = CARTESIAN_POINT ( 'NONE',  ( -0.04085890250005420193, 0.005813175786751169707, -0.2722511313201919636 ) ) ;
#1981 = CARTESIAN_POINT ( 'NONE',  ( 0.002331554265389989503, -0.05823490424051792902, 0.02212710304539383666 ) ) ;
#1982 = ORIENTED_EDGE ( 'NONE', *, *, #207, .F. ) ;
#1983 = CARTESIAN_POINT ( 'NONE',  ( -0.05899069775096454221, -0.0003332204086914306441, 0.02187776223727148570 ) ) ;
#1984 = DIRECTION ( 'NONE',  ( 0.000000000000000000, 0.000000000000000000, -1.000000000000000000 ) ) ;
#1985 = CARTESIAN_POINT ( 'NONE',  ( -0.01728890371215159941, -0.1256818337813389863, -0.002000000000000000042 ) ) ;
#1986 = EDGE_CURVE ( 'NONE', #4966, #5111, #1865, .T. ) ;
#1987 = ORIENTED_EDGE ( 'NONE', *, *, #3448, .F. ) ;
#1988 = ORIENTED_EDGE ( 'NONE', *, *, #380, .T. ) ;
#1989 = CYLINDRICAL_SURFACE ( 'NONE', #4781, 0.002874999999999999951 ) ;
#1990 = CARTESIAN_POINT ( 'NONE',  ( -0.06534667672832088214, -0.01190221290002528576, 0.01901699649593048547 ) ) ;
#1991 = DIRECTION ( 'NONE',  ( 0.000000000000000000, 0.000000000000000000, -1.000000000000000000 ) ) ;
#1992 = DIRECTION ( 'NONE',  ( 0.9345922678473495004, -0.3557208074880468529, 0.000000000000000000 ) ) ;
#1993 = DIRECTION ( 'NONE',  ( 0.000000000000000000, 0.000000000000000000, 1.000000000000000000 ) ) ;
#1994 = LINE ( 'NONE', #2500, #1535 ) ;
#1995 = CARTESIAN_POINT ( 'NONE',  ( -0.02722869530446890216, -0.1181998954232640064, -0.002000000000000000042 ) ) ;
#1996 = ORIENTED_EDGE ( 'NONE', *, *, #624, .F. ) ;
#1997 = ORIENTED_EDGE ( 'NONE', *, *, #1975, .F. ) ;
#1998 = DIRECTION ( 'NONE',  ( -1.000000000000000000, 0.000000000000000000, 0.000000000000000000 ) ) ;
#1999 = CARTESIAN_POINT ( 'NONE',  ( 0.02428065641030613050, -0.0003226095778766512219, 0.02201503086292239467 ) ) ;
#2000 = EDGE_CURVE ( 'NONE', #811, #3503, #224, .T. ) ;
#2001 = AXIS2_PLACEMENT_3D ( 'NONE', #2172, #3437, #3815 ) ;
#2002 = CARTESIAN_POINT ( 'NONE',  ( -0.04589431590702950509, -0.01915093081591179996, 0.01533333333333330127 ) ) ;
#2003 = CARTESIAN_POINT ( 'NONE',  ( 0.002231450452895641402, -0.05885505077657154915, 0.02156681222636084444 ) ) ;
#2004 = AXIS2_PLACEMENT_3D ( 'NONE', #2194, #2489, #939 ) ;
#2005 = ORIENTED_EDGE ( 'NONE', *, *, #4790, .F. ) ;
#2006 = CARTESIAN_POINT ( 'NONE',  ( -0.05765889008906369129, -3.987456968099086202E-05, 0.02321009959314297363 ) ) ;
#2007 = CARTESIAN_POINT ( 'NONE',  ( -0.06717301065447943420, -0.001815263133208284366, 0.01674288848319581413 ) ) ;
#2008 = VECTOR ( 'NONE', #1525, 1.000000000000000000 ) ;
#2009 = CARTESIAN_POINT ( 'NONE',  ( 0.008578597499945739627, 0.001238175786751180042, 0.03533333333333329995 ) ) ;
#2010 = ORIENTED_EDGE ( 'NONE', *, *, #4722, .F. ) ;
#2011 = ORIENTED_EDGE ( 'NONE', *, *, #958, .T. ) ;
#2012 = FACE_OUTER_BOUND ( 'NONE', #1057, .T. ) ;
#2013 = AXIS2_PLACEMENT_3D ( 'NONE', #4000, #2275, #5166 ) ;
#2014 = DIRECTION ( 'NONE',  ( 0.000000000000000000, 0.000000000000000000, 1.000000000000000000 ) ) ;
#2015 = EDGE_CURVE ( 'NONE', #865, #4886, #4683, .T. ) ;
#2016 = CARTESIAN_POINT ( 'NONE',  ( -0.02903923386215011976, -0.06503933645790371809, 0.01881907476530198658 ) ) ;
#2017 = DIRECTION ( 'NONE',  ( 1.000000000000000000, 0.000000000000000000, 0.000000000000000000 ) ) ;
#2018 = CIRCLE ( 'NONE', #3388, 0.01244101517130730139 ) ;
#2019 = DIRECTION ( 'NONE',  ( 0.000000000000000000, 0.000000000000000000, -1.000000000000000000 ) ) ;
#2020 = DIRECTION ( 'NONE',  ( 0.000000000000000000, 0.000000000000000000, 1.000000000000000000 ) ) ;
#2021 = CIRCLE ( 'NONE', #3564, 0.04533333333338229743 ) ;
#2022 = VERTEX_POINT ( 'NONE', #3931 ) ;
#2023 = ORIENTED_EDGE ( 'NONE', *, *, #394, .F. ) ;
#2024 = CARTESIAN_POINT ( 'NONE',  ( -0.05471777092841077772, 0.01697020940374093304, 0.01739337752622037783 ) ) ;
#2025 = DIRECTION ( 'NONE',  ( -1.000000000000000000, 0.000000000000000000, 0.000000000000000000 ) ) ;
#2026 = DIRECTION ( 'NONE',  ( 0.000000000000000000, 0.000000000000000000, 1.000000000000000000 ) ) ;
#2027 = DIRECTION ( 'NONE',  ( 0.000000000000000000, 0.000000000000000000, 1.000000000000000000 ) ) ;
#2028 = ORIENTED_EDGE ( 'NONE', *, *, #2079, .T. ) ;
#2029 = CARTESIAN_POINT ( 'NONE',  ( -0.05260822192099329914, 0.01616728121551289782, 0.01864355648677560109 ) ) ;
#2030 = DIRECTION ( 'NONE',  ( 1.000000000000000000, 0.000000000000000000, 0.000000000000000000 ) ) ;
#2031 = DIRECTION ( 'NONE',  ( 0.000000000000000000, 0.000000000000000000, -1.000000000000000000 ) ) ;
#2032 = AXIS2_PLACEMENT_3D ( 'NONE', #4114, #854, #3711 ) ;
#2033 = EDGE_CURVE ( 'NONE', #4735, #3146, #3330, .T. ) ;
#2034 = VERTEX_POINT ( 'NONE', #1194 ) ;
#2035 = EDGE_LOOP ( 'NONE', ( #4226, #3704, #2928, #4257 ) ) ;
#2036 = DIRECTION ( 'NONE',  ( 0.9346369257563119648, 0.3556034547256120004, 0.000000000000000000 ) ) ;
#2037 = AXIS2_PLACEMENT_3D ( 'NONE', #5148, #2255, #2232 ) ;
#2038 = CIRCLE ( 'NONE', #2464, 0.002874999999999999951 ) ;
#2039 = CARTESIAN_POINT ( 'NONE',  ( 0.01632219460655862792, 0.01367331499300261134, 0.02103544022130792585 ) ) ;
#2040 = FACE_OUTER_BOUND ( 'NONE', #2582, .T. ) ;
#2041 = CARTESIAN_POINT ( 'NONE',  ( -0.05879618780901653408, -0.01731325783275994290, 0.02764017671349977209 ) ) ;
#2042 = ORIENTED_EDGE ( 'NONE', *, *, #4483, .F. ) ;
#2043 = VECTOR ( 'NONE', #2285, 1.000000000000000000 ) ;
#2044 = ADVANCED_FACE ( 'NONE', ( #2448 ), #3421, .F. ) ;
#2045 = EDGE_CURVE ( 'NONE', #1929, #1230, #2469, .T. ) ;
#2046 = DIRECTION ( 'NONE',  ( 0.000000000000000000, 0.000000000000000000, 1.000000000000000000 ) ) ;
#2047 = DIRECTION ( 'NONE',  ( 0.000000000000000000, 0.000000000000000000, 1.000000000000000000 ) ) ;
#2048 = CARTESIAN_POINT ( 'NONE',  ( -0.04444414352418660924, 0.02019313744871206739, 0.02041071318775925306 ) ) ;
#2049 = ADVANCED_FACE ( 'NONE', ( #1623 ), #65, .F. ) ;
#2050 = ORIENTED_EDGE ( 'NONE', *, *, #3951, .F. ) ;
#2051 = VERTEX_POINT ( 'NONE', #4451 ) ;
#2052 = CARTESIAN_POINT ( 'NONE',  ( -0.05776477087528805732, 0.01812994645572446953, 0.01622255335173848623 ) ) ;
#2053 = CARTESIAN_POINT ( 'NONE',  ( 0.02128888033675487707, 0.0008276508840059630277, 0.02509800512779359130 ) ) ;
#2054 = DIRECTION ( 'NONE',  ( 0.000000000000000000, 1.000000000000000000, 0.000000000000000000 ) ) ;
#2055 = DIRECTION ( 'NONE',  ( 0.000000000000000000, 0.000000000000000000, 1.000000000000000000 ) ) ;
#2056 = ORIENTED_EDGE ( 'NONE', *, *, #4461, .T. ) ;
#2057 = CARTESIAN_POINT ( 'NONE',  ( -0.05099701840605291858, 0.01442245422206988627, 0.02047802752140924151 ) ) ;
#2058 = CARTESIAN_POINT ( 'NONE',  ( -0.07558014236059010238, -0.003565049293469639904, 0.01533333333333330127 ) ) ;
#2059 = DIRECTION ( 'NONE',  ( -1.000000000000000000, 0.000000000000000000, 0.000000000000000000 ) ) ;
#2060 = EDGE_CURVE ( 'NONE', #4330, #777, #2737, .T. ) ;
#2061 = ORIENTED_EDGE ( 'NONE', *, *, #5123, .F. ) ;
#2062 = VERTEX_POINT ( 'NONE', #847 ) ;
#2063 = DIRECTION ( 'NONE',  ( -1.000000000000000000, 0.000000000000000000, 0.000000000000000000 ) ) ;
#2064 = CYLINDRICAL_SURFACE ( 'NONE', #4389, 0.006666666666666667962 ) ;
#2065 = ADVANCED_FACE ( 'NONE', ( #3737 ), #356, .F. ) ;
#2066 = CARTESIAN_POINT ( 'NONE',  ( 0.01632757812341753892, 0.01352101566098375118, 0.02113447889775836239 ) ) ;
#2067 = CARTESIAN_POINT ( 'NONE',  ( -0.03491703289460065807, 0.005813175786751300679, -0.002000000000000000042 ) ) ;
#2068 = VERTEX_POINT ( 'NONE', #4883 ) ;
#2069 = CARTESIAN_POINT ( 'NONE',  ( 0.02766799805228405476, -0.004709403304186369696, 0.02029833578780849968 ) ) ;
#2070 = DIRECTION ( 'NONE',  ( -1.000000000000000000, 0.000000000000000000, 0.000000000000000000 ) ) ;
#2071 = DIRECTION ( 'NONE',  ( 0.000000000000000000, 0.000000000000000000, -1.000000000000000000 ) ) ;
#2072 = EDGE_LOOP ( 'NONE', ( #4876, #1236, #1287, #16 ) ) ;
#2073 = ORIENTED_EDGE ( 'NONE', *, *, #4256, .F. ) ;
#2074 = CARTESIAN_POINT ( 'NONE',  ( -0.05742008343024981865, 0.01799875288554601480, 0.01633201212934798363 ) ) ;
#2075 = ADVANCED_FACE ( 'NONE', ( #4857 ), #3281, .F. ) ;
#2076 = CARTESIAN_POINT ( 'NONE',  ( 0.02331046533008690122, -0.0001098610400576766690, 0.02298626799322665837 ) ) ;
#2077 = DIRECTION ( 'NONE',  ( -1.826024711554529969E-16, -1.000000000000000000, 0.000000000000000000 ) ) ;
#2078 = DIRECTION ( 'NONE',  ( -0.2346838125221319959, -0.9720717607975641883, 0.000000000000000000 ) ) ;
#2079 = EDGE_CURVE ( 'NONE', #32, #3146, #3674, .T. ) ;
#2080 = ORIENTED_EDGE ( 'NONE', *, *, #1282, .F. ) ;
#2081 = FACE_OUTER_BOUND ( 'NONE', #222, .T. ) ;
#2082 = CARTESIAN_POINT ( 'NONE',  ( -0.07018134468517116253, -0.007963428211822382377, 0.01629941770086228495 ) ) ;
#2083 = DIRECTION ( 'NONE',  ( 0.000000000000000000, 0.000000000000000000, -1.000000000000000000 ) ) ;
#2084 = CARTESIAN_POINT ( 'NONE',  ( -0.04543390250005419767, -0.03676182421324879906, 0.03533333333333329995 ) ) ;
#2085 = AXIS2_PLACEMENT_3D ( 'NONE', #540, #3729, #1696 ) ;
#2086 = ORIENTED_EDGE ( 'NONE', *, *, #3827, .F. ) ;
#2087 = ORIENTED_EDGE ( 'NONE', *, *, #4894, .T. ) ;
#2088 = DIRECTION ( 'NONE',  ( 0.000000000000000000, 0.000000000000000000, -1.000000000000000000 ) ) ;
#2089 = PRODUCT_DEFINITION_SHAPE ( 'NONE', 'NONE',  #3092 ) ;
#2090 = AXIS2_PLACEMENT_3D ( 'NONE', #3672, #1227, #727 ) ;
#2091 = DIRECTION ( 'NONE',  ( 0.000000000000000000, -1.000000000000000000, 0.000000000000000000 ) ) ;
#2092 = CARTESIAN_POINT ( 'NONE',  ( 0.01697526513554530048, 0.01192690334505919908, 0.02173594796369979903 ) ) ;
#2093 = CARTESIAN_POINT ( 'NONE',  ( -0.05845653134161300779, -0.01776225839870246986, 0.02858652669571642296 ) ) ;
#2094 = EDGE_LOOP ( 'NONE', ( #4046, #971, #1462, #1763 ) ) ;
#2095 = DIRECTION ( 'NONE',  ( 0.4022892837522134002, 0.9155126062365996908, 0.000000000000000000 ) ) ;
#2096 = CARTESIAN_POINT ( 'NONE',  ( -0.08234294070027560475, 0.02463149794411500018, 0.01533333333333330127 ) ) ;
#2097 = AXIS2_PLACEMENT_3D ( 'NONE', #2747, #1189, #1568 ) ;
#2098 = DIRECTION ( 'NONE',  ( 0.000000000000000000, 0.000000000000000000, -1.000000000000000000 ) ) ;
#2099 = EDGE_CURVE ( 'NONE', #3893, #1433, #1994, .T. ) ;
#2100 = AXIS2_PLACEMENT_3D ( 'NONE', #3808, #130, #1393 ) ;
#2101 = ORIENTED_EDGE ( 'NONE', *, *, #4575, .T. ) ;
#2102 = ORIENTED_EDGE ( 'NONE', *, *, #983, .F. ) ;
#2103 = DIRECTION ( 'NONE',  ( 1.000000000000000000, 0.000000000000000000, 0.000000000000000000 ) ) ;
#2104 = DIRECTION ( 'NONE',  ( 0.000000000000000000, 0.000000000000000000, -1.000000000000000000 ) ) ;
#2105 = CYLINDRICAL_SURFACE ( 'NONE', #2865, 0.007206576865976092178 ) ;
#2106 = CIRCLE ( 'NONE', #4659, 0.002666666666666660506 ) ;
#2107 = CARTESIAN_POINT ( 'NONE',  ( -0.04256908273221390870, -0.04919839197772930828, 0.03164239060580249785 ) ) ;
#2108 = ORIENTED_EDGE ( 'NONE', *, *, #602, .F. ) ;
#2109 = CARTESIAN_POINT ( 'NONE',  ( -0.05446979807361699427, 0.002038500527458027723, 0.02635450346402123251 ) ) ;
#2110 = EDGE_CURVE ( 'NONE', #3467, #59, #2211, .T. ) ;
#2111 = EDGE_CURVE ( 'NONE', #544, #132, #2643, .T. ) ;
#2112 = CARTESIAN_POINT ( 'NONE',  ( -0.07247735811930550165, -0.006092875230937134200, 0.01557485442521561701 ) ) ;
#2113 = CARTESIAN_POINT ( 'NONE',  ( -0.01588715942346130214, -0.1133200389504170069, -0.002000000000000000042 ) ) ;
#2114 = LINE ( 'NONE', #2167, #1422 ) ;
#2115 = EDGE_LOOP ( 'NONE', ( #208, #292, #4478, #4831 ) ) ;
#2116 = ORIENTED_EDGE ( 'NONE', *, *, #1971, .F. ) ;
#2117 = CARTESIAN_POINT ( 'NONE',  ( -0.01588715942346130214, -0.1133200389504170069, 0.01533333333333330127 ) ) ;
#2118 = CARTESIAN_POINT ( 'NONE',  ( -0.01007296742647529990, -0.09324650671233310206, 0.01533333333333330127 ) ) ;
#2119 = VECTOR ( 'NONE', #618, 1.000000000000000000 ) ;
#2120 = CARTESIAN_POINT ( 'NONE',  ( -0.008197493549046199271, -0.06489394884581500822, 0.01533333333333330127 ) ) ;
#2121 = CARTESIAN_POINT ( 'NONE',  ( -0.1087828717566319964, 0.03620251174752270318, 0.01533333333333330127 ) ) ;
#2122 = ORIENTED_EDGE ( 'NONE', *, *, #1747, .F. ) ;
#2123 = ORIENTED_EDGE ( 'NONE', *, *, #1532, .T. ) ;
#2124 = AXIS2_PLACEMENT_3D ( 'NONE', #3991, #1871, #3076 ) ;
#2125 = AXIS2_PLACEMENT_3D ( 'NONE', #4388, #3225, #1938 ) ;
#2126 = CARTESIAN_POINT ( 'NONE',  ( 0.02618004076171206312, -0.003941603443865509572, 0.02144332701465022015 ) ) ;
#2127 = FACE_BOUND ( 'NONE', #1317, .T. ) ;
#2128 = AXIS2_PLACEMENT_3D ( 'NONE', #2580, #2180, #2229 ) ;
#2129 = CARTESIAN_POINT ( 'NONE',  ( 0.01808813281931080652, 0.006818318168941709875, 0.01533333333333330127 ) ) ;
#2130 = ADVANCED_FACE ( 'NONE', ( #3308 ), #2478, .F. ) ;
#2131 = ORIENTED_EDGE ( 'NONE', *, *, #4437, .F. ) ;
#2132 = ORIENTED_EDGE ( 'NONE', *, *, #3889, .F. ) ;
#2133 = CARTESIAN_POINT ( 'NONE',  ( -0.05825860350358613715, -0.01802524800377815206, 0.02913924622282850277 ) ) ;
#2134 = AXIS2_PLACEMENT_3D ( 'NONE', #3355, #108, #84 ) ;
#2135 = FILL_AREA_STYLE_COLOUR ( '', #1703 ) ;
#2136 = FACE_OUTER_BOUND ( 'NONE', #2531, .T. ) ;
#2137 = EDGE_CURVE ( 'NONE', #1809, #1088, #76, .T. ) ;
#2138 = CARTESIAN_POINT ( 'NONE',  ( -0.04432449867931750193, -0.04736192543853745551, 0.03341825520040574149 ) ) ;
#2139 = ORIENTED_EDGE ( 'NONE', *, *, #4990, .F. ) ;
#2140 = CARTESIAN_POINT ( 'NONE',  ( -0.05272288181285270797, 0.005824569175438816179, 0.02552715392489285362 ) ) ;
#2141 = DIRECTION ( 'NONE',  ( -0.000000000000000000, -0.000000000000000000, -1.000000000000000000 ) ) ;
#2142 = FACE_OUTER_BOUND ( 'NONE', #2278, .T. ) ;
#2143 = CARTESIAN_POINT ( 'NONE',  ( -0.006550284366806079402, -0.07142336488949521667, 0.01604078474788240768 ) ) ;
#2144 = EDGE_CURVE ( 'NONE', #2969, #629, #419, .T. ) ;
#2145 = VERTEX_POINT ( 'NONE', #2398 ) ;
#2146 = VERTEX_POINT ( 'NONE', #2907 ) ;
#2147 = FACE_OUTER_BOUND ( 'NONE', #4495, .T. ) ;
#2148 = CARTESIAN_POINT ( 'NONE',  ( -0.03628390250005419926, -0.04362432421324879961, 0.03533333333333329995 ) ) ;
#2149 = DIRECTION ( 'NONE',  ( 0.000000000000000000, 0.000000000000000000, -1.000000000000000000 ) ) ;
#2150 = EDGE_CURVE ( 'NONE', #2690, #188, #411, .T. ) ;
#2151 = ORIENTED_EDGE ( 'NONE', *, *, #970, .T. ) ;
#2152 = ORIENTED_EDGE ( 'NONE', *, *, #616, .T. ) ;
#2153 = CARTESIAN_POINT ( 'NONE',  ( 0.04214428797192040083, 0.005950819667577980296, 0.01533333333333330127 ) ) ;
#2154 = CYLINDRICAL_SURFACE ( 'NONE', #2128, 0.001649999999999998690 ) ;
#2155 = CARTESIAN_POINT ( 'NONE',  ( -0.01898921967675530273, -0.1106701391355659897, 0.01533333333333330127 ) ) ;
#2156 = ORIENTED_EDGE ( 'NONE', *, *, #5274, .T. ) ;
#2157 = ORIENTED_EDGE ( 'NONE', *, *, #723, .T. ) ;
#2158 = FACE_OUTER_BOUND ( 'NONE', #1835, .T. ) ;
#2159 = DIRECTION ( 'NONE',  ( 0.000000000000000000, 0.000000000000000000, -1.000000000000000000 ) ) ;
#2160 = CYLINDRICAL_SURFACE ( 'NONE', #3900, 0.002666666666666660940 ) ;
#2161 = CARTESIAN_POINT ( 'NONE',  ( -0.02818538025650305784, -0.07040106505909417278, 0.01633201212934189128 ) ) ;
#2162 = ORIENTED_EDGE ( 'NONE', *, *, #3570, .F. ) ;
#2163 = EDGE_CURVE ( 'NONE', #2962, #3820, #245, .T. ) ;
#2164 = CARTESIAN_POINT ( 'NONE',  ( -0.05430412026789851326, 0.002232392436527231173, 0.02646360584015847173 ) ) ;
#2165 = CARTESIAN_POINT ( 'NONE',  ( 0.0003492278944921423794, 0.005813175786751299812, 0.003000000000000000062 ) ) ;
#2166 = CARTESIAN_POINT ( 'NONE',  ( 0.03296914391077439971, 0.02184493971115290117, -0.002000000000000000042 ) ) ;
#2167 = CARTESIAN_POINT ( 'NONE',  ( -0.1007381155410240064, 0.02880766816844959957, 0.01533333333333330127 ) ) ;
#2168 = ORIENTED_EDGE ( 'NONE', *, *, #1492, .F. ) ;
#2169 = EDGE_LOOP ( 'NONE', ( #2904, #89, #3169, #4746 ) ) ;
#2170 = ADVANCED_FACE ( 'NONE', ( #3233 ), #3659, .F. ) ;
#2171 = DIRECTION ( 'NONE',  ( 0.000000000000000000, 0.000000000000000000, -1.000000000000000000 ) ) ;
#2172 = CARTESIAN_POINT ( 'NONE',  ( 0.006291097499945660226, -0.04133682421324889888, 0.003000000000000000062 ) ) ;
#2173 = CIRCLE ( 'NONE', #3805, 0.002666666666666662674 ) ;
#2174 = DIRECTION ( 'NONE',  ( 0.000000000000000000, 0.000000000000000000, -1.000000000000000000 ) ) ;
#2175 = ORIENTED_EDGE ( 'NONE', *, *, #1415, .F. ) ;
#2176 = ORIENTED_EDGE ( 'NONE', *, *, #1325, .T. ) ;
#2177 = AXIS2_PLACEMENT_3D ( 'NONE', #4273, #204, #3864 ) ;
#2178 = CARTESIAN_POINT ( 'NONE',  ( 0.006291097499945660226, -0.04133682421324889888, 0.003000000000000000062 ) ) ;
#2179 = EDGE_CURVE ( 'NONE', #875, #1401, #3759, .T. ) ;
#2180 = DIRECTION ( 'NONE',  ( 0.000000000000000000, 0.000000000000000000, 1.000000000000000000 ) ) ;
#2181 = AXIS2_PLACEMENT_3D ( 'NONE', #528, #20, #3774 ) ;
#2182 = DIRECTION ( 'NONE',  ( 0.000000000000000000, 0.000000000000000000, 1.000000000000000000 ) ) ;
#2183 = ORIENTED_EDGE ( 'NONE', *, *, #952, .T. ) ;
#2184 = CARTESIAN_POINT ( 'NONE',  ( 0.01804223441131010131, 0.01616566421913150087, 0.01533333333333330127 ) ) ;
#2185 = VECTOR ( 'NONE', #291, 1.000000000000000000 ) ;
#2186 = FILL_AREA_STYLE ('',( #2135 ) ) ;
#2187 = CARTESIAN_POINT ( 'NONE',  ( 0.01086609749994579995, -0.01776182421324879954, 0.03533333333333329995 ) ) ;
#2188 = CARTESIAN_POINT ( 'NONE',  ( -0.02900521001857279957, -0.06531813491755900092, 0.01864355648677560109 ) ) ;
#2189 = AXIS2_PLACEMENT_3D ( 'NONE', #4166, #1768, #1333 ) ;
#2190 = VERTEX_POINT ( 'NONE', #2555 ) ;
#2191 = CARTESIAN_POINT ( 'NONE',  ( -0.05487496888969330133, 0.001618239651630636218, 0.02603534447171488089 ) ) ;
#2192 = CARTESIAN_POINT ( 'NONE',  ( -0.06228704375598188847, -0.004707856520609011476, 0.02025202404610612975 ) ) ;
#2193 = VECTOR ( 'NONE', #3609, 1.000000000000000000 ) ;
#2194 = CARTESIAN_POINT ( 'NONE',  ( -0.01728140189400549989, -0.04407299513178389999, 0.01533333333333330127 ) ) ;
#2195 = DIRECTION ( 'NONE',  ( 0.000000000000000000, 0.000000000000000000, -1.000000000000000000 ) ) ;
#2196 = ORIENTED_EDGE ( 'NONE', *, *, #2900, .T. ) ;
#2197 = EDGE_LOOP ( 'NONE', ( #825, #2680, #3250, #3567 ) ) ;
#2198 = CARTESIAN_POINT ( 'NONE',  ( 0.01632384362391173585, 0.01367329908378140009, -0.002000000000000000042 ) ) ;
#2199 = CARTESIAN_POINT ( 'NONE',  ( -0.1007381155410240064, 0.02880766816844959957, 0.01533333333333330127 ) ) ;
#2200 = LINE ( 'NONE', #3969, #5004 ) ;
#2201 = ADVANCED_FACE ( 'NONE', ( #3362 ), #547, .T. ) ;
#2202 = ORIENTED_EDGE ( 'NONE', *, *, #2045, .T. ) ;
#2203 = LINE ( 'NONE', #5068, #2985 ) ;
#2204 = DIRECTION ( 'NONE',  ( 0.000000000000000000, 0.000000000000000000, -1.000000000000000000 ) ) ;
#2205 = DIRECTION ( 'NONE',  ( -1.000000000000000000, 0.000000000000000000, 0.000000000000000000 ) ) ;
#2206 = VECTOR ( 'NONE', #2672, 1.000000000000000000 ) ;
#2207 = VECTOR ( 'NONE', #121, 0.9999999999999998890 ) ;
#2208 = ADVANCED_FACE ( 'NONE', ( #4184, #2127 ), #3874, .T. ) ;
#2209 = ORIENTED_EDGE ( 'NONE', *, *, #4050, .F. ) ;
#2210 = CARTESIAN_POINT ( 'NONE',  ( -0.05783192023255409597, -0.01876367278621988988, 0.03063207925520030489 ) ) ;
#2211 = CIRCLE ( 'NONE', #2386, 0.01377434850464230934 ) ;
#2212 = DIRECTION ( 'NONE',  ( -1.000000000000000000, 0.000000000000000000, 0.000000000000000000 ) ) ;
#2213 = CARTESIAN_POINT ( 'NONE',  ( 0.07618006796862089591, 0.03619384939407049862, -0.002000000000000000042 ) ) ;
#2214 = CIRCLE ( 'NONE', #2390, 0.005941869605453536929 ) ;
#2215 = VERTEX_POINT ( 'NONE', #601 ) ;
#2216 = CARTESIAN_POINT ( 'NONE',  ( -0.05321908496527184840, 0.004023439609125222666, 0.02656788440047949673 ) ) ;
#2217 = CARTESIAN_POINT ( 'NONE',  ( -0.02328390250005419812, 0.01038817578675120014, 0.007333333333333339268 ) ) ;
#2218 = DIRECTION ( 'NONE',  ( 0.000000000000000000, 0.000000000000000000, -1.000000000000000000 ) ) ;
#2219 = CARTESIAN_POINT ( 'NONE',  ( 0.01412315092312654841, 0.02180745612101011449, 0.01770201833887286025 ) ) ;
#2220 = ORIENTED_EDGE ( 'NONE', *, *, #1741, .F. ) ;
#2221 = DIRECTION ( 'NONE',  ( 0.000000000000000000, 0.000000000000000000, -1.000000000000000000 ) ) ;
#2222 = CARTESIAN_POINT ( 'NONE',  ( 0.01826660775319969773, 0.008412486922035429179, 0.02314012279168917510 ) ) ;
#2223 = EDGE_CURVE ( 'NONE', #199, #3057, #191, .T. ) ;
#2224 = CARTESIAN_POINT ( 'NONE',  ( 0.006291097499945681043, 0.005813175786751299812, 0.003000000000000000062 ) ) ;
#2225 = ORIENTED_EDGE ( 'NONE', *, *, #1780, .F. ) ;
#2226 = ORIENTED_EDGE ( 'NONE', *, *, #137, .F. ) ;
#2228 = ADVANCED_FACE ( 'NONE', ( #3767 ), #2154, .F. ) ;
#2227 = CARTESIAN_POINT ( 'NONE',  ( -0.05956648678745860015, -0.01661131057481289933, 0.02602487012860970131 ) ) ;
#2229 = DIRECTION ( 'NONE',  ( 1.000000000000000000, 0.000000000000000000, 0.000000000000000000 ) ) ;
#2230 = CARTESIAN_POINT ( 'NONE',  ( -0.005594973311166455930, -0.06430989185394900276, 0.01933850287306121407 ) ) ;
#2231 = ORIENTED_EDGE ( 'NONE', *, *, #4816, .F. ) ;
#2232 = DIRECTION ( 'NONE',  ( -1.000000000000000000, 0.000000000000000000, 0.000000000000000000 ) ) ;
#2233 = CARTESIAN_POINT ( 'NONE',  ( 0.02435478607686564906, -0.01718836372098821869, 0.02735856499772022429 ) ) ;
#2234 = CARTESIAN_POINT ( 'NONE',  ( -0.03725474249881190192, -0.05612033271290455677, 0.02441167283081767739 ) ) ;
#2235 = CARTESIAN_POINT ( 'NONE',  ( -0.03791647151329864684, 0.01789788913112099616, 0.02850441216628468374 ) ) ;
#2236 = EDGE_LOOP ( 'NONE', ( #886, #2933, #1005, #3189 ) ) ;
#2237 = CARTESIAN_POINT ( 'NONE',  ( -0.04256728957917960132, -0.04920026792374229685, 0.01533333333333330127 ) ) ;
#2238 = CARTESIAN_POINT ( 'NONE',  ( -0.06178802098534694198, -0.004603726982062470233, 0.02066657040003408094 ) ) ;
#2239 = ADVANCED_FACE ( 'NONE', ( #115 ), #92, .T. ) ;
#2240 = CARTESIAN_POINT ( 'NONE',  ( 0.01223296710539919716, -0.04133682421324889888, -0.002000000000000000042 ) ) ;
#2241 = DIRECTION ( 'NONE',  ( -1.000000000000000000, 0.000000000000000000, 0.000000000000000000 ) ) ;
#2242 = ORIENTED_EDGE ( 'NONE', *, *, #3543, .F. ) ;
#2243 = LINE ( 'NONE', #1421, #3336 ) ;
#2244 = FACE_OUTER_BOUND ( 'NONE', #3882, .T. ) ;
#2245 = DIRECTION ( 'NONE',  ( 0.000000000000000000, 1.000000000000000000, 0.000000000000000000 ) ) ;
#2246 = B_SPLINE_CURVE_WITH_KNOTS ( 'NONE', 3,
 ( #2093, #2041, #2903, #2522 ),
 .UNSPECIFIED., .F., .F.,
 ( 4, 4 ),
 ( 0.7003137916897372861, 1.000000000000000000 ),
 .UNSPECIFIED. ) ;
#2247 = ORIENTED_EDGE ( 'NONE', *, *, #4394, .T. ) ;
#2248 = ORIENTED_EDGE ( 'NONE', *, *, #3431, .F. ) ;
#2249 = ORIENTED_EDGE ( 'NONE', *, *, #5234, .F. ) ;
#2250 = EDGE_LOOP ( 'NONE', ( #5078, #2317, #5014, #4705, #4565 ) ) ;
#2251 = DIRECTION ( 'NONE',  ( 0.000000000000000000, 0.000000000000000000, -1.000000000000000000 ) ) ;
#2252 = CARTESIAN_POINT ( 'NONE',  ( 0.005624433295346659319, -0.05055219095540590402, -0.002000000000000000042 ) ) ;
#2253 = CARTESIAN_POINT ( 'NONE',  ( -0.01728390250005419973, -0.01776182421324879954, 0.01533333333333330127 ) ) ;
#2254 = VECTOR ( 'NONE', #4032, 1.000000000000000000 ) ;
#2255 = DIRECTION ( 'NONE',  ( 0.000000000000000000, 0.000000000000000000, -1.000000000000000000 ) ) ;
#2256 = CARTESIAN_POINT ( 'NONE',  ( -0.06432903782478049948, -0.004132236446630469656, 0.01533333333333330127 ) ) ;
#2257 = DIRECTION ( 'NONE',  ( 1.000000000000000000, 0.000000000000000000, 0.000000000000000000 ) ) ;
#2258 = AXIS2_PLACEMENT_3D ( 'NONE', #5059, #909, #3373 ) ;
#2259 = CARTESIAN_POINT ( 'NONE',  ( -0.03762150271480899089, -0.05499217284629244473, 0.02579125486687851646 ) ) ;
#2260 = CARTESIAN_POINT ( 'NONE',  ( -0.03628390250005419926, 0.01038817578675120014, 0.03533333333333329995 ) ) ;
#2261 = EDGE_CURVE ( 'NONE', #1809, #4361, #1321, .T. ) ;
#2262 = CIRCLE ( 'NONE', #1329, 0.04533333333338228355 ) ;
#2263 = EDGE_LOOP ( 'NONE', ( #465, #4415, #3406, #1327, #2845 ) ) ;
#2264 = FACE_OUTER_BOUND ( 'NONE', #2401, .T. ) ;
#2265 = CARTESIAN_POINT ( 'NONE',  ( 0.01857288471364827026, 0.004219883037337786302, 0.02649620475174467929 ) ) ;
#2266 = LINE ( 'NONE', #3130, #1059 ) ;
#2267 = AXIS2_PLACEMENT_3D ( 'NONE', #2120, #1807, #3381 ) ;
#2268 = CARTESIAN_POINT ( 'NONE',  ( 0.003362574545984401038, -0.05324374441014786963, 0.02888721818469862368 ) ) ;
#2269 = EDGE_CURVE ( 'NONE', #858, #184, #1792, .T. ) ;
#2270 = EDGE_LOOP ( 'NONE', ( #3462, #3763 ) ) ;
#2271 = EDGE_CURVE ( 'NONE', #4200, #3568, #3107, .T. ) ;
#2272 = CARTESIAN_POINT ( 'NONE',  ( -0.05093958929812465730, 0.01316345141813725882, 0.02134383864217032772 ) ) ;
#2273 = CIRCLE ( 'NONE', #1071, 0.002666666666666660072 ) ;
#2274 = CARTESIAN_POINT ( 'NONE',  ( -0.04373390250005420449, -0.04133682421324889888, -0.2722511313201919636 ) ) ;
#2275 = DIRECTION ( 'NONE',  ( 0.000000000000000000, 0.000000000000000000, 1.000000000000000000 ) ) ;
#2276 = AXIS2_PLACEMENT_3D ( 'NONE', #3363, #3340, #2959 ) ;
#2277 = ORIENTED_EDGE ( 'NONE', *, *, #4726, .F. ) ;
#2278 = EDGE_LOOP ( 'NONE', ( #2073, #4558, #1804, #3031, #4836, #4809, #3110, #1473, #4967, #1118 ) ) ;
#2279 = LINE ( 'NONE', #1184, #582 ) ;
#2280 = CARTESIAN_POINT ( 'NONE',  ( -0.04314640250005419980, -0.03676182421324879906, 0.03533333333333329995 ) ) ;
#2281 = DIRECTION ( 'NONE',  ( 0.000000000000000000, 0.000000000000000000, -1.000000000000000000 ) ) ;
#2282 = CARTESIAN_POINT ( 'NONE',  ( 0.02812686804284373829, -0.01406435174961987757, 0.02149438929255678699 ) ) ;
#2283 = DIRECTION ( 'NONE',  ( 0.000000000000000000, 1.000000000000000000, 0.000000000000000000 ) ) ;
#2284 = ORIENTED_EDGE ( 'NONE', *, *, #434, .T. ) ;
#2285 = DIRECTION ( 'NONE',  ( 0.000000000000000000, 0.000000000000000000, -1.000000000000000000 ) ) ;
#2286 = CARTESIAN_POINT ( 'NONE',  ( 0.02327221962746068781, -0.01874856869422153460, 0.03060023648031397550 ) ) ;
#2287 = DIRECTION ( 'NONE',  ( 0.000000000000000000, 0.000000000000000000, -1.000000000000000000 ) ) ;
#2288 = AXIS2_PLACEMENT_3D ( 'NONE', #3594, #2739, #4358 ) ;
#2289 = EDGE_CURVE ( 'NONE', #5093, #599, #849, .T. ) ;
#2290 = FACE_OUTER_BOUND ( 'NONE', #1573, .T. ) ;
#2291 = ORIENTED_EDGE ( 'NONE', *, *, #1785, .T. ) ;
#2292 = ORIENTED_EDGE ( 'NONE', *, *, #4295, .T. ) ;
#2293 = AXIS2_PLACEMENT_3D ( 'NONE', #2691, #1517, #2283 ) ;
#2294 = CARTESIAN_POINT ( 'NONE',  ( 0.001716097499945679885, -0.04362432421324890369, 0.03533333333333329995 ) ) ;
#2295 = VECTOR ( 'NONE', #1487, 1.000000000000000000 ) ;
#2296 = CARTESIAN_POINT ( 'NONE',  ( 0.01829772422814131619, 0.005076893922063706495, 0.02605805832434104213 ) ) ;
#2297 = EDGE_CURVE ( 'NONE', #965, #59, #1132, .T. ) ;
#2298 = DIRECTION ( 'NONE',  ( -1.000000000000000000, 0.000000000000000000, 0.000000000000000000 ) ) ;
#2299 = CARTESIAN_POINT ( 'NONE',  ( -0.01310591545097379920, -0.09530179010705749909, -0.002000000000000000042 ) ) ;
#2300 = EDGE_LOOP ( 'NONE', ( #1728, #2324, #1904, #2960 ) ) ;
#2301 = LINE ( 'NONE', #1149, #1011 ) ;
#2302 = CARTESIAN_POINT ( 'NONE',  ( 0.01872447683781669828, 0.009779194805217840056, 0.02173594796369979903 ) ) ;
#2303 = LINE ( 'NONE', #1853, #2185 ) ;
#2304 = ORIENTED_EDGE ( 'NONE', *, *, #1061, .T. ) ;
#2305 = EDGE_LOOP ( 'NONE', ( #5007, #2820, #2551, #5280 ) ) ;
#2306 = DIRECTION ( 'NONE',  ( -1.000000000000000000, 0.000000000000000000, 0.000000000000000000 ) ) ;
#2307 = EDGE_CURVE ( 'NONE', #3839, #1649, #4710, .T. ) ;
#2308 = LINE ( 'NONE', #2280, #1181 ) ;
#2309 = CARTESIAN_POINT ( 'NONE',  ( -0.02901304269737275954, -0.06450866318185576043, 0.01918644996762996352 ) ) ;
#2310 = EDGE_CURVE ( 'NONE', #100, #1309, #3491, .T. ) ;
#2311 = CARTESIAN_POINT ( 'NONE',  ( 0.02499924630905669964, -0.01661175939213460281, 0.02602382026951199911 ) ) ;
#2312 = CARTESIAN_POINT ( 'NONE',  ( 0.002716097499945800686, -0.01776182421324879954, 0.007333333333333339268 ) ) ;
#2313 = DIRECTION ( 'NONE',  ( 2.166288828536890023E-16, 2.311593558249780261E-31, 1.000000000000000000 ) ) ;
#2314 = CARTESIAN_POINT ( 'NONE',  ( 0.01635711187587735038, 0.01324517083796135537, 0.02129818427658548841 ) ) ;
#2315 = CARTESIAN_POINT ( 'NONE',  ( -0.03670462439167877788, 0.01785432458020816751, 0.03060520890288274259 ) ) ;
#2316 = ORIENTED_EDGE ( 'NONE', *, *, #274, .F. ) ;
#2317 = ORIENTED_EDGE ( 'NONE', *, *, #3754, .T. ) ;
#2318 = CARTESIAN_POINT ( 'NONE',  ( -0.04543390250005419767, -0.03676182421324879906, 0.007333333333333339268 ) ) ;
#2319 = CARTESIAN_POINT ( 'NONE',  ( 0.07618006796862089591, 0.03619384939407049862, 0.01533333333333330127 ) ) ;
#2320 = DIRECTION ( 'NONE',  ( 0.9170779426105304388, 0.3987079723020804378, 0.000000000000000000 ) ) ;
#2321 = CARTESIAN_POINT ( 'NONE',  ( -0.05355681074096189931, 0.01367503516792010002, 0.01533333333333330127 ) ) ;
#2322 = B_SPLINE_CURVE_WITH_KNOTS ( 'NONE', 3,
 ( #4325, #4788, #4405, #695, #1951, #3157, #3077, #752, #3588, #1553, #1144, #1925, #1872, #4294, #2296, #1120, #5158, #1497, #639, #1060, #3184, #5134, #2265, #3940, #5108, #1900, #3529, #3128, #4019, #2755, #4377, #720, #2347, #3992, #4811, #1844, #3476, #1444, #3712, #1629, #3210, #779, #3239, #2857, #4087, #3692, #3314, #1576, #4915, #2836, #3287, #4456, #4868, #1200, #4839, #420, #2053, #2507, #1604, #2403, #827, #4508, #801, #1248, #4043, #19, #2882, #4942, #3639, #2425, #855, #2912, #1221, #4115, #1651, #1173, #4536, #445, #2076, #1277, #2483, #388, #361, #4065, #1999, #2809 ),
 .UNSPECIFIED., .F., .F.,
 ( 4, 2, 2, 1, 1, 1, 1, 2, 2, 2, 2, 1, 1, 1, 2, 2, 2, 2, 1, 1, 2, 2, 2, 2, 1, 1, 1, 1, 2, 2, 2, 2, 1, 1, 1, 1, 2, 2, 2, 2, 1, 1, 1, 1, 1, 2, 2, 2, 2, 2, 1, 1, 2, 2, 4 ),
 ( 0.2472851651837375542, 0.2943298423597914271, 0.3178521809478181970, 0.3296133502418318040, 0.3354939348888383854, 0.3384342272123418982, 0.3399043733740934603, 0.3406394464549692414, 0.3413745195358450779, 0.3884191967118978406, 0.4119415352999243884, 0.4237027045939375514, 0.4295832892409438553, 0.4325235815644468684, 0.4339937277261980419, 0.4354638738879491600, 0.4825085510639869901, 0.5060308896520058219, 0.5177920589460152101, 0.5236726435930197932, 0.5266129359165219181, 0.5295532282400240431, 0.5765979054160598194, 0.6001202440040778185, 0.6118814132980869847, 0.6177619979450914567, 0.6207022902685936927, 0.6221724364303451438, 0.6229075095112205362, 0.6236425825920959287, 0.6706872597681350356, 0.6942095983561542560, 0.7059707676501637552, 0.7118513522971685603, 0.7147916446206710184, 0.7162617907824223584, 0.7169968638632978619, 0.7177319369441733654, 0.7647766141201940426, 0.7882989527082040482, 0.8000601220022091065, 0.8059407066492118021, 0.8088809989727128169, 0.8103511451344633798, 0.8110862182153385502, 0.8114537547557761910, 0.8118212912962137207, 0.8588659684721539067, 0.8823883070601238332, 0.8941494763541090185, 0.9000300610011017222, 0.9029703533245981850, 0.9044404994863467495, 0.9059106456480952030, 1.000000000000000000 ),
 .UNSPECIFIED. ) ;
#2323 = EDGE_CURVE ( 'NONE', #3725, #1440, #4310, .T. ) ;
#2324 = ORIENTED_EDGE ( 'NONE', *, *, #2137, .T. ) ;
#2325 = CARTESIAN_POINT ( 'NONE',  ( -0.04085890250005419500, 0.005813175786751299812, 0.003000000000000000062 ) ) ;
#2326 = FACE_BOUND ( 'NONE', #2466, .T. ) ;
#2327 = CARTESIAN_POINT ( 'NONE',  ( -0.08139435188030690049, 0.02712374399170790207, 0.01533333333333330127 ) ) ;
#2328 = EDGE_CURVE ( 'NONE', #4734, #2629, #3976, .T. ) ;
#2329 = EDGE_LOOP ( 'NONE', ( #1898, #5281, #3662 ) ) ;
#2330 = ORIENTED_EDGE ( 'NONE', *, *, #4384, .T. ) ;
#2331 = DIRECTION ( 'NONE',  ( 0.000000000000000000, 0.000000000000000000, -1.000000000000000000 ) ) ;
#2332 = CARTESIAN_POINT ( 'NONE',  ( -0.06069372565338353176, -0.01569295356980653783, 0.02402503493068220558 ) ) ;
#2333 = DIRECTION ( 'NONE',  ( 0.000000000000000000, 0.000000000000000000, -1.000000000000000000 ) ) ;
#2334 = CARTESIAN_POINT ( 'NONE',  ( -0.02900521001857279957, -0.06531813491755900092, 0.01864355648677560109 ) ) ;
#2335 = EDGE_LOOP ( 'NONE', ( #4557, #1356, #4690, #4477 ) ) ;
#2336 = EDGE_CURVE ( 'NONE', #3910, #2765, #724, .T. ) ;
#2337 = EDGE_CURVE ( 'NONE', #4380, #3251, #3090, .T. ) ;
#2338 = CARTESIAN_POINT ( 'NONE',  ( -0.02410072013871939964, -0.09572588612706230127, 0.01533333333333330127 ) ) ;
#2339 = CYLINDRICAL_SURFACE ( 'NONE', #1271, 0.02000000000000000042 ) ;
#2340 = CYLINDRICAL_SURFACE ( 'NONE', #3723, 0.04533333333338229743 ) ;
#2341 = CIRCLE ( 'NONE', #33, 0.04533333333338229743 ) ;
#2342 = DIRECTION ( 'NONE',  ( 0.000000000000000000, 0.000000000000000000, -1.000000000000000000 ) ) ;
#2343 = ORIENTED_EDGE ( 'NONE', *, *, #1316, .T. ) ;
#2344 = ORIENTED_EDGE ( 'NONE', *, *, #3986, .T. ) ;
#2345 = DIRECTION ( 'NONE',  ( 0.000000000000000000, 0.000000000000000000, 1.000000000000000000 ) ) ;
#2346 = AXIS2_PLACEMENT_3D ( 'NONE', #1416, #262, #3885 ) ;
#2347 = CARTESIAN_POINT ( 'NONE',  ( 0.01930235867946006323, 0.002814975841725813124, 0.02666509775646784541 ) ) ;
#2348 = LINE ( 'NONE', #1201, #4147 ) ;
#2349 = PLANE ( 'NONE',  #3731 ) ;
#2350 = AXIS2_PLACEMENT_3D ( 'NONE', #5023, #2585, #4944 ) ;
#2351 = ORIENTED_EDGE ( 'NONE', *, *, #1645, .T. ) ;
#2352 = LINE ( 'NONE', #4410, #1787 ) ;
#2353 = VECTOR ( 'NONE', #5146, 1.000000000000000000 ) ;
#2354 = VECTOR ( 'NONE', #3438, 1.000000000000000000 ) ;
#2355 = CARTESIAN_POINT ( 'NONE',  ( 0.01370658284827240038, 0.01451606892515669954, 0.01533333333333330127 ) ) ;
#2356 = DIRECTION ( 'NONE',  ( -0.3556034547256120004, 0.9346369257563119648, 0.000000000000000000 ) ) ;
#2357 = VECTOR ( 'NONE', #1372, 1.000000000000000000 ) ;
#2358 = ORIENTED_EDGE ( 'NONE', *, *, #4331, .T. ) ;
#2359 = ORIENTED_EDGE ( 'NONE', *, *, #1855, .T. ) ;
#2360 = DIRECTION ( 'NONE',  ( -1.000000000000000000, 0.000000000000000000, 0.000000000000000000 ) ) ;
#2361 = CARTESIAN_POINT ( 'NONE',  ( -0.06402185437558254033, -0.004357727059144886513, 0.01888394231141331259 ) ) ;
#2362 = FACE_OUTER_BOUND ( 'NONE', #2389, .T. ) ;
#2363 = ADVANCED_FACE ( 'NONE', ( #2362 ), #709, .F. ) ;
#2364 = VECTOR ( 'NONE', #4159, 1.000000000000000000 ) ;
#2365 = FACE_OUTER_BOUND ( 'NONE', #1776, .T. ) ;
#2366 = ORIENTED_EDGE ( 'NONE', *, *, #3552, .F. ) ;
#2367 = CYLINDRICAL_SURFACE ( 'NONE', #2474, 0.005941869605453536929 ) ;
#2368 = CARTESIAN_POINT ( 'NONE',  ( -0.01728140189400539928, -0.04407298263178369840, 0.03533333333333329995 ) ) ;
#2369 = LINE ( 'NONE', #4012, #474 ) ;
#2370 = CARTESIAN_POINT ( 'NONE',  ( -0.04325748018202925371, 0.01974147434726039943, 0.02143393728821900435 ) ) ;
#2371 = EDGE_CURVE ( 'NONE', #4539, #2880, #249, .T. ) ;
#2372 = ORIENTED_EDGE ( 'NONE', *, *, #1115, .T. ) ;
#2373 = ORIENTED_EDGE ( 'NONE', *, *, #2867, .T. ) ;
#2374 = LINE ( 'NONE', #4913, #1447 ) ;
#2375 = LINE ( 'NONE', #2673, #2553 ) ;
#2376 = CIRCLE ( 'NONE', #68, 0.002874999999999999951 ) ;
#2377 = CARTESIAN_POINT ( 'NONE',  ( -0.08441852886595770100, 0.01575403790507350077, -0.002000000000000000042 ) ) ;
#2378 = CARTESIAN_POINT ( 'NONE',  ( -0.03893553320564629994, -0.05299970877392680413, 0.02808876954983919802 ) ) ;
#2379 = AXIS2_PLACEMENT_3D ( 'NONE', #1950, #4753, #1442 ) ;
#2380 = VECTOR ( 'NONE', #4353, 1.000000000000000000 ) ;
#2381 = EDGE_CURVE ( 'NONE', #4919, #4849, #1314, .T. ) ;
#2382 = VERTEX_POINT ( 'NONE', #2252 ) ;
#2383 = DIRECTION ( 'NONE',  ( 1.000000000000000000, 0.000000000000000000, 0.000000000000000000 ) ) ;
#2384 = CARTESIAN_POINT ( 'NONE',  ( -0.06883329291889542234, -0.0004626377989475563969, 0.01614024443766388581 ) ) ;
#2385 = CIRCLE ( 'NONE', #5032, 0.002874999999999999951 ) ;
#2386 = AXIS2_PLACEMENT_3D ( 'NONE', #5251, #1215, #1672 ) ;
#2387 = CARTESIAN_POINT ( 'NONE',  ( 0.07618006796862089591, 0.03619384939407049862, 0.01533333333333330127 ) ) ;
#2388 = ORIENTED_EDGE ( 'NONE', *, *, #4796, .F. ) ;
#2389 = EDGE_LOOP ( 'NONE', ( #1859, #4175, #1723, #4815 ) ) ;
#2390 = AXIS2_PLACEMENT_3D ( 'NONE', #4708, #683, #2306 ) ;
#2391 = DIRECTION ( 'NONE',  ( 0.000000000000000000, 0.000000000000000000, -1.000000000000000000 ) ) ;
#2392 = CARTESIAN_POINT ( 'NONE',  ( -0.06323602785417858918, -0.004665115571808521600, 0.01949916350645424651 ) ) ;
#2393 = CARTESIAN_POINT ( 'NONE',  ( 0.01640566178252667040, 0.01434178018900613555, 0.02054656881715518843 ) ) ;
#2394 = LINE ( 'NONE', #353, #2609 ) ;
#2395 = ORIENTED_EDGE ( 'NONE', *, *, #3030, .F. ) ;
#2396 = EDGE_CURVE ( 'NONE', #4225, #3554, #1918, .T. ) ;
#2397 = LINE ( 'NONE', #4472, #412 ) ;
#2398 = CARTESIAN_POINT ( 'NONE',  ( -0.01047332598861979922, -0.09572674167349019825, 0.01533333333333330127 ) ) ;
#2399 = DIRECTION ( 'NONE',  ( 0.000000000000000000, 0.000000000000000000, 1.000000000000000000 ) ) ;
#2400 = VERTEX_POINT ( 'NONE', #3899 ) ;
#2401 = EDGE_LOOP ( 'NONE', ( #3335, #2366, #3783, #2560 ) ) ;
#2402 = CARTESIAN_POINT ( 'NONE',  ( -0.1012603149322375551, 0.02722262204431919949, -0.002000000000000000042 ) ) ;
#2403 = CARTESIAN_POINT ( 'NONE',  ( 0.02159075692912729161, 0.0006332324587691733238, 0.02478449402200982518 ) ) ;
#2404 = CARTESIAN_POINT ( 'NONE',  ( -0.004783902500054280568, 0.01038817578675120014, 0.007333333333333339268 ) ) ;
#2405 = CARTESIAN_POINT ( 'NONE',  ( -0.01128390250005419961, 0.02178561565332149882, 0.007333333333333339268 ) ) ;
#2406 = B_SPLINE_CURVE_WITH_KNOTS ( 'NONE', 3,
 ( #4080, #4104, #456, #766, #867, #3226, #4127, #3654, #840, #1639, #2848, #5270, #376, #2393, #4468, #402, #4931, #2039 ),
 .UNSPECIFIED., .F., .F.,
 ( 4, 2, 2, 2, 1, 1, 2, 2, 2, 4 ),
 ( 0.000000000000000000, 0.1655535201085066854, 0.2483302801627590706, 0.2586773751695407020, 0.2690244701763223611, 0.2897186601898845693, 0.3311070402170078197, 0.4966605603254989898, 0.5794373203797446026, 0.6622140804339901043 ),
 .UNSPECIFIED. ) ;
#2407 = EDGE_LOOP ( 'NONE', ( #3635, #1814, #2316, #5054 ) ) ;
#2408 = CARTESIAN_POINT ( 'NONE',  ( -0.05878911437604650986, -0.0003088730828312042254, 0.02207337028506688170 ) ) ;
#2409 = EDGE_CURVE ( 'NONE', #77, #193, #1229, .T. ) ;
#2410 = CARTESIAN_POINT ( 'NONE',  ( -0.06941405786503203335, 1.050908470677584840E-05, 0.01594536106871066033 ) ) ;
#2411 = CARTESIAN_POINT ( 'NONE',  ( 0.02499924630905669964, -0.01661175939213460281, -0.002000000000000000042 ) ) ;
#2412 = ORIENTED_EDGE ( 'NONE', *, *, #2420, .F. ) ;
#2413 = ORIENTED_EDGE ( 'NONE', *, *, #4790, .T. ) ;
#2414 = DIRECTION ( 'NONE',  ( 0.000000000000000000, 0.000000000000000000, 1.000000000000000000 ) ) ;
#2415 = CARTESIAN_POINT ( 'NONE',  ( 0.02920938125833860005, -0.02178082199122149953, 0.01533333333333330127 ) ) ;
#2416 = CARTESIAN_POINT ( 'NONE',  ( -0.03422626339067039863, 0.01847291612599069946, -0.002000000000000000042 ) ) ;
#2417 = DIRECTION ( 'NONE',  ( 0.000000000000000000, 0.000000000000000000, 1.000000000000000000 ) ) ;
#2418 = DIRECTION ( 'NONE',  ( 0.000000000000000000, 0.000000000000000000, 1.000000000000000000 ) ) ;
#2419 = CYLINDRICAL_SURFACE ( 'NONE', #3478, 0.002666666666666664409 ) ;
#2420 = EDGE_CURVE ( 'NONE', #4506, #1710, #2716, .T. ) ;
#2421 = ORIENTED_EDGE ( 'NONE', *, *, #2111, .T. ) ;
#2422 = B_SPLINE_CURVE_WITH_KNOTS ( 'NONE', 3,
 ( #4782, #1263, #1291, #744, #4526, #2495, #2066, #3549, #4129, #2314, #457, #842, #3148, #306, #2092 ),
 .UNSPECIFIED., .F., .F.,
 ( 4, 2, 1, 1, 1, 2, 2, 2, 4 ),
 ( 0.6622140804339901043, 0.6648530329305992748, 0.6674919854272084452, 0.6727698904204274521, 0.6833257004068648000, 0.7044373203797402727, 0.7466605603254918844, 0.8311070402169945526, 1.000000000000000000 ),
 .UNSPECIFIED. ) ;
#2423 = EDGE_LOOP ( 'NONE', ( #3370, #4551, #63, #3006 ) ) ;
#2424 = CARTESIAN_POINT ( 'NONE',  ( 0.005624433295346629828, -0.05055219095540590402, 0.03533333333333329995 ) ) ;
#2425 = CARTESIAN_POINT ( 'NONE',  ( 0.02233782337977188726, 0.0002462882882814743731, 0.02399834726374257959 ) ) ;
#2426 = CIRCLE ( 'NONE', #1489, 0.01377434850464229373 ) ;
#2427 = CARTESIAN_POINT ( 'NONE',  ( -0.02410072013871939964, -0.09572588612706230127, -0.002000000000000000042 ) ) ;
#2428 = EDGE_CURVE ( 'NONE', #2145, #4607, #3063, .T. ) ;
#2429 = LINE ( 'NONE', #4408, #3131 ) ;
#2430 = VECTOR ( 'NONE', #1774, 1.000000000000000000 ) ;
#2431 = EDGE_LOOP ( 'NONE', ( #3260, #3439, #416, #2517 ) ) ;
#2432 = CARTESIAN_POINT ( 'NONE',  ( -0.05099050581665598436, 0.01440002668855491080, 0.02049627901497734495 ) ) ;
#2433 = DIRECTION ( 'NONE',  ( -1.000000000000000000, 0.000000000000000000, 0.000000000000000000 ) ) ;
#2434 = CIRCLE ( 'NONE', #42, 0.002666666666666660940 ) ;
#2435 = DIRECTION ( 'NONE',  ( 0.000000000000000000, 0.000000000000000000, 1.000000000000000000 ) ) ;
#2436 = EDGE_CURVE ( 'NONE', #4465, #2780, #1512, .T. ) ;
#2437 = EDGE_CURVE ( 'NONE', #4035, #788, #3542, .T. ) ;
#2438 = ORIENTED_EDGE ( 'NONE', *, *, #3889, .T. ) ;
#2439 = ORIENTED_EDGE ( 'NONE', *, *, #2409, .T. ) ;
#2440 = PLANE ( 'NONE',  #2887 ) ;
#2441 = CIRCLE ( 'NONE', #299, 0.002875000000000002554 ) ;
#2442 = DIRECTION ( 'NONE',  ( -1.826024711554529969E-16, -1.000000000000000000, 0.000000000000000000 ) ) ;
#2443 = EDGE_CURVE ( 'NONE', #5121, #4041, #815, .T. ) ;
#2444 = VECTOR ( 'NONE', #3649, 1.000000000000000000 ) ;
#2445 = FACE_OUTER_BOUND ( 'NONE', #2802, .T. ) ;
#2446 = CARTESIAN_POINT ( 'NONE',  ( 0.001716097499945689860, 0.01038817578675120014, 0.03533333333333329995 ) ) ;
#2447 = AXIS2_PLACEMENT_3D ( 'NONE', #3043, #1841, #4665 ) ;
#2448 = FACE_OUTER_BOUND ( 'NONE', #1454, .T. ) ;
#2449 = DIRECTION ( 'NONE',  ( -0.9953885605711874085, -0.09592504096438776717, 0.000000000000000000 ) ) ;
#2450 = ORIENTED_EDGE ( 'NONE', *, *, #4414, .F. ) ;
#2451 = VERTEX_POINT ( 'NONE', #3197 ) ;
#2452 = CARTESIAN_POINT ( 'NONE',  ( -0.03612327736036990283, -0.06305364272550373350, 0.01856132256656808227 ) ) ;
#2453 = DIRECTION ( 'NONE',  ( -1.000000000000000000, 0.000000000000000000, 0.000000000000000000 ) ) ;
#2454 = EDGE_CURVE ( 'NONE', #4682, #4822, #1187, .T. ) ;
#2455 = DIRECTION ( 'NONE',  ( 0.5807678026198180854, -0.8140692596088788813, 0.000000000000000000 ) ) ;
#2456 = CARTESIAN_POINT ( 'NONE',  ( -0.01728890371215159941, -0.1256818337813389863, 0.01533333333333330127 ) ) ;
#2457 = ORIENTED_EDGE ( 'NONE', *, *, #1461, .T. ) ;
#2458 = B_SPLINE_CURVE_WITH_KNOTS ( 'NONE', 3,
 ( #4685, #1047, #3749, #3626, #326, #1541, #4418, #4145, #1967, #3172, #2745 ),
 .UNSPECIFIED., .F., .F.,
 ( 4, 1, 1, 1, 2, 2, 4 ),
 ( 0.000000000000000000, 0.2499999999999993339, 0.3749999999999986122, 0.4374999999999977240, 0.4687499999999973355, 0.4999999999999968914, 1.000000000000000000 ),
 .UNSPECIFIED. ) ;
#2459 = EDGE_CURVE ( 'NONE', #4069, #188, #2173, .T. ) ;
#2460 = DIRECTION ( 'NONE',  ( 0.000000000000000000, 0.000000000000000000, -1.000000000000000000 ) ) ;
#2461 = DIRECTION ( 'NONE',  ( -9.479363256703868881E-17, -1.000000000000000000, 0.000000000000000000 ) ) ;
#2462 = CARTESIAN_POINT ( 'NONE',  ( -0.01658665063990579988, -0.1133200389504170069, -0.002000000000000000042 ) ) ;
#2463 = CIRCLE ( 'NONE', #844, 0.004575000000000000941 ) ;
#2464 = AXIS2_PLACEMENT_3D ( 'NONE', #1681, #1979, #5257 ) ;
#2465 = EDGE_LOOP ( 'NONE', ( #2005, #4357, #1155, #4282 ) ) ;
#2466 = EDGE_LOOP ( 'NONE', ( #3684, #281, #139, #5050, #4300, #3916, #3790, #3755, #287, #3181 ) ) ;
#2467 = DIRECTION ( 'NONE',  ( 0.8039048897712641750, 0.5947578735938277017, 0.000000000000000000 ) ) ;
#2468 = TOROIDAL_SURFACE ( 'NONE', #3070, 0.05999999999999999778, 0.02000000000000000042 ) ;
#2469 = CIRCLE ( 'NONE', #5038, 0.04000000000000002165 ) ;
#2470 = CARTESIAN_POINT ( 'NONE',  ( -0.01728267001770939990, -0.1256926308568330208, 0.01533333333333330127 ) ) ;
#2471 = CARTESIAN_POINT ( 'NONE',  ( -0.1107428717566319998, 0.03620251174752270318, 0.01533333333333330127 ) ) ;
#2472 = DIRECTION ( 'NONE',  ( 1.000000000000000000, 0.000000000000000000, 0.000000000000000000 ) ) ;
#2473 = ORIENTED_EDGE ( 'NONE', *, *, #828, .F. ) ;
#2474 = AXIS2_PLACEMENT_3D ( 'NONE', #3280, #4906, #1972 ) ;
#2475 = VECTOR ( 'NONE', #2036, 1.000000000000000000 ) ;
#2476 = CARTESIAN_POINT ( 'NONE',  ( 0.02746948123613331474, -0.004663386609523947207, 0.02045835719411987288 ) ) ;
#2477 = EDGE_CURVE ( 'NONE', #1494, #3623, #8, .T. ) ;
#2478 = PLANE ( 'NONE',  #160 ) ;
#2479 = DIRECTION ( 'NONE',  ( -1.000000000000000000, 0.000000000000000000, 0.000000000000000000 ) ) ;
#2480 = ORIENTED_EDGE ( 'NONE', *, *, #3164, .T. ) ;
#2481 = EDGE_LOOP ( 'NONE', ( #3796, #824, #2994, #4201, #3678, #1977, #3770, #3327, #4571 ) ) ;
#2482 = DIRECTION ( 'NONE',  ( 0.000000000000000000, 0.000000000000000000, -1.000000000000000000 ) ) ;
#2483 = CARTESIAN_POINT ( 'NONE',  ( 0.02339583940604227780, -0.0001335968888815047915, 0.02289922504693553754 ) ) ;
#2484 = PLANE ( 'NONE',  #2350 ) ;
#2485 = CARTESIAN_POINT ( 'NONE',  ( -0.04285815032720838996, -0.04889597763163201077, 0.03193258143268414007 ) ) ;
#2486 = EDGE_LOOP ( 'NONE', ( #1374, #3245 ) ) ;
#2487 = CARTESIAN_POINT ( 'NONE',  ( -0.05732342053505357776, 6.887836477229947012E-05, 0.02355675093527760319 ) ) ;
#2488 = CARTESIAN_POINT ( 'NONE',  ( -0.06432903782478049948, -0.004132236446630469656, 0.01864343055400280100 ) ) ;
#2489 = DIRECTION ( 'NONE',  ( 0.000000000000000000, 0.000000000000000000, -1.000000000000000000 ) ) ;
#2490 = CARTESIAN_POINT ( 'NONE',  ( -0.02586764140117909713, -0.06227508670425110221, 0.02173594796369979903 ) ) ;
#2491 = ORIENTED_EDGE ( 'NONE', *, *, #1657, .T. ) ;
#2492 = ORIENTED_EDGE ( 'NONE', *, *, #4476, .F. ) ;
#2493 = CARTESIAN_POINT ( 'NONE',  ( 0.006291097499945689717, 0.001238175786751180042, 0.03533333333333329995 ) ) ;
#2494 = LINE ( 'NONE', #1376, #3891 ) ;
#2495 = CARTESIAN_POINT ( 'NONE',  ( 0.01632478056212395903, 0.01359696529798922610, 0.02108580048775893223 ) ) ;
#2496 = EDGE_CURVE ( 'NONE', #4545, #2034, #1405, .T. ) ;
#2497 = APPLICATION_PROTOCOL_DEFINITION ( 'draft international standard', 'automotive_design', 1998, #2875 ) ;
#2498 = ORIENTED_EDGE ( 'NONE', *, *, #4673, .F. ) ;
#2499 = CARTESIAN_POINT ( 'NONE',  ( 0.02816187504639688227, -0.004734161432691835238, 0.01990723842727180198 ) ) ;
#2500 = CARTESIAN_POINT ( 'NONE',  ( -0.1078600015200719964, 0.02273322312761040173, 0.01533333333333330127 ) ) ;
#2501 = LINE ( 'NONE', #4133, #3392 ) ;
#2502 = EDGE_CURVE ( 'NONE', #4994, #3562, #2871, .T. ) ;
#2503 = EDGE_CURVE ( 'NONE', #4161, #3353, #2406, .T. ) ;
#2504 = ORIENTED_EDGE ( 'NONE', *, *, #2328, .F. ) ;
#2505 = VERTEX_POINT ( 'NONE', #3680 ) ;
#2506 = CARTESIAN_POINT ( 'NONE',  ( 0.06402971703382759339, 0.02721548525137639993, 0.01533333333333330127 ) ) ;
#2507 = CARTESIAN_POINT ( 'NONE',  ( 0.02129273477773837783, 0.0008250758200065559135, 0.02509403639904433589 ) ) ;
#2508 = FACE_OUTER_BOUND ( 'NONE', #1870, .T. ) ;
#2509 = CARTESIAN_POINT ( 'NONE',  ( -0.04439586692794799533, -0.04728726199436231181, 0.03349093159974102923 ) ) ;
#2510 = ORIENTED_EDGE ( 'NONE', *, *, #1095, .T. ) ;
#2511 = CARTESIAN_POINT ( 'NONE',  ( -0.05265411783314845329, 0.006740034354459541362, 0.02475301255756904087 ) ) ;
#2512 = LINE ( 'NONE', #4801, #2725 ) ;
#2513 = CARTESIAN_POINT ( 'NONE',  ( -0.008109961985243370128, -0.08108562098478590274, 0.01533333333333330127 ) ) ;
#2514 = CARTESIAN_POINT ( 'NONE',  ( 0.04101320167158999802, -0.003568598885633360134, 0.01533333333333330127 ) ) ;
#2515 = VECTOR ( 'NONE', #4054, 1.000000000000000000 ) ;
#2516 = ORIENTED_EDGE ( 'NONE', *, *, #4329, .T. ) ;
#2517 = ORIENTED_EDGE ( 'NONE', *, *, #2420, .T. ) ;
#2518 = FACE_BOUND ( 'NONE', #520, .T. ) ;
#2519 = AXIS2_PLACEMENT_3D ( 'NONE', #4951, #2083, #5003 ) ;
#2520 = CARTESIAN_POINT ( 'NONE',  ( -0.1107428717566319998, 0.03620251174752270318, -0.002000000000000000042 ) ) ;
#2521 = DIRECTION ( 'NONE',  ( 0.000000000000000000, 0.000000000000000000, -1.000000000000000000 ) ) ;
#2522 = CARTESIAN_POINT ( 'NONE',  ( -0.05956648678745860015, -0.01661131057481289933, 0.02602487012860970131 ) ) ;
#2523 = ORIENTED_EDGE ( 'NONE', *, *, #5017, .F. ) ;
#2524 = VECTOR ( 'NONE', #3714, 1.000000000000000000 ) ;
#2526 = EDGE_CURVE ( 'NONE', #1435, #3893, #2426, .T. ) ;
#2525 = DIRECTION ( 'NONE',  ( -0.1592328779843130981, 0.9872410498803384504, 0.000000000000000000 ) ) ;
#2527 = CARTESIAN_POINT ( 'NONE',  ( -0.02848768076327795606, -0.06326698644086241330, 0.02025224534726995790 ) ) ;
#2528 = AXIS2_PLACEMENT_3D ( 'NONE', #2952, #4231, #916 ) ;
#2529 = CARTESIAN_POINT ( 'NONE',  ( 0.01872447683781669828, 0.009779194805217840056, -0.002000000000000000042 ) ) ;
#2530 = CIRCLE ( 'NONE', #1244, 0.03333333333333329124 ) ;
#2531 = EDGE_LOOP ( 'NONE', ( #1299, #2821, #2395, #4928 ) ) ;
#2532 = ORIENTED_EDGE ( 'NONE', *, *, #9, .F. ) ;
#2533 = LINE ( 'NONE', #526, #1791 ) ;
#2534 = CARTESIAN_POINT ( 'NONE',  ( -0.02586764140117909713, -0.06227508670425110221, -0.002000000000000000042 ) ) ;
#2535 = CYLINDRICAL_SURFACE ( 'NONE', #2181, 0.04000000000000000777 ) ;
#2536 = CARTESIAN_POINT ( 'NONE',  ( -0.03717311678188719992, -0.05654465673074940413, -0.002000000000000000042 ) ) ;
#2537 = ORIENTED_EDGE ( 'NONE', *, *, #3629, .F. ) ;
#2538 = EDGE_CURVE ( 'NONE', #4720, #1246, #1567, .T. ) ;
#2539 = CARTESIAN_POINT ( 'NONE',  ( -0.05270641904359722046, 0.005951826084157248349, 0.02542680289063625407 ) ) ;
#2540 = CARTESIAN_POINT ( 'NONE',  ( -0.1087828717566319964, 0.03620251174752270318, 0.01533333333333330127 ) ) ;
#2541 = EDGE_CURVE ( 'NONE', #508, #1479, #5224, .T. ) ;
#2542 = FACE_BOUND ( 'NONE', #893, .T. ) ;
#2543 = CARTESIAN_POINT ( 'NONE',  ( 0.02415898516255229889, 0.02562581299119669892, 0.01533333333333330127 ) ) ;
#2544 = VERTEX_POINT ( 'NONE', #3275 ) ;
#2545 = ORIENTED_EDGE ( 'NONE', *, *, #3543, .T. ) ;
#2546 = DIRECTION ( 'NONE',  ( -0.000000000000000000, 1.000000000000000000, 0.000000000000000000 ) ) ;
#2547 = CARTESIAN_POINT ( 'NONE',  ( -0.08234294070027560475, 0.02463149794411500018, 0.01533333333333330127 ) ) ;
#2548 = AXIS2_PLACEMENT_3D ( 'NONE', #4455, #4507, #1998 ) ;
#2549 = DIRECTION ( 'NONE',  ( 0.000000000000000000, 0.000000000000000000, -1.000000000000000000 ) ) ;
#2550 = ORIENTED_EDGE ( 'NONE', *, *, #3676, .F. ) ;
#2551 = ORIENTED_EDGE ( 'NONE', *, *, #5090, .F. ) ;
#2552 = AXIS2_PLACEMENT_3D ( 'NONE', #4721, #5185, #2699 ) ;
#2553 = VECTOR ( 'NONE', #3505, 1.000000000000000000 ) ;
#2554 = DIRECTION ( 'NONE',  ( -0.1592328779843130981, 0.9872410498803384504, 0.000000000000000000 ) ) ;
#2555 = CARTESIAN_POINT ( 'NONE',  ( -0.008109961985243370128, -0.08108562098478590274, 0.01533333333333330127 ) ) ;
#2556 = VECTOR ( 'NONE', #5073, 1.000000000000000000 ) ;
#2557 = AXIS2_PLACEMENT_3D ( 'NONE', #795, #382, #1705 ) ;
#2558 = CARTESIAN_POINT ( 'NONE',  ( -0.05328972908013270005, 0.009782532076213910216, -0.002000000000000000042 ) ) ;
#2559 = ADVANCED_FACE ( 'NONE', ( #4497 ), #2064, .F. ) ;
#2560 = ORIENTED_EDGE ( 'NONE', *, *, #1103, .T. ) ;
#2561 = VERTEX_POINT ( 'NONE', #4901 ) ;
#2562 = CARTESIAN_POINT ( 'NONE',  ( -0.05776182013286955408, -0.01890547581590450166, 0.03091461246442812547 ) ) ;
#2563 = SURFACE_STYLE_USAGE ( .BOTH. , #3830 ) ;
#2564 = FACE_OUTER_BOUND ( 'NONE', #1357, .T. ) ;
#2565 = DIRECTION ( 'NONE',  ( 0.000000000000000000, 0.000000000000000000, -1.000000000000000000 ) ) ;
#2566 = ORIENTED_EDGE ( 'NONE', *, *, #4689, .F. ) ;
#2567 = CARTESIAN_POINT ( 'NONE',  ( -0.05275119686969834826, 0.008006508881185269572, 0.02354896108329704654 ) ) ;
#2568 = CARTESIAN_POINT ( 'NONE',  ( 0.002072271568604929295, 0.01785758115576129013, 0.03072166290828150584 ) ) ;
#2569 = CARTESIAN_POINT ( 'NONE',  ( -0.08441852886595770100, 0.01575403790507350077, 0.01533333333333330127 ) ) ;
#2570 = CARTESIAN_POINT ( 'NONE',  ( 0.01498575353072333950, 0.02213565251349521729, 0.01729649467845897903 ) ) ;
#2571 = EDGE_CURVE ( 'NONE', #5132, #2895, #1233, .T. ) ;
#2572 = VERTEX_POINT ( 'NONE', #1261 ) ;
#2573 = ORIENTED_EDGE ( 'NONE', *, *, #313, .F. ) ;
#2574 = DIRECTION ( 'NONE',  ( -1.000000000000000000, 0.000000000000000000, 0.000000000000000000 ) ) ;
#2575 = DIRECTION ( 'NONE',  ( 1.000000000000000000, 0.000000000000000000, 0.000000000000000000 ) ) ;
#2576 = LINE ( 'NONE', #4205, #129 ) ;
#2577 = ORIENTED_EDGE ( 'NONE', *, *, #3944, .T. ) ;
#2578 = ORIENTED_EDGE ( 'NONE', *, *, #495, .F. ) ;
#2579 = CARTESIAN_POINT ( 'NONE',  ( -0.02344621988434190257, -0.08329881133058389397, -0.002000000000000000042 ) ) ;
#2580 = CARTESIAN_POINT ( 'NONE',  ( -0.01728267001770939990, -0.1336926308568330002, -0.009666666666666660218 ) ) ;
#2581 = CARTESIAN_POINT ( 'NONE',  ( -0.02972991888345890080, -0.1256818337813389863, -0.002000000000000000042 ) ) ;
#2582 = EDGE_LOOP ( 'NONE', ( #4903, #1171, #117, #4155, #4134 ) ) ;
#2583 = CARTESIAN_POINT ( 'NONE',  ( -0.05713536099587099987, -0.02120584159941189817, 0.03533333333333329995 ) ) ;
#2584 = DIRECTION ( 'NONE',  ( 0.000000000000000000, 0.000000000000000000, 1.000000000000000000 ) ) ;
#2585 = DIRECTION ( 'NONE',  ( -0.000000000000000000, 1.000000000000000000, 0.000000000000000000 ) ) ;
#2586 = EDGE_CURVE ( 'NONE', #5184, #4607, #1752, .T. ) ;
#2587 = DIRECTION ( 'NONE',  ( -1.000000000000000000, 0.000000000000000000, 0.000000000000000000 ) ) ;
#2588 = ORIENTED_EDGE ( 'NONE', *, *, #983, .T. ) ;
#2589 = CARTESIAN_POINT ( 'NONE',  ( -0.05490862073759650991, 0.001586170804530670411, 0.02600637896658166207 ) ) ;
#2590 = CARTESIAN_POINT ( 'NONE',  ( -0.06093892407799178512, -0.004126803144778489613, 0.02130819693823351318 ) ) ;
#2591 = EDGE_CURVE ( 'NONE', #4323, #132, #2494, .T. ) ;
#2592 = FACE_BOUND ( 'NONE', #5167, .T. ) ;
#2593 = FACE_OUTER_BOUND ( 'NONE', #1208, .T. ) ;
#2594 = ORIENTED_EDGE ( 'NONE', *, *, #52, .F. ) ;
#2595 = ORIENTED_EDGE ( 'NONE', *, *, #22, .T. ) ;
#2596 = CARTESIAN_POINT ( 'NONE',  ( -0.03717311678188719992, -0.05654465673074940413, 0.01533333333333330127 ) ) ;
#2597 = DIRECTION ( 'NONE',  ( 0.000000000000000000, 1.000000000000000000, 0.000000000000000000 ) ) ;
#2598 = VECTOR ( 'NONE', #4419, 1.000000000000000000 ) ;
#2599 = EDGE_CURVE ( 'NONE', #2629, #4486, #1779, .T. ) ;
#2600 = CARTESIAN_POINT ( 'NONE',  ( 0.001716097499945689860, 0.008100675786751171045, 0.03533333333333329995 ) ) ;
#2601 = EDGE_CURVE ( 'NONE', #1435, #2051, #61, .T. ) ;
#2602 = EDGE_LOOP ( 'NONE', ( #5117, #4112 ) ) ;
#2603 = AXIS2_PLACEMENT_3D ( 'NONE', #835, #397, #4818 ) ;
#2604 = DIRECTION ( 'NONE',  ( 0.000000000000000000, 0.000000000000000000, -1.000000000000000000 ) ) ;
#2605 = CARTESIAN_POINT ( 'NONE',  ( -0.02672179588706671480, -0.06220845455071377650, 0.02161757583400867461 ) ) ;
#2606 = VECTOR ( 'NONE', #3957, 1.000000000000000000 ) ;
#2607 = FACE_OUTER_BOUND ( 'NONE', #4533, .T. ) ;
#2608 = ORIENTED_EDGE ( 'NONE', *, *, #2601, .T. ) ;
#2609 = VECTOR ( 'NONE', #3628, 1.000000000000000000 ) ;
#2610 = CARTESIAN_POINT ( 'NONE',  ( -0.05784230268348759807, -0.01874329568178015326, 0.03059141366577285484 ) ) ;
#2611 = CIRCLE ( 'NONE', #4315, 0.002666666666666660940 ) ;
#2612 = DIRECTION ( 'NONE',  ( 1.000000000000000000, 1.083212707929441687E-15, -1.805354513215736227E-16 ) ) ;
#2613 = CARTESIAN_POINT ( 'NONE',  ( -0.05728390250005420403, -0.01776182421324879954, 0.03533333333333329995 ) ) ;
#2614 = PLANE ( 'NONE',  #1251 ) ;
#2615 = VECTOR ( 'NONE', #964, 1.000000000000000000 ) ;
#2616 = EDGE_LOOP ( 'NONE', ( #4024, #1176, #2874, #6 ) ) ;
#2617 = ADVANCED_FACE ( 'NONE', ( #4203 ), #135, .F. ) ;
#2618 = CARTESIAN_POINT ( 'NONE',  ( -0.05317624939374470533, 0.004127974696969427884, 0.02653181459084047109 ) ) ;
#2619 = CYLINDRICAL_SURFACE ( 'NONE', #4089, 0.01243021965889979860 ) ;
#2620 = AXIS2_PLACEMENT_3D ( 'NONE', #4834, #1947, #4060 ) ;
#2621 = PLANE ( 'NONE',  #1756 ) ;
#2622 = CARTESIAN_POINT ( 'NONE',  ( 0.01285707502953982451, 0.02132574932204139850, 0.01839749472002054700 ) ) ;
#2623 = ADVANCED_FACE ( 'NONE', ( #3004 ), #596, .T. ) ;
#2624 = ORIENTED_EDGE ( 'NONE', *, *, #4828, .T. ) ;
#2625 = LINE ( 'NONE', #4177, #3752 ) ;
#2626 = DIRECTION ( 'NONE',  ( 0.000000000000000000, 0.000000000000000000, -1.000000000000000000 ) ) ;
#2627 = DIRECTION ( 'NONE',  ( 0.9697705587341365341, 0.2440185718597678577, 0.000000000000000000 ) ) ;
#2628 = ORIENTED_EDGE ( 'NONE', *, *, #4828, .F. ) ;
#2629 = VERTEX_POINT ( 'NONE', #4957 ) ;
#2630 = AXIS2_PLACEMENT_3D ( 'NONE', #4387, #733, #2360 ) ;
#2631 = FACE_OUTER_BOUND ( 'NONE', #2793, .T. ) ;
#2632 = B_SPLINE_CURVE_WITH_KNOTS ( 'NONE', 3,
 ( #1786, #3422, #4286, #3117, #603, #1381, #2230, #192, #3901, #4742, #1078, #4633, #575, #1050, #5070, #1833, #3852, #656, #172, #1812, #5099, #1460, #3466, #2687, #4312, #3228, #4880, #4055, #739, #1134, #4826, #1514 ),
 .UNSPECIFIED., .F., .F.,
 ( 4, 2, 2, 2, 1, 1, 2, 2, 2, 2, 1, 1, 1, 1, 2, 2, 2, 2, 4 ),
 ( 0.000000000000000000, 0.1249999999999183431, 0.1874999999998803457, 0.2187499999998592515, 0.2343749999998487321, 0.2421874999998434308, 0.2460937499998435418, 0.2499999999998436251, 0.3749999999999303335, 0.4374999999999730771, 0.4687499999999938938, 0.4843750000000038303, 0.4921875000000092149, 0.4960937500000098255, 0.4980468750000096034, 0.5000000000000094369, 0.6250000000000059952, 0.7500000000000039968, 1.000000000000000000 ),
 .UNSPECIFIED. ) ;
#2633 = CARTESIAN_POINT ( 'NONE',  ( -0.02830738482668943012, -0.06305835839285152400, 0.02046939128479298778 ) ) ;
#2634 = DIRECTION ( 'NONE',  ( 0.000000000000000000, 0.000000000000000000, -1.000000000000000000 ) ) ;
#2635 = EDGE_CURVE ( 'NONE', #4113, #1117, #4628, .T. ) ;
#2636 = CIRCLE ( 'NONE', #1093, 0.005941869605453536929 ) ;
#2637 = MECHANICAL_DESIGN_GEOMETRIC_PRESENTATION_REPRESENTATION (  '', ( #240 ), #327 ) ;
#2638 = EDGE_CURVE ( 'NONE', #1798, #11, #4727, .T. ) ;
#2639 = VERTEX_POINT ( 'NONE', #2199 ) ;
#2640 = LINE ( 'NONE', #276, #506 ) ;
#2641 = CARTESIAN_POINT ( 'NONE',  ( 0.02327668282775795586, -0.01873984177605247589, 0.03058281566889688163 ) ) ;
#2642 = CIRCLE ( 'NONE', #4258, 0.002875000000000002554 ) ;
#2643 = CIRCLE ( 'NONE', #2898, 0.01243021965889979860 ) ;
#2644 = CARTESIAN_POINT ( 'NONE',  ( -0.03789888893653103191, -0.05441536885821070257, 0.02650435596028367230 ) ) ;
#2645 = CARTESIAN_POINT ( 'NONE',  ( -0.01112626586037730042, -0.08329958479413429595, 0.01533333333333330127 ) ) ;
#2646 = AXIS2_PLACEMENT_3D ( 'NONE', #3701, #813, #401 ) ;
#2647 = ORIENTED_EDGE ( 'NONE', *, *, #4743, .F. ) ;
#2648 = DIRECTION ( 'NONE',  ( -3.791745302681550511E-16, -1.000000000000000000, 0.000000000000000000 ) ) ;
#2649 = CARTESIAN_POINT ( 'NONE',  ( -0.06253356076905224048, -0.004731010796743212107, 0.02005351140620007661 ) ) ;
#2650 = DIRECTION ( 'NONE',  ( 0.000000000000000000, 0.000000000000000000, 1.000000000000000000 ) ) ;
#2651 = CARTESIAN_POINT ( 'NONE',  ( 0.003858900334849296471, -0.05237472341173529666, 0.03063588237260214328 ) ) ;
#2652 = ORIENTED_EDGE ( 'NONE', *, *, #609, .F. ) ;
#2653 = CARTESIAN_POINT ( 'NONE',  ( 0.0006955553706668550018, -0.06836997324807830845, 0.01533333333333330127 ) ) ;
#2654 = CARTESIAN_POINT ( 'NONE',  ( 0.01814114328682910754, 0.007727315051819838576, 0.02382138056075240248 ) ) ;
#2655 = CARTESIAN_POINT ( 'NONE',  ( -0.1012603149322375551, 0.02722262204431919949, 0.01533333333333330127 ) ) ;
#2656 = VERTEX_POINT ( 'NONE', #3331 ) ;
#2657 = ORIENTED_EDGE ( 'NONE', *, *, #2538, .T. ) ;
#2658 = VERTEX_POINT ( 'NONE', #569 ) ;
#2659 = DIRECTION ( 'NONE',  ( -0.000000000000000000, -0.000000000000000000, -1.000000000000000000 ) ) ;
#2660 = DIRECTION ( 'NONE',  ( 0.000000000000000000, 0.000000000000000000, -1.000000000000000000 ) ) ;
#2661 = EDGE_CURVE ( 'NONE', #40, #1754, #286, .T. ) ;
#2662 = CARTESIAN_POINT ( 'NONE',  ( 0.02584648063234761678, -0.01592169794166023097, 0.02437780034103442794 ) ) ;
#2663 = VERTEX_POINT ( 'NONE', #4605 ) ;
#2664 = LINE ( 'NONE', #3039, #2556 ) ;
#2665 = ORIENTED_EDGE ( 'NONE', *, *, #1217, .T. ) ;
#2666 = CARTESIAN_POINT ( 'NONE',  ( 0.02261643445813781711, -0.02064039719414670002, 0.03426996523293294322 ) ) ;
#2667 = CARTESIAN_POINT ( 'NONE',  ( -0.03822949646550437980, -0.05387575115638018608, 0.02715523282637088628 ) ) ;
#2668 = CARTESIAN_POINT ( 'NONE',  ( -0.03474115367115450381, 0.01823216769315087055, 0.03426996519372270400 ) ) ;
#2669 = ADVANCED_FACE ( 'NONE', ( #4179 ), #915, .T. ) ;
#2670 = ADVANCED_FACE ( 'NONE', ( #3356 ), #3842, .T. ) ;
#2671 = ORIENTED_EDGE ( 'NONE', *, *, #1670, .T. ) ;
#2672 = DIRECTION ( 'NONE',  ( -0.1592328779841129804, 0.9872410498803707579, 0.000000000000000000 ) ) ;
#2673 = CARTESIAN_POINT ( 'NONE',  ( 0.001716097499945689860, 0.005813175786751169707, 0.03533333333333329995 ) ) ;
#2674 = CARTESIAN_POINT ( 'NONE',  ( 0.04255395192319549880, 0.009669945944443160066, -0.002000000000000000042 ) ) ;
#2675 = CARTESIAN_POINT ( 'NONE',  ( 0.003851346591777357869, -0.05238633319558453488, 0.03061124571708523368 ) ) ;
#2676 = ORIENTED_EDGE ( 'NONE', *, *, #3235, .F. ) ;
#2677 = CARTESIAN_POINT ( 'NONE',  ( -0.05095072238234337608, 0.01310827274236232680, 0.02137319699396640280 ) ) ;
#2678 = CARTESIAN_POINT ( 'NONE',  ( -0.01588715942346130214, -0.1133200389504170069, 0.01533333333333330127 ) ) ;
#2679 = CARTESIAN_POINT ( 'NONE',  ( -0.05154164917202470192, 0.01192854298007909979, 0.01533333333333330127 ) ) ;
#2680 = ORIENTED_EDGE ( 'NONE', *, *, #5248, .T. ) ;
#2681 = EDGE_LOOP ( 'NONE', ( #152, #4207, #2291, #3455 ) ) ;
#2682 = CARTESIAN_POINT ( 'NONE',  ( -0.02646224574435180124, -0.08108446880333260165, 0.01533333333333330127 ) ) ;
#2683 = EDGE_CURVE ( 'NONE', #3725, #3782, #3975, .T. ) ;
#2684 = FACE_OUTER_BOUND ( 'NONE', #2329, .T. ) ;
#2685 = VECTOR ( 'NONE', #4230, 1.000000000000000000 ) ;
#2686 = CARTESIAN_POINT ( 'NONE',  ( -0.02903959140914990494, -0.06489343910698958107, 0.01891752183818617289 ) ) ;
#2687 = CARTESIAN_POINT ( 'NONE',  ( -0.006243815922965700177, -0.06307893798664618301, 0.02044765166565940678 ) ) ;
#2688 = AXIS2_PLACEMENT_3D ( 'NONE', #3648, #425, #5264 ) ;
#2689 = EDGE_CURVE ( 'NONE', #3532, #2190, #3785, .T. ) ;
#2690 = VERTEX_POINT ( 'NONE', #1399 ) ;
#2691 = CARTESIAN_POINT ( 'NONE',  ( -0.01728890371215159941, -0.1256818337813389863, 0.01533333333333330127 ) ) ;
#2692 = CARTESIAN_POINT ( 'NONE',  ( 0.01899051029057839679, 0.01367329908378140009, -0.002000000000000000042 ) ) ;
#2693 = LINE ( 'NONE', #5103, #2295 ) ;
#2694 = CYLINDRICAL_SURFACE ( 'NONE', #5252, 0.002666666666666657470 ) ;
#2695 = FACE_OUTER_BOUND ( 'NONE', #4336, .T. ) ;
#2696 = AXIS2_PLACEMENT_3D ( 'NONE', #1727, #542, #2627 ) ;
#2697 = ORIENTED_EDGE ( 'NONE', *, *, #4108, .F. ) ;
#2698 = ORIENTED_EDGE ( 'NONE', *, *, #3198, .T. ) ;
#2699 = DIRECTION ( 'NONE',  ( 1.000000000000000000, 0.000000000000000000, 0.000000000000000000 ) ) ;
#2700 = CARTESIAN_POINT ( 'NONE',  ( 0.06402971703382759339, 0.02721548525137639993, 0.01533333333333330127 ) ) ;
#2701 = DIRECTION ( 'NONE',  ( 0.9345922678472772249, -0.3557208074882370896, 0.000000000000000000 ) ) ;
#2702 = AXIS2_PLACEMENT_3D ( 'NONE', #2861, #831, #754 ) ;
#2703 = CARTESIAN_POINT ( 'NONE',  ( 0.003955175331406906268, -0.05223103219380534346, 0.03094503557111638603 ) ) ;
#2704 = EDGE_CURVE ( 'NONE', #4947, #4212, #2341, .T. ) ;
#2705 = ORIENTED_EDGE ( 'NONE', *, *, #4973, .F. ) ;
#2706 = DIRECTION ( 'NONE',  ( -0.000000000000000000, -1.000000000000000000, -0.000000000000000000 ) ) ;
#2707 = AXIS2_PLACEMENT_3D ( 'NONE', #2299, #3942, #5287 ) ;
#2708 = EDGE_CURVE ( 'NONE', #4608, #1401, #3630, .T. ) ;
#2709 = CARTESIAN_POINT ( 'NONE',  ( 0.01828362613965602707, 0.008486462608920875700, 0.02306555286099525384 ) ) ;
#2710 = FACE_OUTER_BOUND ( 'NONE', #1135, .T. ) ;
#2711 = AXIS2_PLACEMENT_3D ( 'NONE', #4937, #1272, #2908 ) ;
#2712 = ORIENTED_EDGE ( 'NONE', *, *, #4206, .T. ) ;
#2713 = ORIENTED_EDGE ( 'NONE', *, *, #1820, .T. ) ;
#2714 = FACE_OUTER_BOUND ( 'NONE', #538, .T. ) ;
#2715 = CARTESIAN_POINT ( 'NONE',  ( -0.03491703289460066501, -0.04133682421324889888, 0.003000000000000000062 ) ) ;
#2716 = LINE ( 'NONE', #4340, #3713 ) ;
#2717 = CARTESIAN_POINT ( 'NONE',  ( 0.03027426858299340356, -0.01231532165163112466, 0.01938994647056190013 ) ) ;
#2718 = B_SPLINE_CURVE_WITH_KNOTS ( 'NONE', 3,
 ( #4272, #1306, #5058, #613, #5081, #180, #3402, #3047, #5029, #2568, #103, #1338, #3451, #1800, #2997, #560, #1391, #3020, #4975, #985, #4197 ),
 .UNSPECIFIED., .F., .F.,
 ( 4, 2, 2, 2, 1, 1, 1, 1, 1, 2, 2, 2, 4 ),
 ( 0.000000000000000000, 0.2500000000000267009, 0.3750000000000391354, 0.4375000000000454636, 0.4687500000000486278, 0.4843750000000496270, 0.4921875000000507927, 0.4960937500000519029, 0.4980468750000519029, 0.4990234375000518474, 0.5000000000000517364, 0.7500000000000258682, 1.000000000000000000 ),
 .UNSPECIFIED. ) ;
#2719 = CIRCLE ( 'NONE', #4764, 0.006666666666666669697 ) ;
#2720 = ORIENTED_EDGE ( 'NONE', *, *, #4437, .T. ) ;
#2721 = DIRECTION ( 'NONE',  ( -0.7753593898630369852, -0.6315202423922919861, 0.000000000000000000 ) ) ;
#2722 = DIRECTION ( 'NONE',  ( 0.000000000000000000, 0.000000000000000000, 1.000000000000000000 ) ) ;
#2723 = CARTESIAN_POINT ( 'NONE',  ( -0.03772299386978970187, -0.05476670322842606270, 0.02607053854350955754 ) ) ;
#2724 = EDGE_CURVE ( 'NONE', #3461, #4240, #3026, .T. ) ;
#2725 = VECTOR ( 'NONE', #1590, 1.000000000000000000 ) ;
#2726 = DIRECTION ( 'NONE',  ( 0.000000000000000000, 0.000000000000000000, -1.000000000000000000 ) ) ;
#2727 = ORIENTED_EDGE ( 'NONE', *, *, #4020, .F. ) ;
#2728 = ORIENTED_EDGE ( 'NONE', *, *, #2144, .F. ) ;
#2729 = AXIS2_PLACEMENT_3D ( 'NONE', #2876, #409, #2046 ) ;
#2730 = CARTESIAN_POINT ( 'NONE',  ( -0.03470786322413504932, -0.07182918553777160875, 0.01558481083673446572 ) ) ;
#2731 = CIRCLE ( 'NONE', #413, 0.002875000000000002554 ) ;
#2732 = DIRECTION ( 'NONE',  ( -1.000000000000000000, 0.000000000000000000, 0.000000000000000000 ) ) ;
#2733 = DIRECTION ( 'NONE',  ( 0.000000000000000000, 0.000000000000000000, 1.000000000000000000 ) ) ;
#2734 = EDGE_CURVE ( 'NONE', #3358, #399, #459, .T. ) ;
#2735 = CARTESIAN_POINT ( 'NONE',  ( -0.06073262061271610113, -0.007062223195191360756, -0.002000000000000000042 ) ) ;
#2736 = AXIS2_PLACEMENT_3D ( 'NONE', #1268, #4609, #4935 ) ;
#2737 = CIRCLE ( 'NONE', #1107, 0.004575000000000002676 ) ;
#2738 = EDGE_LOOP ( 'NONE', ( #1877, #776, #4459, #1468 ) ) ;
#2739 = DIRECTION ( 'NONE',  ( 0.000000000000000000, 0.000000000000000000, -1.000000000000000000 ) ) ;
#2740 = CARTESIAN_POINT ( 'NONE',  ( 0.01858345558210813472, 0.009456137037664106085, 0.02207342461843881526 ) ) ;
#2741 = CARTESIAN_POINT ( 'NONE',  ( -0.07346247080367890314, 0.003308734947698240003, 0.01533333333333330127 ) ) ;
#2742 = ADVANCED_FACE ( 'NONE', ( #2950 ), #1751, .F. ) ;
#2743 = ORIENTED_EDGE ( 'NONE', *, *, #3411, .F. ) ;
#2744 = DIRECTION ( 'NONE',  ( -1.826024711554529969E-16, -1.000000000000000000, 0.000000000000000000 ) ) ;
#2745 = CARTESIAN_POINT ( 'NONE',  ( 0.01804223441131010131, 0.01616566421913150087, 0.01864343055400280100 ) ) ;
#2746 = CARTESIAN_POINT ( 'NONE',  ( -0.04543390250005419767, -0.01776182421324879954, 0.03533333333333329995 ) ) ;
#2747 = CARTESIAN_POINT ( 'NONE',  ( -0.1107428717566319998, 0.03620251174752270318, -0.002000000000000000042 ) ) ;
#2748 = CARTESIAN_POINT ( 'NONE',  ( -0.1107428717566319998, 0.03620251174752270318, 0.01533333333333330127 ) ) ;
#2749 = DIRECTION ( 'NONE',  ( 0.000000000000000000, 0.000000000000000000, 1.000000000000000000 ) ) ;
#2750 = CARTESIAN_POINT ( 'NONE',  ( -0.03728390250005420015, -0.01776182421324879607, 0.007333333333333339268 ) ) ;
#2751 = CARTESIAN_POINT ( 'NONE',  ( -0.05778532815096138614, 0.02527100630291766181, 0.01533333333333340188 ) ) ;
#2752 = ORIENTED_EDGE ( 'NONE', *, *, #937, .T. ) ;
#2753 = EDGE_LOOP ( 'NONE', ( #5062, #4887, #3513, #4601, #2231, #5191, #3846, #4386, #3989, #2652, #2532, #4980, #4654, #2248, #275 ) ) ;
#2754 = CARTESIAN_POINT ( 'NONE',  ( -0.008702294046323928375, -0.06227549747734179714, -0.002000000000000000042 ) ) ;
#2755 = CARTESIAN_POINT ( 'NONE',  ( 0.01919444550377816597, 0.002980461743254906627, 0.02669112013339368372 ) ) ;
#2756 = DIRECTION ( 'NONE',  ( 1.000000000000000000, 0.000000000000000000, 0.000000000000000000 ) ) ;
#2757 = DIRECTION ( 'NONE',  ( 0.000000000000000000, 0.000000000000000000, -1.000000000000000000 ) ) ;
#2758 = EDGE_LOOP ( 'NONE', ( #4187, #5, #5066, #1044 ) ) ;
#2759 = EDGE_CURVE ( 'NONE', #3554, #3051, #3534, .T. ) ;
#2760 = CARTESIAN_POINT ( 'NONE',  ( -0.05139559524638170201, 0.01209706492366250871, 0.02173594796369980250 ) ) ;
#2761 = FACE_BOUND ( 'NONE', #2481, .T. ) ;
#2762 = CYLINDRICAL_SURFACE ( 'NONE', #4573, 0.002666666666666664409 ) ;
#2763 = B_SPLINE_CURVE_WITH_KNOTS ( 'NONE', 3,
 ( #2378, #4023, #342, #783, #4193, #5024, #45, #959, #555, #2107, #99, #2993, #2485, #4140, #3399, #3833, #3745, #2138, #3775, #151, #3346, #447, #2509, #3017, #3317, #3426 ),
 .UNSPECIFIED., .F., .F.,
 ( 4, 1, 1, 1, 1, 1, 1, 1, 2, 2, 1, 1, 1, 1, 1, 1, 1, 2, 2, 4 ),
 ( 0.000000000000000000, 0.2500000000000427991, 0.3750000000000639488, 0.4375000000000743294, 0.4687500000000793254, 0.4843750000000817679, 0.4921875000000834333, 0.4960937500000842659, 0.4980468750000846545, 0.5000000000000850431, 0.6250000000000506262, 0.6875000000000347500, 0.7187500000000259792, 0.7343750000000219824, 0.7421875000000204281, 0.7460937500000200950, 0.7480468750000195399, 0.7490234375000188738, 0.7500000000000180966, 1.000000000000000000 ),
 .UNSPECIFIED. ) ;
#2764 = ORIENTED_EDGE ( 'NONE', *, *, #3629, .T. ) ;
#2765 = VERTEX_POINT ( 'NONE', #267 ) ;
#2766 = CARTESIAN_POINT ( 'NONE',  ( -0.04314640250005419980, -0.03676182421324879906, 0.007333333333333339268 ) ) ;
#2767 = CARTESIAN_POINT ( 'NONE',  ( -0.07402184474065247322, -0.004834588144917910911, 0.01533333333333340535 ) ) ;
#2768 = ADVANCED_FACE ( 'NONE', ( #3458, #1906, #5088, #1423, #2326, #619, #2761, #3483, #5164, #3868, #675, #4762, #2244, #3968, #3054 ), #3890, .T. ) ;
#2769 = EDGE_CURVE ( 'NONE', #4735, #1636, #1020, .T. ) ;
#2770 = CARTESIAN_POINT ( 'NONE',  ( -0.02895823802539123845, -0.06423472777832305025, 0.01939267861727182393 ) ) ;
#2771 = DIRECTION ( 'NONE',  ( -1.000000000000000000, 0.000000000000000000, 0.000000000000000000 ) ) ;
#2772 = ORIENTED_EDGE ( 'NONE', *, *, #4960, .T. ) ;
#2773 = PLANE ( 'NONE',  #2729 ) ;
#2774 = DIRECTION ( 'NONE',  ( 0.000000000000000000, 0.000000000000000000, 1.000000000000000000 ) ) ;
#2775 = DIRECTION ( 'NONE',  ( 0.000000000000000000, 0.000000000000000000, -1.000000000000000000 ) ) ;
#2776 = EDGE_CURVE ( 'NONE', #3746, #2807, #2823, .T. ) ;
#2777 = AXIS2_PLACEMENT_3D ( 'NONE', #4153, #2925, #5009 ) ;
#2778 = CARTESIAN_POINT ( 'NONE',  ( -0.05154164917202470192, 0.01192854298007920040, -0.002000000000000000042 ) ) ;
#2779 = VERTEX_POINT ( 'NONE', #2678 ) ;
#2780 = VERTEX_POINT ( 'NONE', #4302 ) ;
#2781 = DIRECTION ( 'NONE',  ( -0.6731259189713831859, 0.7395278880535411936, 0.000000000000000000 ) ) ;
#2782 = VECTOR ( 'NONE', #3218, 1.000000000000000000 ) ;
#2783 = CARTESIAN_POINT ( 'NONE',  ( 0.06571377101354000660, 0.02514786021174129915, 0.01533333333333330127 ) ) ;
#2784 = DIRECTION ( 'NONE',  ( 1.000000000000000000, 0.000000000000000000, 0.000000000000000000 ) ) ;
#2785 = CARTESIAN_POINT ( 'NONE',  ( -0.01074255144759739961, -0.08066066941835309256, 0.01533333333333330127 ) ) ;
#2786 = VECTOR ( 'NONE', #2901, 1.000000000000000000 ) ;
#2787 = EDGE_CURVE ( 'NONE', #77, #4984, #1533, .T. ) ;
#2788 = VERTEX_POINT ( 'NONE', #5139 ) ;
#2789 = DIRECTION ( 'NONE',  ( 0.000000000000000000, 0.000000000000000000, -1.000000000000000000 ) ) ;
#2790 = CARTESIAN_POINT ( 'NONE',  ( -0.06892913225316273096, -0.0003845578758362440766, 0.01610659418179393246 ) ) ;
#2791 = DIRECTION ( 'NONE',  ( 0.000000000000000000, 0.000000000000000000, -1.000000000000000000 ) ) ;
#2792 = EDGE_CURVE ( 'NONE', #4030, #5111, #66, .T. ) ;
#2793 = EDGE_LOOP ( 'NONE', ( #28, #3347, #3709, #4660 ) ) ;
#2794 = VERTEX_POINT ( 'NONE', #1959 ) ;
#2795 = ORIENTED_EDGE ( 'NONE', *, *, #2591, .F. ) ;
#2796 = CARTESIAN_POINT ( 'NONE',  ( -0.06349269685877614866, -0.004593661165777919789, 0.01929734511651719567 ) ) ;
#2797 = CARTESIAN_POINT ( 'NONE',  ( -0.03728390250005420015, -0.01776182421324879607, -0.01766666666666660140 ) ) ;
#2798 = VECTOR ( 'NONE', #93, 1.000000000000000000 ) ;
#2799 = CARTESIAN_POINT ( 'NONE',  ( 0.0003492278944921423794, 0.005813175786751299812, 0.003000000000000000062 ) ) ;
#2800 = ORIENTED_EDGE ( 'NONE', *, *, #4227, .F. ) ;
#2801 = DIRECTION ( 'NONE',  ( 0.000000000000000000, 0.000000000000000000, -1.000000000000000000 ) ) ;
#2802 = EDGE_LOOP ( 'NONE', ( #1550, #2577, #1996, #3105 ) ) ;
#2803 = DIRECTION ( 'NONE',  ( 0.000000000000000000, 0.000000000000000000, -1.000000000000000000 ) ) ;
#2804 = LINE ( 'NONE', #4426, #2877 ) ;
#2805 = EDGE_CURVE ( 'NONE', #991, #4939, #3295, .T. ) ;
#2806 = EDGE_LOOP ( 'NONE', ( #4602, #490, #5288, #1595 ) ) ;
#2807 = VERTEX_POINT ( 'NONE', #4845 ) ;
#2808 = CARTESIAN_POINT ( 'NONE',  ( -0.05627826728030011633, 0.01756415934477259522, 0.01673352920844890443 ) ) ;
#2809 = CARTESIAN_POINT ( 'NONE',  ( 0.02457312306754949952, -0.0003520418553753599925, 0.02173594796369979903 ) ) ;
#2810 = CIRCLE ( 'NONE', #494, 0.04000000000000002165 ) ;
#2811 = VECTOR ( 'NONE', #684, 1.000000000000000000 ) ;
#2812 = PLANE ( 'NONE',  #4064 ) ;
#2813 = CARTESIAN_POINT ( 'NONE',  ( 0.006291097499945681043, 0.005813175786751299812, -0.002000000000000000042 ) ) ;
#2814 = AXIS2_PLACEMENT_3D ( 'NONE', #1899, #4376, #1058 ) ;
#2815 = CIRCLE ( 'NONE', #3495, 0.007206576865976092178 ) ;
#2816 = ORIENTED_EDGE ( 'NONE', *, *, #2099, .F. ) ;
#2817 = CARTESIAN_POINT ( 'NONE',  ( -0.05705088741982689698, 0.0001808105845842026313, 0.02384215001974657536 ) ) ;
#2818 = CARTESIAN_POINT ( 'NONE',  ( -0.03704999020577320196, 0.02451203951586400018, -0.002000000000000000042 ) ) ;
#2819 = DIRECTION ( 'NONE',  ( -1.000000000000000000, 0.000000000000000000, 0.000000000000000000 ) ) ;
#2820 = ORIENTED_EDGE ( 'NONE', *, *, #2436, .T. ) ;
#2821 = ORIENTED_EDGE ( 'NONE', *, *, #3428, .F. ) ;
#2822 = CARTESIAN_POINT ( 'NONE',  ( 0.006291097499945681043, 0.005813175786751299812, 0.003000000000000000062 ) ) ;
#2823 = B_SPLINE_CURVE_WITH_KNOTS ( 'NONE', 3,
 ( #2302, #3918, #2740, #4359, #4382, #702, #238, #212, #2709, #2222, #1932, #186, #5114, #1827, #2654, #3166, #4333, #3108, #4277, #1042, #3511, #3565, #1452, #1880, #5193, #3082, #646 ),
 .UNSPECIFIED., .F., .F.,
 ( 4, 2, 2, 2, 1, 1, 2, 2, 2, 2, 1, 1, 1, 1, 1, 2, 4 ),
 ( 0.000000000000000000, 0.06182129129593162686, 0.09273193694389741948, 0.1081872597678803921, 0.1159149211798721213, 0.1197787518858677569, 0.1217106672388656441, 0.1236425825918635313, 0.1854638738878009174, 0.2163745195357694717, 0.2318298423597535129, 0.2395575037717458389, 0.2434213344777419463, 0.2453532498307397502, 0.2463192075072386522, 0.2468021863454880893, 0.2472851651837375542 ),
 .UNSPECIFIED. ) ;
#2824 = CARTESIAN_POINT ( 'NONE',  ( -0.06251458714048484244, -0.01420950498373125051, 0.02169603562931347179 ) ) ;
#2825 = CARTESIAN_POINT ( 'NONE',  ( -0.03628390250005419926, -0.04362432421324879961, 0.007333333333333339268 ) ) ;
#2826 = DIRECTION ( 'NONE',  ( -0.000000000000000000, -0.000000000000000000, -1.000000000000000000 ) ) ;
#2827 = ORIENTED_EDGE ( 'NONE', *, *, #808, .F. ) ;
#2829 = EDGE_CURVE ( 'NONE', #1293, #2794, #1583, .T. ) ;
#2828 = CARTESIAN_POINT ( 'NONE',  ( -0.0003407797996381949990, 0.01847255991507109826, 0.02199999999999999872 ) ) ;
#2830 = DIRECTION ( 'NONE',  ( -1.000000000000000000, 0.000000000000000000, 0.000000000000000000 ) ) ;
#2831 = CARTESIAN_POINT ( 'NONE',  ( -0.04169164267007403196, 0.01914549147503877627, 0.02287507043147152946 ) ) ;
#2832 = B_SPLINE_CURVE_WITH_KNOTS ( 'NONE', 3,
 ( #1746, #2944, #3751, #4172, #512, #2143, #3374, #5005, #5060, #2973, #4598 ),
 .UNSPECIFIED., .F., .F.,
 ( 4, 1, 1, 1, 2, 2, 4 ),
 ( 0.000000000000000000, 0.2499999999999947820, 0.3749999999999921729, 0.4374999999999925615, 0.4687499999999928946, 0.4999999999999932276, 1.000000000000000000 ),
 .UNSPECIFIED. ) ;
#2833 = ORIENTED_EDGE ( 'NONE', *, *, #616, .F. ) ;
#2834 = EDGE_LOOP ( 'NONE', ( #1378, #485, #229, #82 ) ) ;
#2835 = CYLINDRICAL_SURFACE ( 'NONE', #2548, 0.01377434850464230587 ) ;
#2836 = CARTESIAN_POINT ( 'NONE',  ( 0.02092408598805799158, 0.001087261762679995938, 0.02546612894181161588 ) ) ;
#2837 = EDGE_CURVE ( 'NONE', #2658, #184, #4073, .T. ) ;
#2838 = DIRECTION ( 'NONE',  ( 0.000000000000000000, 0.000000000000000000, -1.000000000000000000 ) ) ;
#2839 = EDGE_CURVE ( 'NONE', #1580, #4416, #1584, .T. ) ;
#2840 = CARTESIAN_POINT ( 'NONE',  ( 0.002435030494155879764, -0.05759386547052419009, 0.02274409622635242129 ) ) ;
#2841 = ORIENTED_EDGE ( 'NONE', *, *, #841, .T. ) ;
#2842 = CARTESIAN_POINT ( 'NONE',  ( -0.05633167349501345955, 0.0005385835213451584808, 0.02460065891611015396 ) ) ;
#2843 = FACE_OUTER_BOUND ( 'NONE', #4403, .T. ) ;
#2844 = CARTESIAN_POINT ( 'NONE',  ( 0.006291097499945681043, 0.005813175786751299812, 0.003000000000000000062 ) ) ;
#2845 = ORIENTED_EDGE ( 'NONE', *, *, #3754, .F. ) ;
#2846 = ORIENTED_EDGE ( 'NONE', *, *, #1657, .F. ) ;
#2847 = FACE_OUTER_BOUND ( 'NONE', #475, .T. ) ;
#2848 = CARTESIAN_POINT ( 'NONE',  ( 0.01682239379133883272, 0.01522722359284340438, 0.01975878165591283750 ) ) ;
#2849 = PLANE ( 'NONE',  #4755 ) ;
#2850 = CARTESIAN_POINT ( 'NONE',  ( -0.03798390250005419938, 0.005813175786751169707, -0.2722511313201919636 ) ) ;
#2851 = DIRECTION ( 'NONE',  ( -1.000000000000000000, 0.000000000000000000, 0.000000000000000000 ) ) ;
#2852 = CARTESIAN_POINT ( 'NONE',  ( -0.04348166661715850700, 0.01982680330029756507, 0.02123151208046387267 ) ) ;
#2853 = EDGE_CURVE ( 'NONE', #1688, #629, #3209, .T. ) ;
#2854 = ORIENTED_EDGE ( 'NONE', *, *, #4, .F. ) ;
#2855 = ORIENTED_EDGE ( 'NONE', *, *, #1213, .T. ) ;
#2856 = CARTESIAN_POINT ( 'NONE',  ( -0.03698913636912200958, -0.05768533206209290609, 0.02256950069094122366 ) ) ;
#2857 = CARTESIAN_POINT ( 'NONE',  ( 0.02027227319960928781, 0.001650156136744091373, 0.02606652008743167576 ) ) ;
#2858 = VECTOR ( 'NONE', #1666, 1.000000000000000000 ) ;
#2859 = FACE_OUTER_BOUND ( 'NONE', #2681, .T. ) ;
#2860 = B_SPLINE_CURVE_WITH_KNOTS ( 'NONE', 3,
 ( #444, #3183, #2024, #2808, #4431, #2074, #1198, #2052, #3691, #4810, #1143 ),
 .UNSPECIFIED., .F., .F.,
 ( 4, 1, 1, 1, 2, 2, 4 ),
 ( 0.000000000000000000, 0.2499999999999977796, 0.3749999999999968359, 0.4374999999999955036, 0.4687499999999955591, 0.4999999999999955591, 1.000000000000000000 ),
 .UNSPECIFIED. ) ;
#2861 = CARTESIAN_POINT ( 'NONE',  ( -0.04375472378108979932, -0.05760620925064510039, 0.01533333333333330127 ) ) ;
#2862 = ORIENTED_EDGE ( 'NONE', *, *, #1726, .F. ) ;
#2863 = CARTESIAN_POINT ( 'NONE',  ( -0.05796922419225965933, -0.0001322951076876876988, 0.02289218007979286137 ) ) ;
#2864 = FACE_BOUND ( 'NONE', #365, .T. ) ;
#2865 = AXIS2_PLACEMENT_3D ( 'NONE', #930, #4970, #2937 ) ;
#2866 = DIRECTION ( 'NONE',  ( 0.000000000000000000, 0.000000000000000000, -1.000000000000000000 ) ) ;
#2867 = EDGE_CURVE ( 'NONE', #1154, #5093, #4059, .T. ) ;
#2868 = EDGE_LOOP ( 'NONE', ( #2665, #1818, #3576, #4470 ) ) ;
#2869 = EDGE_LOOP ( 'NONE', ( #334, #1735, #3733, #1777 ) ) ;
#2870 = LINE ( 'NONE', #29, #2475 ) ;
#2871 = LINE ( 'NONE', #791, #1055 ) ;
#2872 = LINE ( 'NONE', #1917, #5087 ) ;
#2873 = CIRCLE ( 'NONE', #908, 0.004575000000000000941 ) ;
#2874 = ORIENTED_EDGE ( 'NONE', *, *, #2571, .T. ) ;
#2875 = APPLICATION_CONTEXT ( 'automotive_design' ) ;
#2876 = CARTESIAN_POINT ( 'NONE',  ( 0.01970183992220139735, 0.02392999271917040094, 0.01533333333333330127 ) ) ;
#2877 = VECTOR ( 'NONE', #2399, 1.000000000000000000 ) ;
#2878 = DIRECTION ( 'NONE',  ( -1.000000000000000000, 0.000000000000000000, 0.000000000000000000 ) ) ;
#2879 = VERTEX_POINT ( 'NONE', #319 ) ;
#2880 = VERTEX_POINT ( 'NONE', #4462 ) ;
#2881 = CARTESIAN_POINT ( 'NONE',  ( -0.03717311678188719992, -0.05654465673074940413, 0.02390697768338270052 ) ) ;
#2882 = CARTESIAN_POINT ( 'NONE',  ( 0.02231813046799235173, 0.0002551773976124822050, 0.02401906740231149473 ) ) ;
#2883 = EDGE_CURVE ( 'NONE', #2794, #4280, #3291, .T. ) ;
#2884 = CARTESIAN_POINT ( 'NONE',  ( 0.07422006796862089251, 0.03619384939407049862, 0.01533333333333330127 ) ) ;
#2885 = CARTESIAN_POINT ( 'NONE',  ( -0.01728890371215159941, -0.1256818337813389863, 0.01533333333333330127 ) ) ;
#2886 = ORIENTED_EDGE ( 'NONE', *, *, #4722, .T. ) ;
#2887 = AXIS2_PLACEMENT_3D ( 'NONE', #4524, #4151, #4103 ) ;
#2888 = CARTESIAN_POINT ( 'NONE',  ( -0.05510309573963134006, 0.001408507429097714423, 0.02583272295123906909 ) ) ;
#2889 = EDGE_CURVE ( 'NONE', #4579, #1349, #3978, .T. ) ;
#2890 = DIRECTION ( 'NONE',  ( 0.000000000000000000, 0.000000000000000000, -1.000000000000000000 ) ) ;
#2891 = CARTESIAN_POINT ( 'NONE',  ( -0.01658665063990579988, -0.1133200389504170069, 0.01533333333333330127 ) ) ;
#2892 = AXIS2_PLACEMENT_3D ( 'NONE', #4202, #2546, #967 ) ;
#2893 = AXIS2_PLACEMENT_3D ( 'NONE', #3264, #4889, #2453 ) ;
#2894 = ORIENTED_EDGE ( 'NONE', *, *, #3907, .F. ) ;
#2895 = VERTEX_POINT ( 'NONE', #1255 ) ;
#2896 = CARTESIAN_POINT ( 'NONE',  ( 0.06138036773766550325, 0.03265462320150900460, 0.01533333333333330127 ) ) ;
#2897 = CIRCLE ( 'NONE', #1960, 0.04533333333338240845 ) ;
#2898 = AXIS2_PLACEMENT_3D ( 'NONE', #4473, #2418, #2851 ) ;
#2899 = DIRECTION ( 'NONE',  ( 0.6043287601325764147, -0.7967350561363688577, 0.000000000000000000 ) ) ;
#2900 = EDGE_CURVE ( 'NONE', #1293, #4362, #4441, .T. ) ;
#2901 = DIRECTION ( 'NONE',  ( -0.1592328779841129804, 0.9872410498803707579, 0.000000000000000000 ) ) ;
#2902 = ADVANCED_FACE ( 'NONE', ( #4896 ), #786, .T. ) ;
#2903 = CARTESIAN_POINT ( 'NONE',  ( -0.05917461682446686216, -0.01693056546962141626, 0.02678632142838497515 ) ) ;
#2904 = ORIENTED_EDGE ( 'NONE', *, *, #4010, .T. ) ;
#2905 = VECTOR ( 'NONE', #839, 1.000000000000000000 ) ;
#2906 = CARTESIAN_POINT ( 'NONE',  ( 0.006291097499945689717, -0.03676182421324890315, 0.007333333333333339268 ) ) ;
#2907 = CARTESIAN_POINT ( 'NONE',  ( 0.06477356746432749723, 0.03122689814222059934, -0.002000000000000000042 ) ) ;
#2908 = DIRECTION ( 'NONE',  ( -1.000000000000000000, 0.000000000000000000, 0.000000000000000000 ) ) ;
#2909 = EDGE_LOOP ( 'NONE', ( #3877, #4125, #2156, #2923 ) ) ;
#2910 = VERTEX_POINT ( 'NONE', #2058 ) ;
#2911 = CARTESIAN_POINT ( 'NONE',  ( -0.05782329170962702269, -0.01878070068132269010, 0.03066605165036761366 ) ) ;
#2912 = CARTESIAN_POINT ( 'NONE',  ( 0.02242736136610633257, 0.0002060564973800767480, 0.02390414579935360578 ) ) ;
#2913 = CARTESIAN_POINT ( 'NONE',  ( -0.02382960294467089887, -0.08065984779537499483, 0.01533333333333330127 ) ) ;
#2914 = CARTESIAN_POINT ( 'NONE',  ( -0.1107428717566319998, 0.03620251174752270318, -0.002000000000000000042 ) ) ;
#2915 = EDGE_LOOP ( 'NONE', ( #2712, #5268, #3661, #898, #4385 ) ) ;
#2916 = ADVANCED_FACE ( 'NONE', ( #367 ), #3697, .T. ) ;
#2917 = CARTESIAN_POINT ( 'NONE',  ( -0.05128907819317909261, 0.01508154224643560443, 0.01990723842727086176 ) ) ;
#2918 = DIRECTION ( 'NONE',  ( -0.3343341265222758429, -0.9424546099641014640, 0.000000000000000000 ) ) ;
#2919 = CARTESIAN_POINT ( 'NONE',  ( 0.02976172443940350298, -0.004134618937700480258, 0.01864355648677560109 ) ) ;
#2920 = CARTESIAN_POINT ( 'NONE',  ( 0.005363373508285368928, 0.01847460351750026403, 0.02520347212148383101 ) ) ;
#2921 = EDGE_CURVE ( 'NONE', #4539, #3393, #4564, .T. ) ;
#2922 = ORIENTED_EDGE ( 'NONE', *, *, #2839, .F. ) ;
#2923 = ORIENTED_EDGE ( 'NONE', *, *, #1944, .F. ) ;
#2924 = CARTESIAN_POINT ( 'NONE',  ( 0.006291097499945659359, -0.04133682421324889888, 0.003000000000000002665 ) ) ;
#2925 = DIRECTION ( 'NONE',  ( 0.000000000000000000, 0.000000000000000000, -1.000000000000000000 ) ) ;
#2926 = LINE ( 'NONE', #1519, #4308 ) ;
#2927 = B_SPLINE_CURVE_WITH_KNOTS ( 'NONE', 3,
 ( #4324, #3528, #1089, #2730, #3939, #694, #1495, #4352, #282, #1923, #3556, #3155, #2452, #1220, #418, #1247, #3612, #778, #387, #1628, #2856, #2881 ),
 .UNSPECIFIED., .F., .F.,
 ( 4, 1, 2, 2, 1, 2, 2, 1, 1, 1, 1, 2, 2, 4 ),
 ( 0.000000000000000000, 0.1249999999999960032, 0.1874999999999940048, 0.2499999999999920064, 0.3749999999999898970, 0.4374999999999898415, 0.4999999999999897859, 0.6249999999999882316, 0.6874999999999875655, 0.7187499999999874545, 0.7343749999999868994, 0.7421874999999872324, 0.7499999999999875655, 1.000000000000000000 ),
 .UNSPECIFIED. ) ;
#2928 = ORIENTED_EDGE ( 'NONE', *, *, #269, .F. ) ;
#2929 = CARTESIAN_POINT ( 'NONE',  ( 0.02903170235599705079, -0.004587431865385662756, 0.01920091025371529342 ) ) ;
#2930 = CARTESIAN_POINT ( 'NONE',  ( 0.06232864361693379873, 0.03016225806615880148, 0.01533333333333330127 ) ) ;
#2931 = DIRECTION ( 'NONE',  ( 0.000000000000000000, 0.000000000000000000, -1.000000000000000000 ) ) ;
#2932 = EDGE_CURVE ( 'NONE', #5221, #4188, #4731, .T. ) ;
#2933 = ORIENTED_EDGE ( 'NONE', *, *, #440, .F. ) ;
#2934 = ORIENTED_EDGE ( 'NONE', *, *, #2496, .T. ) ;
#2935 = CARTESIAN_POINT ( 'NONE',  ( -0.01728390250005419973, -0.01776182421324879954, 0.007333333333333339268 ) ) ;
#2936 = CARTESIAN_POINT ( 'NONE',  ( -0.1107428717566319998, 0.03620251174752270318, 0.01533333333333330127 ) ) ;
#2937 = DIRECTION ( 'NONE',  ( -1.000000000000000000, 0.000000000000000000, 0.000000000000000000 ) ) ;
#2938 = CARTESIAN_POINT ( 'NONE',  ( -0.01728890371215159941, -0.1256818337813389863, -0.002000000000000000042 ) ) ;
#2939 = ORIENTED_EDGE ( 'NONE', *, *, #5188, .T. ) ;
#2940 = CARTESIAN_POINT ( 'NONE',  ( -0.05287475901977258669, 0.005050832796042030795, 0.02607023770944782992 ) ) ;
#2941 = VECTOR ( 'NONE', #487, 1.000000000000000000 ) ;
#2942 = FACE_OUTER_BOUND ( 'NONE', #4375, .T. ) ;
#2943 = CARTESIAN_POINT ( 'NONE',  ( -0.01128390250005419961, 0.01038817578675120014, 0.007333333333333339268 ) ) ;
#2944 = CARTESIAN_POINT ( 'NONE',  ( -0.007277399174848913493, -0.07592786594980187320, 0.01533333333333330301 ) ) ;
#2945 = AXIS2_PLACEMENT_3D ( 'NONE', #1618, #3253, #2899 ) ;
#2946 = ORIENTED_EDGE ( 'NONE', *, *, #1971, .T. ) ;
#2947 = ORIENTED_EDGE ( 'NONE', *, *, #4476, .T. ) ;
#2948 = CARTESIAN_POINT ( 'NONE',  ( -0.01007296742647529990, -0.09324650671233310206, -0.002000000000000000042 ) ) ;
#2949 = VECTOR ( 'NONE', #3999, 1.000000000000000000 ) ;
#2950 = FACE_OUTER_BOUND ( 'NONE', #252, .T. ) ;
#2951 = EDGE_CURVE ( 'NONE', #2788, #4720, #4996, .T. ) ;
#2952 = CARTESIAN_POINT ( 'NONE',  ( 0.006291097499945660226, -0.04133682421324889888, 0.003000000000000000062 ) ) ;
#2953 = EDGE_LOOP ( 'NONE', ( #5000, #3087, #2671, #2209 ) ) ;
#2954 = CIRCLE ( 'NONE', #645, 0.05999999999999999778 ) ;
#2955 = ORIENTED_EDGE ( 'NONE', *, *, #5266, .F. ) ;
#2956 = CARTESIAN_POINT ( 'NONE',  ( 0.02555758307304119986, -0.002938928915574720146, 0.02173594796369979903 ) ) ;
#2957 = DIRECTION ( 'NONE',  ( 0.000000000000000000, 0.000000000000000000, 1.000000000000000000 ) ) ;
#2958 = AXIS2_PLACEMENT_3D ( 'NONE', #3137, #1560, #647 ) ;
#2959 = DIRECTION ( 'NONE',  ( 0.000000000000000000, 0.000000000000000000, 1.000000000000000000 ) ) ;
#2960 = ORIENTED_EDGE ( 'NONE', *, *, #4528, .F. ) ;
#2961 = ORIENTED_EDGE ( 'NONE', *, *, #808, .T. ) ;
#2962 = VERTEX_POINT ( 'NONE', #4874 ) ;
#2963 = DIRECTION ( 'NONE',  ( 1.000000000000000000, 0.000000000000000000, 0.000000000000000000 ) ) ;
#2964 = ORIENTED_EDGE ( 'NONE', *, *, #1001, .F. ) ;
#2965 = CARTESIAN_POINT ( 'NONE',  ( 0.02256748357856819959, -0.02120667945151110192, -0.002000000000000000042 ) ) ;
#2966 = CARTESIAN_POINT ( 'NONE',  ( 0.03639464475029680068, 0.02033972583442789778, -0.002000000000000000042 ) ) ;
#2967 = FACE_OUTER_BOUND ( 'NONE', #215, .T. ) ;
#2968 = ADVANCED_FACE ( 'NONE', ( #2843, #2864 ), #25, .T. ) ;
#2969 = VERTEX_POINT ( 'NONE', #2998 ) ;
#2970 = CARTESIAN_POINT ( 'NONE',  ( -0.05269182563507898015, 0.007574265566479346234, 0.02397146754874020930 ) ) ;
#2971 = DIRECTION ( 'NONE',  ( 0.000000000000000000, 0.000000000000000000, 1.000000000000000000 ) ) ;
#2972 = CARTESIAN_POINT ( 'NONE',  ( -0.09594361603726610233, 0.03266142729203549977, 0.01533333333333330127 ) ) ;
#2973 = CARTESIAN_POINT ( 'NONE',  ( -0.005847554225256450244, -0.06706992767063267580, 0.01756546730539637266 ) ) ;
#2974 = VERTEX_POINT ( 'NONE', #2943 ) ;
#2975 = ORIENTED_EDGE ( 'NONE', *, *, #2454, .T. ) ;
#2976 = DIRECTION ( 'NONE',  ( 0.000000000000000000, 0.000000000000000000, -1.000000000000000000 ) ) ;
#2977 = DIRECTION ( 'NONE',  ( 0.9170779426105304388, 0.3987079723020804378, 0.000000000000000000 ) ) ;
#2978 = VECTOR ( 'NONE', #3945, 1.000000000000000000 ) ;
#2979 = DIRECTION ( 'NONE',  ( 0.000000000000000000, 0.000000000000000000, -1.000000000000000000 ) ) ;
#2980 = VERTEX_POINT ( 'NONE', #2113 ) ;
#2981 = ORIENTED_EDGE ( 'NONE', *, *, #4256, .T. ) ;
#2982 = AXIS2_PLACEMENT_3D ( 'NONE', #3930, #1891, #1112 ) ;
#2983 = CARTESIAN_POINT ( 'NONE',  ( -0.09859364826557089068, 0.02722262204431919949, 0.01533333333333330127 ) ) ;
#2984 = CARTESIAN_POINT ( 'NONE',  ( -0.02818773907487955033, -0.06293923476949329909, 0.02060020192231284270 ) ) ;
#2985 = VECTOR ( 'NONE', #2251, 1.000000000000000000 ) ;
#2986 = VECTOR ( 'NONE', #522, 1.000000000000000000 ) ;
#2987 = LINE ( 'NONE', #3824, #571 ) ;
#2988 = ADVANCED_FACE ( 'NONE', ( #4568 ), #3750, .F. ) ;
#2989 = ORIENTED_EDGE ( 'NONE', *, *, #3263, .T. ) ;
#2990 = CARTESIAN_POINT ( 'NONE',  ( -0.02637256721889180006, -0.06489351390960140797, 0.01533333333333330127 ) ) ;
#2991 = CARTESIAN_POINT ( 'NONE',  ( -0.02413474400570506107, -0.09530126511910470832, 0.01533333333333330127 ) ) ;
#2992 = FACE_OUTER_BOUND ( 'NONE', #5041, .T. ) ;
#2993 = CARTESIAN_POINT ( 'NONE',  ( -0.04258586758342249035, -0.04918083214089360999, 0.03165923842437148861 ) ) ;
#2994 = ORIENTED_EDGE ( 'NONE', *, *, #797, .F. ) ;
#2995 = CARTESIAN_POINT ( 'NONE',  ( -0.05280003957243138701, 0.005369747179277826327, 0.02586268854390750410 ) ) ;
#2996 = ADVANCED_FACE ( 'NONE', ( #3807 ), #4597, .T. ) ;
#2997 = CARTESIAN_POINT ( 'NONE',  ( 0.002133887175374351002, 0.01785410831214184063, 0.03061176250302328344 ) ) ;
#2998 = CARTESIAN_POINT ( 'NONE',  ( -0.005564904086692190610, -0.06531890041224761023, -0.002000000000000000042 ) ) ;
#2999 = FACE_OUTER_BOUND ( 'NONE', #2305, .T. ) ;
#3000 = EDGE_CURVE ( 'NONE', #2190, #3364, #1690, .T. ) ;
#3001 = ORIENTED_EDGE ( 'NONE', *, *, #3706, .T. ) ;
#3002 = ORIENTED_EDGE ( 'NONE', *, *, #1243, .T. ) ;
#3003 = DIRECTION ( 'NONE',  ( 0.000000000000000000, 0.000000000000000000, -1.000000000000000000 ) ) ;
#3004 = FACE_OUTER_BOUND ( 'NONE', #3229, .T. ) ;
#3005 = LINE ( 'NONE', #1377, #2354 ) ;
#3006 = ORIENTED_EDGE ( 'NONE', *, *, #4020, .T. ) ;
#3007 = ORIENTED_EDGE ( 'NONE', *, *, #5234, .T. ) ;
#3008 = CARTESIAN_POINT ( 'NONE',  ( 0.02636711550462960546, -0.004112750351757175557, 0.02131491556512549873 ) ) ;
#3009 = DIRECTION ( 'NONE',  ( 0.7244969328910948470, -0.6892780238999327569, 0.000000000000000000 ) ) ;
#3010 = DIRECTION ( 'NONE',  ( 0.000000000000000000, 0.000000000000000000, -1.000000000000000000 ) ) ;
#3011 = ADVANCED_FACE ( 'NONE', ( #2592, #2142, #2542 ), #1392, .F. ) ;
#3012 = ORIENTED_EDGE ( 'NONE', *, *, #2328, .T. ) ;
#3013 = DIRECTION ( 'NONE',  ( 0.000000000000000000, 0.000000000000000000, 1.000000000000000000 ) ) ;
#3014 = CARTESIAN_POINT ( 'NONE',  ( -0.03628390250005419926, -0.04133682421324889888, 0.03533333333333329995 ) ) ;
#3015 = CARTESIAN_POINT ( 'NONE',  ( -0.03893553320564629994, -0.05299970877392680413, 0.02808876954983919802 ) ) ;
#3016 = EDGE_CURVE ( 'NONE', #3756, #2022, #3322, .T. ) ;
#3017 = CARTESIAN_POINT ( 'NONE',  ( -0.04479323038928397643, -0.04687155157436469211, 0.03389565317815748657 ) ) ;
#3018 = ORIENTED_EDGE ( 'NONE', *, *, #3803, .T. ) ;
#3019 = CARTESIAN_POINT ( 'NONE',  ( -0.05345323903268405646, 0.003518245265799234758, 0.02668849737897968297 ) ) ;
#3020 = CARTESIAN_POINT ( 'NONE',  ( 0.003121103239942902424, 0.01785950950547779068, 0.02888721818854899856 ) ) ;
#3021 = CARTESIAN_POINT ( 'NONE',  ( 0.03889601333667469518, 0.003305141789905500106, 0.01533333333333330127 ) ) ;
#3022 = DIRECTION ( 'NONE',  ( 0.000000000000000000, 0.000000000000000000, -1.000000000000000000 ) ) ;
#3023 = ORIENTED_EDGE ( 'NONE', *, *, #1692, .F. ) ;
#3024 = VERTEX_POINT ( 'NONE', #2569 ) ;
#3025 = CARTESIAN_POINT ( 'NONE',  ( -0.02722869530446890216, -0.1181998954232640064, 0.01533333333333330127 ) ) ;
#3026 = LINE ( 'NONE', #889, #2685 ) ;
#3027 = EDGE_CURVE ( 'NONE', #1501, #3514, #4171, .T. ) ;
#3028 = VECTOR ( 'NONE', #5173, 1.000000000000000000 ) ;
#3029 = DIRECTION ( 'NONE',  ( -1.000000000000000000, 0.000000000000000000, 0.000000000000000000 ) ) ;
#3030 = EDGE_CURVE ( 'NONE', #1136, #1246, #104, .T. ) ;
#3031 = ORIENTED_EDGE ( 'NONE', *, *, #4556, .F. ) ;
#3032 = CIRCLE ( 'NONE', #2346, 0.002875000000000002554 ) ;
#3033 = DIRECTION ( 'NONE',  ( -1.000000000000000000, 0.000000000000000000, 0.000000000000000000 ) ) ;
#3034 = CARTESIAN_POINT ( 'NONE',  ( -0.02864575034889410912, -0.06348763597287554461, 0.02003704422610476724 ) ) ;
#3035 = AXIS2_PLACEMENT_3D ( 'NONE', #1980, #2026, #2784 ) ;
#3036 = CYLINDRICAL_SURFACE ( 'NONE', #3987, 0.001960000000000003406 ) ;
#3037 = ORIENTED_EDGE ( 'NONE', *, *, #1640, .T. ) ;
#3038 = AXIS2_PLACEMENT_3D ( 'NONE', #1942, #3655, #1162 ) ;
#3039 = CARTESIAN_POINT ( 'NONE',  ( 0.001716097499945679885, -0.04362432421324890369, 0.03533333333333329995 ) ) ;
#3040 = CIRCLE ( 'NONE', #562, 0.01244101517130729966 ) ;
#3041 = SURFACE_STYLE_FILL_AREA ( #2186 ) ;
#3042 = CARTESIAN_POINT ( 'NONE',  ( -0.01728390250005419973, -0.01776182421324879954, 0.01533333333333330127 ) ) ;
#3043 = CARTESIAN_POINT ( 'NONE',  ( -0.06073262061271610113, -0.007062223195191360756, 0.01533333333333330127 ) ) ;
#3044 = AXIS2_PLACEMENT_3D ( 'NONE', #1955, #2027, #1175 ) ;
#3045 = EDGE_LOOP ( 'NONE', ( #992, #4792 ) ) ;
#3046 = CARTESIAN_POINT ( 'NONE',  ( -0.05267885993816344425, 0.006204815564567317185, 0.02522082426635107594 ) ) ;
#3047 = CARTESIAN_POINT ( 'NONE',  ( 0.001947768356939167137, 0.01786636073097713079, 0.03094503554766566897 ) ) ;
#3048 = CIRCLE ( 'NONE', #3227, 0.04533333333338229743 ) ;
#3049 = DIRECTION ( 'NONE',  ( 0.000000000000000000, 1.000000000000000000, 0.000000000000000000 ) ) ;
#3050 = CARTESIAN_POINT ( 'NONE',  ( 0.005624433295346629828, -0.05055219095540590402, 0.03533333333333329995 ) ) ;
#3051 = VERTEX_POINT ( 'NONE', #1745 ) ;
#3052 = EDGE_CURVE ( 'NONE', #3623, #942, #4827, .T. ) ;
#3053 = DIRECTION ( 'NONE',  ( -1.000000000000000000, 0.000000000000000000, 0.000000000000000000 ) ) ;
#3054 = FACE_BOUND ( 'NONE', #1743, .T. ) ;
#3055 = CARTESIAN_POINT ( 'NONE',  ( 0.01086609749994579995, 0.001238175786751180042, 0.03533333333333329995 ) ) ;
#3056 = ORIENTED_EDGE ( 'NONE', *, *, #1324, .F. ) ;
#3057 = VERTEX_POINT ( 'NONE', #3837 ) ;
#3058 = VERTEX_POINT ( 'NONE', #2166 ) ;
#3059 = AXIS2_PLACEMENT_3D ( 'NONE', #4878, #3679, #1638 ) ;
#3060 = CARTESIAN_POINT ( 'NONE',  ( -0.06012467858938400078, -0.002936878507464080277, -0.002000000000000000042 ) ) ;
#3061 = ADVANCED_FACE ( 'NONE', ( #3351 ), #1720, .F. ) ;
#3062 = EDGE_CURVE ( 'NONE', #3278, #4035, #1340, .T. ) ;
#3063 = LINE ( 'NONE', #4802, #4561 ) ;
#3064 = CARTESIAN_POINT ( 'NONE',  ( 0.03676172921779605196, -0.007031368473060947699, 0.01593731358194438313 ) ) ;
#3065 = VECTOR ( 'NONE', #3378, 1.000000000000000000 ) ;
#3066 = AXIS2_PLACEMENT_3D ( 'NONE', #2936, #527, #5051 ) ;
#3067 = ORIENTED_EDGE ( 'NONE', *, *, #2477, .T. ) ;
#3068 = DIRECTION ( 'NONE',  ( -0.3556034547256120004, 0.9346369257563119648, 0.000000000000000000 ) ) ;
#3069 = CARTESIAN_POINT ( 'NONE',  ( 0.02256748357856819959, -0.02120667945151110192, 0.03533333333333329995 ) ) ;
#3070 = AXIS2_PLACEMENT_3D ( 'NONE', #4829, #2801, #4804 ) ;
#3071 = AXIS2_PLACEMENT_3D ( 'NONE', #462, #1296, #4423 ) ;
#3072 = CARTESIAN_POINT ( 'NONE',  ( -0.03806583859253202806, -0.05412955138906080238, 0.02685222771469078853 ) ) ;
#3073 = CARTESIAN_POINT ( 'NONE',  ( -0.03605830477069617984, 0.01790565217126781003, 0.03176906262207258858 ) ) ;
#3074 = AXIS2_PLACEMENT_3D ( 'NONE', #5144, #2331, #1540 ) ;
#3075 = ORIENTED_EDGE ( 'NONE', *, *, #1491, .T. ) ;
#3076 = DIRECTION ( 'NONE',  ( 0.1212201958154782294, -0.9926256414814484952, 0.000000000000000000 ) ) ;
#3077 = CARTESIAN_POINT ( 'NONE',  ( 0.01817081155848012872, 0.005728036665564061915, 0.02559797654147473803 ) ) ;
#3078 = LINE ( 'NONE', #5082, #4474 ) ;
#3079 = CARTESIAN_POINT ( 'NONE',  ( -0.02646224574435180124, -0.08108446880333260165, 0.01533333333333330127 ) ) ;
#3080 = ORIENTED_EDGE ( 'NONE', *, *, #1213, .F. ) ;
#3081 = DIRECTION ( 'NONE',  ( -1.000000000000000000, 0.000000000000000000, 0.000000000000000000 ) ) ;
#3082 = CARTESIAN_POINT ( 'NONE',  ( 0.01808813281307539503, 0.006820729811704642938, 0.02467705492564880795 ) ) ;
#3083 = CARTESIAN_POINT ( 'NONE',  ( 0.009166097499945669719, 0.005813175786751299812, 0.003000000000000002665 ) ) ;
#3084 = ADVANCED_FACE ( 'NONE', ( #4121 ), #3722, .F. ) ;
#3085 = VERTEX_POINT ( 'NONE', #55 ) ;
#3086 = ORIENTED_EDGE ( 'NONE', *, *, #1199, .T. ) ;
#3087 = ORIENTED_EDGE ( 'NONE', *, *, #1388, .T. ) ;
#3088 = CARTESIAN_POINT ( 'NONE',  ( -0.01658665063990579988, -0.1133200389504170069, 0.01533333333333330127 ) ) ;
#3089 = DIRECTION ( 'NONE',  ( -1.000000000000000000, 0.000000000000000000, 0.000000000000000000 ) ) ;
#3090 = LINE ( 'NONE', #1940, #5246 ) ;
#3091 = CARTESIAN_POINT ( 'NONE',  ( 0.02818169562004453274, -0.01401969539374632069, 0.02143393728822112071 ) ) ;
#3092 = PRODUCT_DEFINITION ( 'UNKNOWN', '', #5187, #4776 ) ;
#3093 = CARTESIAN_POINT ( 'NONE',  ( -0.09859364826557089068, 0.02722262204431919949, 0.01533333333333330127 ) ) ;
#3094 = DIRECTION ( 'NONE',  ( -1.000000000000000000, 0.000000000000000000, 0.000000000000000000 ) ) ;
#3095 = CARTESIAN_POINT ( 'NONE',  ( 0.02313959816572046940, -0.01900861761521589408, 0.03111921562998113538 ) ) ;
#3096 = DIRECTION ( 'NONE',  ( 0.000000000000000000, 0.000000000000000000, 1.000000000000000000 ) ) ;
#3097 = B_SPLINE_CURVE_WITH_KNOTS ( 'NONE', 3,
 ( #2488, #3571, #2361, #1566, #1689, #2796, #764, #4005, #3196, #4949, #1158, #2392, #4031, #3321, #4541, #2649, #3884, #2192, #5002, #4595, #1013, #3350, #3372, #3836, #203, #2238, #4642, #4221, #2590, #1369, #156, #4567 ),
 .UNSPECIFIED., .F., .F.,
 ( 4, 2, 2, 2, 1, 1, 2, 2, 2, 2, 1, 1, 1, 1, 2, 2, 2, 2, 4 ),
 ( 0.000000000000000000, 0.1249999999999506506, 0.1874999999999259759, 0.2187499999999155120, 0.2343749999999083788, 0.2421874999999071576, 0.2460937499999042433, 0.2499999999999013012, 0.3749999999998682720, 0.4374999999998517297, 0.4687499999998421818, 0.4843749999998374078, 0.4921874999998357980, 0.4960937499998331890, 0.4980468749998324118, 0.4999999999998316902, 0.6249999999998737676, 0.7499999999999159561, 1.000000000000000000 ),
 .UNSPECIFIED. ) ;
#3098 = CARTESIAN_POINT ( 'NONE',  ( -0.03641589809573625436, 0.01786935097303888123, 0.03111921559077094473 ) ) ;
#3099 = EDGE_CURVE ( 'NONE', #3051, #2794, #4467, .T. ) ;
#3100 = EDGE_LOOP ( 'NONE', ( #2894, #2175 ) ) ;
#3101 = DIRECTION ( 'NONE',  ( -1.000000000000000000, 0.000000000000000000, 0.000000000000000000 ) ) ;
#3102 = FACE_OUTER_BOUND ( 'NONE', #1040, .T. ) ;
#3103 = CYLINDRICAL_SURFACE ( 'NONE', #375, 0.002666666666666660940 ) ;
#3104 = CARTESIAN_POINT ( 'NONE',  ( -0.04543390250005419767, 0.001238175786751180042, 0.03533333333333329995 ) ) ;
#3105 = ORIENTED_EDGE ( 'NONE', *, *, #4320, .F. ) ;
#3106 = DIRECTION ( 'NONE',  ( 0.000000000000000000, 0.000000000000000000, -1.000000000000000000 ) ) ;
#3107 = B_SPLINE_CURVE_WITH_KNOTS ( 'NONE', 3,
 ( #1832, #4632, #2605, #5097, #4236, #3387, #5016, #171, #574, #920, #1353, #1811, #3441, #5069, #1003, #2984, #4610, #1403, #950, #2633, #1784, #4553, #895, #2527, #3034, #4158, #4285, #3142, #4771, #2770, #626, #2309, #1482, #3952, #1888, #297, #2686 ),
 .UNSPECIFIED., .F., .F.,
 ( 4, 2, 1, 2, 2, 1, 2, 2, 2, 2, 2, 2, 1, 2, 2, 2, 2, 2, 2, 4 ),
 ( 0.000000000000000000, 0.2292175496330286222, 0.2435436464850923299, 0.2471251706981089091, 0.2507066949111254051, 0.2578697433371552328, 0.2865219370412735445, 0.3438263244495096682, 0.4584350992659848578, 0.4870872929701049459, 0.4942503413961331082, 0.5014133898221612151, 0.5157394866742172068, 0.5730438740824503885, 0.6876526488989169739, 0.7449570363071508217, 0.8022614237153846695, 0.8595658111236185173, 0.8882180048277353857, 0.9168701985318522540 ),
 .UNSPECIFIED. ) ;
#3108 = CARTESIAN_POINT ( 'NONE',  ( 0.01809212451221530252, 0.007064295580689701134, 0.02445280244437522676 ) ) ;
#3109 = DIRECTION ( 'NONE',  ( 0.000000000000000000, 0.000000000000000000, 1.000000000000000000 ) ) ;
#3110 = ORIENTED_EDGE ( 'NONE', *, *, #2829, .T. ) ;
#3111 = EDGE_LOOP ( 'NONE', ( #2086, #3487, #5119, #2510 ) ) ;
#3112 = DIRECTION ( 'NONE',  ( 0.000000000000000000, 0.000000000000000000, 1.000000000000000000 ) ) ;
#3114 = EDGE_CURVE ( 'NONE', #2980, #188, #1496, .T. ) ;
#3113 = CARTESIAN_POINT ( 'NONE',  ( 0.0006955553706668550018, -0.06836997324807830845, 0.01533333333333330127 ) ) ;
#3115 = AXIS2_PLACEMENT_3D ( 'NONE', #5125, #2660, #3518 ) ;
#3116 = DIRECTION ( 'NONE',  ( -0.3343341265222758429, -0.9424546099641014640, 0.000000000000000000 ) ) ;
#3117 = CARTESIAN_POINT ( 'NONE',  ( -0.005541865908122540693, -0.06463041627891298602, 0.01910063306835022359 ) ) ;
#3118 = VECTOR ( 'NONE', #3452, 1.000000000000000000 ) ;
#3120 = ADVANCED_FACE ( 'NONE', ( #3479 ), #3103, .F. ) ;
#3119 = DIRECTION ( 'NONE',  ( 0.000000000000000000, 0.000000000000000000, -1.000000000000000000 ) ) ;
#3121 = CARTESIAN_POINT ( 'NONE',  ( 0.01697526513554530048, 0.01192690334505919908, 0.01533333333333330127 ) ) ;
#3122 = CARTESIAN_POINT ( 'NONE',  ( -0.03736995495311375148, -0.05568793989430412261, 0.02493474244263409884 ) ) ;
#3123 = CARTESIAN_POINT ( 'NONE',  ( -0.03671133382392607197, 0.01785397972765465427, 0.03059326697749301452 ) ) ;
#3124 = VECTOR ( 'NONE', #2031, 1.000000000000000000 ) ;
#3125 = ORIENTED_EDGE ( 'NONE', *, *, #3062, .F. ) ;
#3126 = ORIENTED_EDGE ( 'NONE', *, *, #2689, .F. ) ;
#3127 = CARTESIAN_POINT ( 'NONE',  ( -0.1007381155410240064, 0.02880766816844959957, -0.002000000000000000042 ) ) ;
#3128 = CARTESIAN_POINT ( 'NONE',  ( 0.01904037814736551232, 0.003235628723751367373, 0.02670486515647362696 ) ) ;
#3129 = EDGE_CURVE ( 'NONE', #2663, #1182, #3032, .T. ) ;
#3130 = CARTESIAN_POINT ( 'NONE',  ( 0.01223296710539921971, 0.005813175786751300679, 0.003000000000000000062 ) ) ;
#3131 = VECTOR ( 'NONE', #4068, 1.000000000000000000 ) ;
#3132 = DIRECTION ( 'NONE',  ( -0.3343341265222758429, -0.9424546099641014640, 0.000000000000000000 ) ) ;
#3133 = ORIENTED_EDGE ( 'NONE', *, *, #4761, .F. ) ;
#3134 = CARTESIAN_POINT ( 'NONE',  ( -0.02328390250005419812, 0.02178561565332149882, 0.03533333333333329995 ) ) ;
#3135 = CIRCLE ( 'NONE', #1077, 0.03333333333333329818 ) ;
#3136 = CARTESIAN_POINT ( 'NONE',  ( 0.02976172443940350298, -0.004134618937700480258, 0.01533333333333330127 ) ) ;
#3137 = CARTESIAN_POINT ( 'NONE',  ( 0.006291097499945660226, -0.04133682421324889888, -0.002000000000000000042 ) ) ;
#3138 = CIRCLE ( 'NONE', #3298, 0.006666666666666959395 ) ;
#3139 = VERTEX_POINT ( 'NONE', #2240 ) ;
#3140 = CARTESIAN_POINT ( 'NONE',  ( 0.02905302115708130115, 0.02035496350545579897, 0.01533333333333330127 ) ) ;
#3141 = DIRECTION ( 'NONE',  ( 1.000000000000000000, 0.000000000000000000, 0.000000000000000000 ) ) ;
#3142 = CARTESIAN_POINT ( 'NONE',  ( -0.02887801011684616379, -0.06397594309852970562, 0.01960272804976019231 ) ) ;
#3143 = DIRECTION ( 'NONE',  ( 0.000000000000000000, 0.000000000000000000, -1.000000000000000000 ) ) ;
#3144 = ORIENTED_EDGE ( 'NONE', *, *, #708, .F. ) ;
#3145 = DIRECTION ( 'NONE',  ( 0.000000000000000000, 0.000000000000000000, 1.000000000000000000 ) ) ;
#3146 = VERTEX_POINT ( 'NONE', #5109 ) ;
#3147 = DIRECTION ( 'NONE',  ( 0.000000000000000000, 0.000000000000000000, -1.000000000000000000 ) ) ;
#3148 = CARTESIAN_POINT ( 'NONE',  ( 0.01662622375884215131, 0.01239972702944569342, 0.02167757947208455438 ) ) ;
#3149 = AXIS2_PLACEMENT_3D ( 'NONE', #3613, #5233, #2025 ) ;
#3150 = DIRECTION ( 'NONE',  ( 0.000000000000000000, 1.000000000000000000, 0.000000000000000000 ) ) ;
#3151 = EDGE_CURVE ( 'NONE', #4335, #5093, #3559, .T. ) ;
#3152 = EDGE_LOOP ( 'NONE', ( #1298, #2498, #2720, #1949 ) ) ;
#3153 = ORIENTED_EDGE ( 'NONE', *, *, #2921, .F. ) ;
#3154 = AXIS2_PLACEMENT_3D ( 'NONE', #3257, #1993, #5250 ) ;
#3155 = CARTESIAN_POINT ( 'NONE',  ( -0.03593287831533543975, -0.06423411346430772662, 0.01795155446221522247 ) ) ;
#3156 = AXIS2_PLACEMENT_3D ( 'NONE', #2930, #2957, #5044 ) ;
#3157 = CARTESIAN_POINT ( 'NONE',  ( 0.01816035251938211484, 0.005799448461954528899, 0.02554292622981661071 ) ) ;
#3158 = PLANE ( 'NONE',  #3379 ) ;
#3159 = CARTESIAN_POINT ( 'NONE',  ( 0.005158604427251902054, -0.05087763300420694579, 0.03427023306096383531 ) ) ;
#3160 = AXIS2_PLACEMENT_3D ( 'NONE', #2983, #169, #3924 ) ;
#3161 = CIRCLE ( 'NONE', #2630, 0.05999999999999999778 ) ;
#3162 = ADVANCED_FACE ( 'NONE', ( #697 ), #986, .T. ) ;
#3163 = ORIENTED_EDGE ( 'NONE', *, *, #4100, .F. ) ;
#3164 = EDGE_CURVE ( 'NONE', #1755, #4682, #1062, .T. ) ;
#3165 = CARTESIAN_POINT ( 'NONE',  ( -0.07728390250005419404, -0.01776182421324879954, 0.03533333333333329995 ) ) ;
#3166 = CARTESIAN_POINT ( 'NONE',  ( 0.01810637335232025830, 0.007346361960330935470, 0.02418716591650414346 ) ) ;
#3167 = DIRECTION ( 'NONE',  ( 0.000000000000000000, 0.000000000000000000, -1.000000000000000000 ) ) ;
#3168 = ADVANCED_FACE ( 'NONE', ( #5189 ), #1901, .F. ) ;
#3169 = ORIENTED_EDGE ( 'NONE', *, *, #1153, .F. ) ;
#3170 = ORIENTED_EDGE ( 'NONE', *, *, #2443, .T. ) ;
#3171 = DIRECTION ( 'NONE',  ( 0.000000000000000000, 0.000000000000000000, 1.000000000000000000 ) ) ;
#3172 = CARTESIAN_POINT ( 'NONE',  ( 0.01969999356906548468, 0.01679639564794148388, 0.01756546730540108417 ) ) ;
#3173 = DIRECTION ( 'NONE',  ( -0.000000000000000000, -0.000000000000000000, 1.000000000000000000 ) ) ;
#3174 = CYLINDRICAL_SURFACE ( 'NONE', #4664, 0.007206576865976092178 ) ;
#3175 = ORIENTED_EDGE ( 'NONE', *, *, #2297, .T. ) ;
#3176 = DIRECTION ( 'NONE',  ( -0.000000000000000000, -0.000000000000000000, 1.000000000000000000 ) ) ;
#3177 = CARTESIAN_POINT ( 'NONE',  ( 0.03296914391077439971, 0.02184493971115290117, 0.01533333333333330127 ) ) ;
#3178 = CARTESIAN_POINT ( 'NONE',  ( 0.0003492278944921241648, -0.04133682421324889888, 0.003000000000000000062 ) ) ;
#3179 = EDGE_CURVE ( 'NONE', #2400, #23, #3375, .T. ) ;
#3180 = CARTESIAN_POINT ( 'NONE',  ( -0.03491703289460065807, 0.005813175786751300679, 0.003000000000000000062 ) ) ;
#3181 = ORIENTED_EDGE ( 'NONE', *, *, #3114, .F. ) ;
#3182 = ORIENTED_EDGE ( 'NONE', *, *, #38, .T. ) ;
#3183 = CARTESIAN_POINT ( 'NONE',  ( -0.05343691754560889184, 0.01648269606206328661, 0.01810463793329927448 ) ) ;
#3184 = CARTESIAN_POINT ( 'NONE',  ( 0.01856070931238890803, 0.004251547366094848499, 0.02648373992211553590 ) ) ;
#3185 = EDGE_CURVE ( 'NONE', #673, #788, #638, .T. ) ;
#3186 = CYLINDRICAL_SURFACE ( 'NONE', #1064, 0.01244101517130729792 ) ;
#3187 = B_SPLINE_CURVE_WITH_KNOTS ( 'NONE', 3,
 ( #3696, #1983, #2408, #3618, #3215, #5238, #2863, #3269, #1582, #1205, #3671, #2006, #1177, #2487, #2817, #785, #4047, #366, #3646, #2842, #4070, #395, #1, #1633, #4895, #4487, #833, #24, #3293, #4920, #1254, #2888, #531, #3401, #2589, #4219, #3450, #2191, #3777, #3371, #154, #2109, #3804, #2164, #4246, #126, #3748, #3835, #3862, #1717, #4974, #3019, #3349, #586, #2216, #1819, #2618, #78, #3429, #1771, #509, #1305, #1336, #1799, #4195, #2940, #5028, #5055, #1368, #2995, #559, #179, #2140, #102, #5079, #1413, #4620, #2539, #1742, #3046, #4594, #906, #961, #882, #2511, #4566, #4144, #4168, #477, #1390, #5001, #2970, #4640, #935, #2567, #984, #667, #719, #230, #1119, #1012, #5212, #200, #312, #5157, #260 ),
 .UNSPECIFIED., .F., .F.,
 ( 4, 2, 2, 2, 1, 1, 2, 2, 2, 2, 2, 1, 1, 1, 1, 2, 2, 2, 2, 1, 1, 1, 1, 2, 2, 2, 1, 1, 1, 2, 2, 2, 2, 1, 1, 1, 2, 2, 2, 1, 1, 1, 2, 2, 2, 1, 1, 1, 1, 2, 2, 2, 1, 1, 1, 1, 1, 2, 2, 2, 2, 2, 1, 1, 2, 2, 2, 4 ),
 ( 0.000000000000000000, 0.06250000000005873080, 0.09375000000008767986, 0.1093750000001023209, 0.1171875000001096484, 0.1210937500001134509, 0.1230468750001152134, 0.1250000000001169620, 0.1875000000001607603, 0.2187500000001826594, 0.2343750000001938449, 0.2421875000001992018, 0.2460937500002018941, 0.2480468750002032263, 0.2490234375002038925, 0.2495117187502045031, 0.2500000000002051137, 0.3125000000002176592, 0.3437500000002239320, 0.3593750000002274292, 0.3671875000002292611, 0.3710937500002297051, 0.3730468750002299272, 0.3740234375002304268, 0.3750000000002309819, 0.4062500000002335354, 0.4218750000002344236, 0.4296875000002352007, 0.4335937500002355338, 0.4355468750002352007, 0.4375000000002348677, 0.5000000000002231548, 0.5312500000002173817, 0.5468750000002142730, 0.5546875000002128298, 0.5585937500002118306, 0.5605468750002111644, 0.5625000000002106093, 0.5937500000001982858, 0.6093750000001924017, 0.6171875000001894040, 0.6210937500001879608, 0.6230468750001871836, 0.6250000000001865175, 0.6562500000001770806, 0.6718750000001725287, 0.6796875000001704192, 0.6835937500001695311, 0.6855468750001689759, 0.6865234375001687539, 0.6875000000001684208, 0.7187500000001559863, 0.7343750000001496581, 0.7421875000001463274, 0.7460937500001446621, 0.7480468750001437739, 0.7490234375001433298, 0.7495117187501431077, 0.7500000000001428857, 0.8125000000001080247, 0.8437500000000908162, 0.8593750000000824896, 0.8671875000000783817, 0.8710937500000762723, 0.8730468750000750511, 0.8750000000000739409, 0.9375000000000369704, 1.000000000000000000 ),
 .UNSPECIFIED. ) ;
#3188 = DIRECTION ( 'NONE',  ( 0.000000000000000000, 0.000000000000000000, -1.000000000000000000 ) ) ;
#3189 = ORIENTED_EDGE ( 'NONE', *, *, #3876, .T. ) ;
#3190 = CARTESIAN_POINT ( 'NONE',  ( 0.009166097499945659310, -0.04133682421324889888, 0.003000000000000002665 ) ) ;
#3191 = DIRECTION ( 'NONE',  ( 0.03683435127810537335, -0.9993213850238176210, 0.000000000000000000 ) ) ;
#3192 = CARTESIAN_POINT ( 'NONE',  ( -0.04085890250005420193, -0.03676182421324890315, 0.03533333333333329995 ) ) ;
#3193 = ORIENTED_EDGE ( 'NONE', *, *, #3185, .T. ) ;
#3194 = ORIENTED_EDGE ( 'NONE', *, *, #2951, .F. ) ;
#3195 = LINE ( 'NONE', #294, #3747 ) ;
#3196 = CARTESIAN_POINT ( 'NONE',  ( -0.06331896531181341325, -0.004645116118536176016, 0.01943375520633410652 ) ) ;
#3197 = CARTESIAN_POINT ( 'NONE',  ( -0.01274217734130620068, -0.09266004717885879816, -0.002000000000000000042 ) ) ;
#3198 = EDGE_CURVE ( 'NONE', #4416, #1397, #2266, .T. ) ;
#3199 = DIRECTION ( 'NONE',  ( 0.6315202423921348895, -0.7753593898631647718, 0.000000000000000000 ) ) ;
#3200 = ORIENTED_EDGE ( 'NONE', *, *, #1278, .T. ) ;
#3201 = EDGE_LOOP ( 'NONE', ( #2351, #1897, #111, #4004, #2242, #2183, #1663, #3312, #4322 ) ) ;
#3202 = CARTESIAN_POINT ( 'NONE',  ( -0.04543390250005419767, 0.001238175786751180042, 0.007333333333333339268 ) ) ;
#3203 = CARTESIAN_POINT ( 'NONE',  ( -0.03422626339067039863, 0.01847291612599069946, 0.03533333333333329995 ) ) ;
#3204 = VECTOR ( 'NONE', #4794, 1.000000000000000000 ) ;
#3205 = CARTESIAN_POINT ( 'NONE',  ( -0.04806244727377197851, 0.02157032189140399570, 0.01804434715359986424 ) ) ;
#3206 = EDGE_LOOP ( 'NONE', ( #4586, #3811, #4040, #3741, #2061 ) ) ;
#3207 = ORIENTED_EDGE ( 'NONE', *, *, #663, .F. ) ;
#3208 = CYLINDRICAL_SURFACE ( 'NONE', #5203, 0.002875000000000002554 ) ;
#3209 = CIRCLE ( 'NONE', #5084, 0.04533333333338229743 ) ;
#3210 = CARTESIAN_POINT ( 'NONE',  ( 0.02020205449830095312, 0.001719152620599709259, 0.02612509274599419257 ) ) ;
#3211 = CARTESIAN_POINT ( 'NONE',  ( -0.06361838815781341305, 0.02035792708225290029, 0.01533333333333330127 ) ) ;
#3212 = CARTESIAN_POINT ( 'NONE',  ( 0.0008326758662092145508, -0.06752050709675314066, 0.01659501780683655253 ) ) ;
#3213 = VECTOR ( 'NONE', #1331, 1.000000000000000000 ) ;
#3214 = ORIENTED_EDGE ( 'NONE', *, *, #1199, .F. ) ;
#3215 = CARTESIAN_POINT ( 'NONE',  ( -0.05827274934469009460, -0.0002089955815407594096, 0.02258562237266104403 ) ) ;
#3216 = ADVANCED_BREP_SHAPE_REPRESENTATION ( 'base2', ( #1729, #3818 ), #5091 ) ;
#3217 = AXIS2_PLACEMENT_3D ( 'NONE', #1933, #3109, #320 ) ;
#3218 = DIRECTION ( 'NONE',  ( 0.9346369257563119648, 0.3556034547256120004, 0.000000000000000000 ) ) ;
#3219 = LINE ( 'NONE', #2891, #4485 ) ;
#3220 = ADVANCED_FACE ( 'NONE', ( #233 ), #2621, .F. ) ;
#3221 = AXIS2_PLACEMENT_3D ( 'NONE', #422, #1606, #3242 ) ;
#3222 = VERTEX_POINT ( 'NONE', #284 ) ;
#3223 = ORIENTED_EDGE ( 'NONE', *, *, #394, .T. ) ;
#3224 = DIRECTION ( 'NONE',  ( -1.000000000000000000, 0.000000000000000000, 0.000000000000000000 ) ) ;
#3225 = DIRECTION ( 'NONE',  ( 0.000000000000000000, 0.000000000000000000, -1.000000000000000000 ) ) ;
#3226 = CARTESIAN_POINT ( 'NONE',  ( 0.01701792059793141507, 0.01546783515819561208, 0.01951771366444515071 ) ) ;
#3227 = AXIS2_PLACEMENT_3D ( 'NONE', #1009, #197, #3150 ) ;
#3228 = CARTESIAN_POINT ( 'NONE',  ( -0.006427089725072753119, -0.06288257001014685432, 0.02066657040003411910 ) ) ;
#3229 = EDGE_LOOP ( 'NONE', ( #1128, #4785, #2122, #4751 ) ) ;
#3230 = ADVANCED_FACE ( 'NONE', ( #1926 ), #1471, .F. ) ;
#3231 = EDGE_CURVE ( 'NONE', #4734, #2974, #4248, .T. ) ;
#3232 = CARTESIAN_POINT ( 'NONE',  ( -0.06012467858938400078, -0.002936878507464080277, 0.02173594796369969842 ) ) ;
#3233 = FACE_OUTER_BOUND ( 'NONE', #3617, .T. ) ;
#3234 = FACE_OUTER_BOUND ( 'NONE', #3292, .T. ) ;
#3235 = EDGE_CURVE ( 'NONE', #358, #1088, #3078, .T. ) ;
#3236 = EDGE_LOOP ( 'NONE', ( #5255, #4264, #4028, #1882 ) ) ;
#3237 = ORIENTED_EDGE ( 'NONE', *, *, #377, .T. ) ;
#3238 = CARTESIAN_POINT ( 'NONE',  ( -0.03628390250005419926, -0.04133682421324889888, 0.03533333333333329995 ) ) ;
#3239 = CARTESIAN_POINT ( 'NONE',  ( 0.02026342978567034422, 0.001658755109066049416, 0.02607397614399369415 ) ) ;
#3240 = AXIS2_PLACEMENT_3D ( 'NONE', #2237, #3883, #3475 ) ;
#3241 = DIRECTION ( 'NONE',  ( 1.000000000000000000, 0.000000000000000000, 0.000000000000000000 ) ) ;
#3242 = DIRECTION ( 'NONE',  ( -1.000000000000000000, 0.000000000000000000, 0.000000000000000000 ) ) ;
#3243 = VECTOR ( 'NONE', #4265, 1.000000000000000000 ) ;
#3244 = VECTOR ( 'NONE', #4669, 1.000000000000000000 ) ;
#3245 = ORIENTED_EDGE ( 'NONE', *, *, #1367, .F. ) ;
#3246 = CARTESIAN_POINT ( 'NONE',  ( -0.05185106338075714388, 0.01576147000980669330, 0.01920091025371118906 ) ) ;
#3247 = DIRECTION ( 'NONE',  ( -1.000000000000000000, 0.000000000000000000, 0.000000000000000000 ) ) ;
#3248 = CIRCLE ( 'NONE', #4178, 0.01377434850464229373 ) ;
#3249 = DIRECTION ( 'NONE',  ( 1.000000000000000000, 0.000000000000000000, 0.000000000000000000 ) ) ;
#3250 = ORIENTED_EDGE ( 'NONE', *, *, #4592, .T. ) ;
#3251 = VERTEX_POINT ( 'NONE', #2674 ) ;
#3252 = FACE_OUTER_BOUND ( 'NONE', #4194, .T. ) ;
#3253 = DIRECTION ( 'NONE',  ( 0.000000000000000000, 0.000000000000000000, 1.000000000000000000 ) ) ;
#3254 = EDGE_CURVE ( 'NONE', #4608, #2879, #3506, .T. ) ;
#3255 = DIRECTION ( 'NONE',  ( -1.000000000000000000, 0.000000000000000000, 0.000000000000000000 ) ) ;
#3256 = ORIENTED_EDGE ( 'NONE', *, *, #2261, .T. ) ;
#3257 = CARTESIAN_POINT ( 'NONE',  ( -0.09689220485723470944, 0.03016918124444279911, -0.002000000000000000042 ) ) ;
#3258 = DIRECTION ( 'NONE',  ( 0.000000000000000000, 0.000000000000000000, -1.000000000000000000 ) ) ;
#3259 = CARTESIAN_POINT ( 'NONE',  ( -0.05086871444465627251, 0.02263843218762270904, 0.01674170575038087805 ) ) ;
#3260 = ORIENTED_EDGE ( 'NONE', *, *, #780, .F. ) ;
#3261 = EDGE_LOOP ( 'NONE', ( #322, #2438, #3812, #3604 ) ) ;
#3262 = DIRECTION ( 'NONE',  ( 1.000000000000000000, 0.000000000000000000, 0.000000000000000000 ) ) ;
#3263 = EDGE_CURVE ( 'NONE', #2382, #4323, #5165, .T. ) ;
#3264 = CARTESIAN_POINT ( 'NONE',  ( -0.02146807733903840013, -0.09530126511910470832, 0.01533333333333330127 ) ) ;
#3265 = CARTESIAN_POINT ( 'NONE',  ( -0.01728390250005419973, -0.01776182421324879954, -0.01766666666666660140 ) ) ;
#3266 = CARTESIAN_POINT ( 'NONE',  ( 0.002629314542248339763, -0.05639026915952639191, 0.02402503493070759152 ) ) ;
#3267 = EDGE_CURVE ( 'NONE', #2974, #2561, #3693, .T. ) ;
#3268 = ORIENTED_EDGE ( 'NONE', *, *, #3027, .F. ) ;
#3269 = CARTESIAN_POINT ( 'NONE',  ( -0.05784787162499833296, -9.777223686170563545E-05, 0.02301596476105086803 ) ) ;
#3270 = DIRECTION ( 'NONE',  ( 0.000000000000000000, 1.000000000000000000, 0.000000000000000000 ) ) ;
#3271 = DIRECTION ( 'NONE',  ( 1.000000000000000000, 0.000000000000000000, 0.000000000000000000 ) ) ;
#3272 = ORIENTED_EDGE ( 'NONE', *, *, #828, .T. ) ;
#3273 = VERTEX_POINT ( 'NONE', #341 ) ;
#3274 = LINE ( 'NONE', #4900, #2905 ) ;
#3275 = CARTESIAN_POINT ( 'NONE',  ( -0.02903923388555846100, -0.06489351390960140797, -0.002000000000000000042 ) ) ;
#3276 = DIRECTION ( 'NONE',  ( -1.000000000000000000, 0.000000000000000000, 0.000000000000000000 ) ) ;
#3277 =( NAMED_UNIT ( * ) PLANE_ANGLE_UNIT ( ) SI_UNIT ( $, .RADIAN. ) );
#3278 = VERTEX_POINT ( 'NONE', #4869 ) ;
#3279 = ADVANCED_FACE ( 'NONE', ( #2859 ), #421, .F. ) ;
#3280 = CARTESIAN_POINT ( 'NONE',  ( -0.04085890250005419500, 0.005813175786751299812, 0.003000000000000000062 ) ) ;
#3281 = CYLINDRICAL_SURFACE ( 'NONE', #2557, 0.002666666666666664409 ) ;
#3282 = DIRECTION ( 'NONE',  ( 0.000000000000000000, 0.000000000000000000, -1.000000000000000000 ) ) ;
#3283 = EDGE_CURVE ( 'NONE', #193, #1749, #4435, .T. ) ;
#3284 = VERTEX_POINT ( 'NONE', #2427 ) ;
#3285 = ORIENTED_EDGE ( 'NONE', *, *, #1461, .F. ) ;
#3286 = CARTESIAN_POINT ( 'NONE',  ( 0.006291097499945669767, 0.005813175786751299812, 0.03533333333333329995 ) ) ;
#3287 = CARTESIAN_POINT ( 'NONE',  ( 0.02105959259244060897, 0.0009872217401017051135, 0.02533114644002502219 ) ) ;
#3288 = VECTOR ( 'NONE', #1913, 1.000000000000000000 ) ;
#3289 = CARTESIAN_POINT ( 'NONE',  ( -0.01728390250005419973, -0.01776182421324879954, 0.01533333333333330127 ) ) ;
#3290 = CARTESIAN_POINT ( 'NONE',  ( 0.0006791587389286992803, -0.06847155094149470766, 0.01629941770086229536 ) ) ;
#3291 = CIRCLE ( 'NONE', #2688, 0.05999999999999999778 ) ;
#3292 = EDGE_LOOP ( 'NONE', ( #293, #2011, #3605, #5137 ) ) ;
#3293 = CARTESIAN_POINT ( 'NONE',  ( -0.05569835873348508160, 0.0009320806686031477342, 0.02525823682792590827 ) ) ;
#3294 = EDGE_CURVE ( 'NONE', #2639, #804, #4229, .T. ) ;
#3295 = LINE ( 'NONE', #1634, #3717 ) ;
#3296 = LINE ( 'NONE', #2462, #823 ) ;
#3297 = ORIENTED_EDGE ( 'NONE', *, *, #1581, .T. ) ;
#3298 = AXIS2_PLACEMENT_3D ( 'NONE', #5201, #4391, #767 ) ;
#3299 = ORIENTED_EDGE ( 'NONE', *, *, #3348, .T. ) ;
#3300 = CARTESIAN_POINT ( 'NONE',  ( -0.004783902500054280568, 0.01038817578675120014, 0.03533333333333329995 ) ) ;
#3301 = AXIS2_PLACEMENT_3D ( 'NONE', #3761, #2549, #5065 ) ;
#3302 = DIRECTION ( 'NONE',  ( 0.000000000000000000, 0.000000000000000000, 1.000000000000000000 ) ) ;
#3303 = DIRECTION ( 'NONE',  ( -0.6044287955998964845, -0.7966591686848640830, 0.000000000000000000 ) ) ;
#3304 = VECTOR ( 'NONE', #2791, 1.000000000000000000 ) ;
#3305 = DIRECTION ( 'NONE',  ( 0.000000000000000000, 0.000000000000000000, -1.000000000000000000 ) ) ;
#3306 = ORIENTED_EDGE ( 'NONE', *, *, #4643, .T. ) ;
#3307 = PLANE ( 'NONE',  #2736 ) ;
#3308 = FACE_OUTER_BOUND ( 'NONE', #1017, .T. ) ;
#3309 = CYLINDRICAL_SURFACE ( 'NONE', #2711, 0.002666666666666664409 ) ;
#3310 = EDGE_CURVE ( 'NONE', #1710, #2382, #1322, .T. ) ;
#3311 = EDGE_LOOP ( 'NONE', ( #1935, #1224, #1602, #1318 ) ) ;
#3312 = ORIENTED_EDGE ( 'NONE', *, *, #1226, .T. ) ;
#3313 = CARTESIAN_POINT ( 'NONE',  ( -0.01728140189400549989, -0.04407299513178389999, 0.01533333333333330127 ) ) ;
#3314 = CARTESIAN_POINT ( 'NONE',  ( 0.02042854044150376261, 0.001498962877628314590, 0.02593411079572140523 ) ) ;
#3315 = LINE ( 'NONE', #4997, #3814 ) ;
#3316 = ADVANCED_FACE ( 'NONE', ( #4813 ), #4044, .F. ) ;
#3317 = CARTESIAN_POINT ( 'NONE',  ( -0.04539377467709625885, -0.04624327911752060954, 0.03450926215864359714 ) ) ;
#3318 = EDGE_LOOP ( 'NONE', ( #5155, #3067, #317, #429 ) ) ;
#3319 = CIRCLE ( 'NONE', #3764, 0.002666666666666656169 ) ;
#3320 = CARTESIAN_POINT ( 'NONE',  ( -0.05106358086435857507, 0.01464145315893647381, 0.02029833578780791334 ) ) ;
#3321 = CARTESIAN_POINT ( 'NONE',  ( -0.06302872990095639838, -0.004711116073656321929, 0.01966296073025415939 ) ) ;
#3322 = LINE ( 'NONE', #3780, #1665 ) ;
#3323 = CARTESIAN_POINT ( 'NONE',  ( 0.01182205686756683007, 0.02093195358814898058, 0.01901699649598035530 ) ) ;
#3324 = CIRCLE ( 'NONE', #3923, 0.004575000000000002676 ) ;
#3325 = AXIS2_PLACEMENT_3D ( 'NONE', #4723, #5186, #261 ) ;
#3326 = ORIENTED_EDGE ( 'NONE', *, *, #269, .T. ) ;
#3327 = ORIENTED_EDGE ( 'NONE', *, *, #4206, .F. ) ;
#3328 = PLANE ( 'NONE',  #2646 ) ;
#3329 = AXIS2_PLACEMENT_3D ( 'NONE', #2935, #1328, #2963 ) ;
#3330 = CIRCLE ( 'NONE', #1192, 0.04282794805387679649 ) ;
#3331 = CARTESIAN_POINT ( 'NONE',  ( -0.1002779618486569907, 0.02515520847540169899, 0.01533333333333330127 ) ) ;
#3332 = EDGE_CURVE ( 'NONE', #1106, #1709, #3993, .T. ) ;
#3333 = CARTESIAN_POINT ( 'NONE',  ( 0.01872447683781669828, 0.009779194805217840056, 0.01533333333333330127 ) ) ;
#3334 = CARTESIAN_POINT ( 'NONE',  ( -0.04085890250005420193, -0.04133682421324889888, -0.002000000000000000042 ) ) ;
#3335 = ORIENTED_EDGE ( 'NONE', *, *, #4449, .F. ) ;
#3336 = VECTOR ( 'NONE', #3408, 1.000000000000000000 ) ;
#3337 = ADVANCED_FACE ( 'NONE', ( #4378 ), #3158, .F. ) ;
#3338 = CARTESIAN_POINT ( 'NONE',  ( 0.02632601521479805209, -0.004077782280001020047, 0.02134383864217026527 ) ) ;
#3339 = DIRECTION ( 'NONE',  ( 0.000000000000000000, 0.000000000000000000, -1.000000000000000000 ) ) ;
#3340 = DIRECTION ( 'NONE',  ( -1.000000000000000000, 0.000000000000000000, 0.000000000000000000 ) ) ;
#3341 = B_SPLINE_CURVE_WITH_KNOTS ( 'NONE', 3,
 ( #4964, #1297, #4688, #974, #627, #3064, #1028, #1431, #220, #4238, #4263, #5045, #3442, #2717, #3875, #3493, #1404, #1862, #3091, #686, #2282, #5147, #2662, #2311 ),
 .UNSPECIFIED., .F., .F.,
 ( 4, 1, 2, 2, 1, 1, 2, 2, 1, 1, 1, 1, 1, 2, 2, 4 ),
 ( 0.000000000000000000, 0.1249999999999998057, 0.1875000000000000278, 0.2500000000000002776, 0.3750000000000001665, 0.4375000000000004996, 0.4687500000000006106, 0.5000000000000007772, 0.6249999999999998890, 0.6874999999999995559, 0.7187499999999995559, 0.7343749999999997780, 0.7421874999999998890, 0.7460937500000000000, 0.7500000000000000000, 1.000000000000000000 ),
 .UNSPECIFIED. ) ;
#3342 = ORIENTED_EDGE ( 'NONE', *, *, #1986, .T. ) ;
#3343 = EDGE_LOOP ( 'NONE', ( #3789, #5006, #1662, #651 ) ) ;
#3344 = CARTESIAN_POINT ( 'NONE',  ( -0.05913931428509219823, -0.0003481624667793989923, -0.002000000000000000042 ) ) ;
#3345 = FACE_OUTER_BOUND ( 'NONE', #4733, .T. ) ;
#3346 = CARTESIAN_POINT ( 'NONE',  ( -0.04438696944481285850, -0.04729657028969126015, 0.03348186965792892406 ) ) ;
#3347 = ORIENTED_EDGE ( 'NONE', *, *, #4990, .T. ) ;
#3348 = EDGE_CURVE ( 'NONE', #3910, #94, #2348, .T. ) ;
#3349 = CARTESIAN_POINT ( 'NONE',  ( -0.05333724568985193787, 0.003757432441664957431, 0.02664172922345700925 ) ) ;
#3350 = CARTESIAN_POINT ( 'NONE',  ( -0.06206480637640453962, -0.004667681575767344306, 0.02043504914405457409 ) ) ;
#3351 = FACE_OUTER_BOUND ( 'NONE', #3152, .T. ) ;
#3352 = CARTESIAN_POINT ( 'NONE',  ( 0.01970183992220139735, 0.02392999271917040094, 0.01533333333333330127 ) ) ;
#3353 = VERTEX_POINT ( 'NONE', #753 ) ;
#3354 = ORIENTED_EDGE ( 'NONE', *, *, #88, .T. ) ;
#3355 = CARTESIAN_POINT ( 'NONE',  ( 0.01899051029057839679, 0.01367329908378140009, -0.002000000000000000042 ) ) ;
#3356 = FACE_OUTER_BOUND ( 'NONE', #1190, .T. ) ;
#3357 = DIRECTION ( 'NONE',  ( 0.000000000000000000, 0.000000000000000000, 1.000000000000000000 ) ) ;
#3358 = VERTEX_POINT ( 'NONE', #4789 ) ;
#3359 = EDGE_LOOP ( 'NONE', ( #1209, #2624, #1825, #705 ) ) ;
#3360 = CARTESIAN_POINT ( 'NONE',  ( 0.02942041039315101275, -0.004412614834879547906, 0.01891110428658536805 ) ) ;
#3361 = EDGE_CURVE ( 'NONE', #3527, #3870, #468, .T. ) ;
#3362 = FACE_OUTER_BOUND ( 'NONE', #2758, .T. ) ;
#3363 = CARTESIAN_POINT ( 'NONE',  ( -0.01128390250005419961, 0.01608689572003640239, 0.03533333333333329995 ) ) ;
#3364 = VERTEX_POINT ( 'NONE', #4457 ) ;
#3365 = ORIENTED_EDGE ( 'NONE', *, *, #2951, .T. ) ;
#3366 = CARTESIAN_POINT ( 'NONE',  ( 0.01697526513554530048, 0.01192690334505919908, 0.02173594796369979903 ) ) ;
#3367 = CARTESIAN_POINT ( 'NONE',  ( 0.002716097499945800686, -0.01776182421324879954, -0.01766666666666660140 ) ) ;
#3368 = DIRECTION ( 'NONE',  ( -0.7752800883439403545, 0.6316175936572793193, 0.000000000000000000 ) ) ;
#3369 = CARTESIAN_POINT ( 'NONE',  ( -0.02886401947610484076, -0.06619351380377790084, 0.01810463793328600732 ) ) ;
#3370 = ORIENTED_EDGE ( 'NONE', *, *, #3185, .F. ) ;
#3371 = CARTESIAN_POINT ( 'NONE',  ( -0.05474704710490035930, 0.001741042533152773819, 0.02614465625139708940 ) ) ;
#3372 = CARTESIAN_POINT ( 'NONE',  ( -0.06205575164138548566, -0.004665636589156604494, 0.02044261002473204275 ) ) ;
#3373 = DIRECTION ( 'NONE',  ( 0.000000000000000000, 0.000000000000000000, 1.000000000000000000 ) ) ;
#3374 = CARTESIAN_POINT ( 'NONE',  ( -0.006510441720027483441, -0.07117653833243101080, 0.01610659418179394980 ) ) ;
#3375 = CIRCLE ( 'NONE', #3638, 0.005941869605453536929 ) ;
#3376 = ORIENTED_EDGE ( 'NONE', *, *, #3198, .F. ) ;
#3377 = ORIENTED_EDGE ( 'NONE', *, *, #3739, .F. ) ;
#3378 = DIRECTION ( 'NONE',  ( 0.000000000000000000, 0.000000000000000000, -1.000000000000000000 ) ) ;
#3379 = AXIS2_PLACEMENT_3D ( 'NONE', #2002, #3641, #3666 ) ;
#3380 = CARTESIAN_POINT ( 'NONE',  ( 0.03391741979004279928, 0.01935257457580279866, 0.01533333333333330127 ) ) ;
#3381 = DIRECTION ( 'NONE',  ( -1.000000000000000000, 0.000000000000000000, 0.000000000000000000 ) ) ;
#3382 = ADVANCED_FACE ( 'NONE', ( #829 ), #3186, .T. ) ;
#3383 = ORIENTED_EDGE ( 'NONE', *, *, #4218, .T. ) ;
#3384 = AXIS2_PLACEMENT_3D ( 'NONE', #2471, #1114, #3579 ) ;
#3385 = VERTEX_POINT ( 'NONE', #2377 ) ;
#3386 = CARTESIAN_POINT ( 'NONE',  ( 0.02593539508271259023, -0.003659566725749128710, 0.02159513788295414419 ) ) ;
#3387 = CARTESIAN_POINT ( 'NONE',  ( -0.02726762498969281454, -0.06238153508914878742, 0.02132716530391441656 ) ) ;
#3388 = AXIS2_PLACEMENT_3D ( 'NONE', #2456, #3188, #4814 ) ;
#3389 = CARTESIAN_POINT ( 'NONE',  ( -0.0003407797996382779947, 0.01847255991507119888, 0.01533333333333330127 ) ) ;
#3390 = ADVANCED_FACE ( 'NONE', ( #315 ), #4021, .T. ) ;
#3391 = EDGE_CURVE ( 'NONE', #4707, #4919, #1953, .T. ) ;
#3392 = VECTOR ( 'NONE', #2098, 1.000000000000000000 ) ;
#3393 = VERTEX_POINT ( 'NONE', #5214 ) ;
#3394 = ORIENTED_EDGE ( 'NONE', *, *, #5017, .T. ) ;
#3395 = CARTESIAN_POINT ( 'NONE',  ( -0.05786482253399307524, -0.01869932511367416311, 0.03050362687627663355 ) ) ;
#3396 = DIRECTION ( 'NONE',  ( 0.9651576991286739959, 0.2616689049402779466, 0.000000000000000000 ) ) ;
#3397 = CARTESIAN_POINT ( 'NONE',  ( -0.01728390250005419973, -0.01776182421324879954, 0.03533333333333329995 ) ) ;
#3398 = CIRCLE ( 'NONE', #4239, 0.01244101517130730486 ) ;
#3399 = CARTESIAN_POINT ( 'NONE',  ( -0.04382678127264010015, -0.04788262331919899972, 0.03291216558257077651 ) ) ;
#3400 = ORIENTED_EDGE ( 'NONE', *, *, #5266, .T. ) ;
#3401 = CARTESIAN_POINT ( 'NONE',  ( -0.05494845128835765952, 0.001548666050951440307, 0.02597170421658880415 ) ) ;
#3402 = CARTESIAN_POINT ( 'NONE',  ( 0.001827073397075013733, 0.01787681944545449486, 0.03116289820147400552 ) ) ;
#3403 = CARTESIAN_POINT ( 'NONE',  ( 0.03151185515153875211, -0.002709160000857465528, 0.01739337752621536101 ) ) ;
#3404 = PLANE ( 'NONE',  #1769 ) ;
#3405 = B_SPLINE_CURVE_WITH_KNOTS ( 'NONE', 3,
 ( #3544, #2016, #4803, #2334 ),
 .UNSPECIFIED., .F., .F.,
 ( 4, 4 ),
 ( 0.9168701985318522540, 1.000000000000000000 ),
 .UNSPECIFIED. ) ;
#3406 = ORIENTED_EDGE ( 'NONE', *, *, #863, .T. ) ;
#3407 = ORIENTED_EDGE ( 'NONE', *, *, #1491, .F. ) ;
#3408 = DIRECTION ( 'NONE',  ( 0.000000000000000000, 0.000000000000000000, -1.000000000000000000 ) ) ;
#3409 = CARTESIAN_POINT ( 'NONE',  ( -0.04314640250005419980, -0.03676182421324879906, 0.03533333333333329995 ) ) ;
#3410 = VECTOR ( 'NONE', #1958, 1.000000000000000000 ) ;
#3411 = EDGE_CURVE ( 'NONE', #236, #3058, #5235, .T. ) ;
#3412 = VECTOR ( 'NONE', #2257, 1.000000000000000000 ) ;
#3413 = LINE ( 'NONE', #2600, #3469 ) ;
#3414 = VERTEX_POINT ( 'NONE', #3211 ) ;
#3415 = AXIS2_PLACEMENT_3D ( 'NONE', #1596, #818, #12 ) ;
#3416 = AXIS2_PLACEMENT_3D ( 'NONE', #1732, #2204, #973 ) ;
#3418 = ADVANCED_FACE ( 'NONE', ( #4840 ), #2812, .F. ) ;
#3417 = CARTESIAN_POINT ( 'NONE',  ( 0.02628379562193980043, -0.004040551408358265470, 0.02137319699396634382 ) ) ;
#3419 = CARTESIAN_POINT ( 'NONE',  ( -0.04085890250005420193, -0.04133682421324889888, 0.003000000000000000062 ) ) ;
#3420 = CIRCLE ( 'NONE', #932, 0.002666666666666657037 ) ;
#3421 = TOROIDAL_SURFACE ( 'NONE', #1365, 0.05999999999999999778, 0.02000000000000000042 ) ;
#3422 = CARTESIAN_POINT ( 'NONE',  ( -0.005535487628832010294, -0.06513666445149444983, 0.01875561822402664613 ) ) ;
#3423 = ORIENTED_EDGE ( 'NONE', *, *, #2708, .F. ) ;
#3424 = CARTESIAN_POINT ( 'NONE',  ( -0.05783730817241559963, -0.01875307737105812861, 0.03061093724021975160 ) ) ;
#3425 = CARTESIAN_POINT ( 'NONE',  ( -0.03768618807891085942, -0.05484589735971502622, 0.02597246533577851971 ) ) ;
#3426 = CARTESIAN_POINT ( 'NONE',  ( -0.04619904595271299985, -0.04540082707355769936, 0.03533333333333329995 ) ) ;
#3427 = ORIENTED_EDGE ( 'NONE', *, *, #4555, .T. ) ;
#3428 = EDGE_CURVE ( 'NONE', #1246, #4402, #879, .T. ) ;
#3429 = CARTESIAN_POINT ( 'NONE',  ( -0.05316295137912847163, 0.004161209147154030195, 0.02651972913322033637 ) ) ;
#3430 = DIRECTION ( 'NONE',  ( 1.000000000000000000, 0.000000000000000000, 0.000000000000000000 ) ) ;
#3431 = EDGE_CURVE ( 'NONE', #2910, #4030, #1500, .T. ) ;
#3432 = DIRECTION ( 'NONE',  ( 0.000000000000000000, 0.000000000000000000, -1.000000000000000000 ) ) ;
#3433 = DIRECTION ( 'NONE',  ( -0.9872410498803707579, -0.1592328779841129804, 0.000000000000000000 ) ) ;
#3434 = EDGE_LOOP ( 'NONE', ( #1245, #1679, #5222, #321, #2647, #2358 ) ) ;
#3435 = ORIENTED_EDGE ( 'NONE', *, *, #3792, .T. ) ;
#3436 = PLANE ( 'NONE',  #2892 ) ;
#3437 = DIRECTION ( 'NONE',  ( 0.000000000000000000, 0.000000000000000000, -1.000000000000000000 ) ) ;
#3438 = DIRECTION ( 'NONE',  ( 0.000000000000000000, 0.000000000000000000, -1.000000000000000000 ) ) ;
#3439 = ORIENTED_EDGE ( 'NONE', *, *, #2635, .T. ) ;
#3440 = FACE_BOUND ( 'NONE', #2270, .T. ) ;
#3441 = CARTESIAN_POINT ( 'NONE',  ( -0.02758233343251074651, -0.06251533453254101702, 0.02112608555141700858 ) ) ;
#3442 = CARTESIAN_POINT ( 'NONE',  ( 0.03128787818537375615, -0.01148974967796935996, 0.01862319724474457636 ) ) ;
#3443 = ORIENTED_EDGE ( 'NONE', *, *, #1282, .T. ) ;
#3444 = DIRECTION ( 'NONE',  ( 1.000000000000000000, 0.000000000000000000, 0.000000000000000000 ) ) ;
#3445 = CARTESIAN_POINT ( 'NONE',  ( -0.06012467858938400078, -0.002936878507464080277, 0.01533333333333330127 ) ) ;
#3446 = DIRECTION ( 'NONE',  ( 0.000000000000000000, 0.000000000000000000, -1.000000000000000000 ) ) ;
#3447 = DIRECTION ( 'NONE',  ( -0.7752800883439403545, 0.6316175936572793193, 0.000000000000000000 ) ) ;
#3448 = EDGE_CURVE ( 'NONE', #4506, #749, #1589, .T. ) ;
#3449 = ORIENTED_EDGE ( 'NONE', *, *, #2371, .F. ) ;
#3450 = CARTESIAN_POINT ( 'NONE',  ( -0.05488054928060261128, 0.001612899570871702661, 0.02603056075828171986 ) ) ;
#3451 = CARTESIAN_POINT ( 'NONE',  ( 0.002128255490525113921, 0.01785440550791948106, 0.03062179160355871579 ) ) ;
#3452 = DIRECTION ( 'NONE',  ( 0.000000000000000000, 0.000000000000000000, -1.000000000000000000 ) ) ;
#3453 = CARTESIAN_POINT ( 'NONE',  ( 0.04214428797192040083, 0.005950819667577980296, -0.002000000000000000042 ) ) ;
#3454 = EDGE_CURVE ( 'NONE', #777, #1136, #446, .T. ) ;
#3455 = ORIENTED_EDGE ( 'NONE', *, *, #4516, .T. ) ;
#3456 = ADVANCED_FACE ( 'NONE', ( #3345 ), #2105, .F. ) ;
#3457 = DIRECTION ( 'NONE',  ( 0.000000000000000000, 0.000000000000000000, -1.000000000000000000 ) ) ;
#3458 = FACE_BOUND ( 'NONE', #3636, .T. ) ;
#3459 = VECTOR ( 'NONE', #3946, 1.000000000000000000 ) ;
#3460 = CARTESIAN_POINT ( 'NONE',  ( 0.06477356746432749723, 0.03122689814222059934, 0.01533333333333330127 ) ) ;
#3461 = VERTEX_POINT ( 'NONE', #4511 ) ;
#3462 = ORIENTED_EDGE ( 'NONE', *, *, #4081, .T. ) ;
#3463 = AXIS2_PLACEMENT_3D ( 'NONE', #963, #861, #4222 ) ;
#3464 = CARTESIAN_POINT ( 'NONE',  ( 0.01223296710539921971, 0.005813175786751300679, -0.002000000000000000042 ) ) ;
#3465 = DIRECTION ( 'NONE',  ( -1.000000000000000000, 0.000000000000000000, -0.000000000000000000 ) ) ;
#3466 = CARTESIAN_POINT ( 'NONE',  ( -0.006239609104579769451, -0.06308347675609236871, 0.02044261002473164723 ) ) ;
#3467 = VERTEX_POINT ( 'NONE', #4562 ) ;
#3468 = DIRECTION ( 'NONE',  ( 1.000000000000000000, 0.000000000000000000, 0.000000000000000000 ) ) ;
#3469 = VECTOR ( 'NONE', #570, 1.000000000000000000 ) ;
#3470 = CARTESIAN_POINT ( 'NONE',  ( 0.02327400415092178640, -0.01874507712692734251, 0.03059326697745435447 ) ) ;
#3471 = CARTESIAN_POINT ( 'NONE',  ( 0.01086609749994579995, -0.03676182421324890315, 0.007333333333333339268 ) ) ;
#3472 = CARTESIAN_POINT ( 'NONE',  ( 0.001716097499945679885, -0.04362432421324890369, 0.007333333333333339268 ) ) ;
#3473 = CIRCLE ( 'NONE', #5012, 0.04000000000000002165 ) ;
#3474 = ORIENTED_EDGE ( 'NONE', *, *, #3283, .F. ) ;
#3475 = DIRECTION ( 'NONE',  ( 0.000000000000000000, 0.000000000000000000, -1.000000000000000000 ) ) ;
#3476 = CARTESIAN_POINT ( 'NONE',  ( 0.01983999719533025008, 0.002106998587173723389, 0.02639774486964997779 ) ) ;
#3477 = EDGE_CURVE ( 'NONE', #2910, #3893, #504, .T. ) ;
#3478 = AXIS2_PLACEMENT_3D ( 'NONE', #5253, #3660, #5279 ) ;
#3479 = FACE_OUTER_BOUND ( 'NONE', #4777, .T. ) ;
#3480 = CARTESIAN_POINT ( 'NONE',  ( 0.003851505008792630545, -0.05238608962005401881, 0.03061176250334867247 ) ) ;
#3481 = EDGE_LOOP ( 'NONE', ( #58, #2608, #2152, #2816 ) ) ;
#3482 = CARTESIAN_POINT ( 'NONE',  ( -0.05110646452632432862, 0.01261605668339035521, 0.02159513788295416500 ) ) ;
#3483 = FACE_BOUND ( 'NONE', #1740, .T. ) ;
#3484 = FACE_OUTER_BOUND ( 'NONE', #4453, .T. ) ;
#3485 = ORIENTED_EDGE ( 'NONE', *, *, #1061, .F. ) ;
#3486 = ORIENTED_EDGE ( 'NONE', *, *, #4719, .F. ) ;
#3487 = ORIENTED_EDGE ( 'NONE', *, *, #4050, .T. ) ;
#3488 = CIRCLE ( 'NONE', #2134, 0.002666666666666658771 ) ;
#3489 = DIRECTION ( 'NONE',  ( -1.000000000000000000, 0.000000000000000000, 0.000000000000000000 ) ) ;
#3490 = AXIS2_PLACEMENT_3D ( 'NONE', #1075, #217, #3489 ) ;
#3491 = LINE ( 'NONE', #272, #1545 ) ;
#3492 = EDGE_CURVE ( 'NONE', #2780, #1574, #1738, .T. ) ;
#3493 = CARTESIAN_POINT ( 'NONE',  ( 0.02863074796587775084, -0.01365394803839732434, 0.02095265303483463681 ) ) ;
#3494 = AXIS2_PLACEMENT_3D ( 'NONE', #3663, #41, #4479 ) ;
#3495 = AXIS2_PLACEMENT_3D ( 'NONE', #3799, #4636, #2612 ) ;
#3496 = DIRECTION ( 'NONE',  ( 0.000000000000000000, 0.000000000000000000, 1.000000000000000000 ) ) ;
#3497 = PLANE ( 'NONE',  #155 ) ;
#3498 = CARTESIAN_POINT ( 'NONE',  ( -0.008702294046323928375, -0.06227549747734179714, 0.01533333333333330127 ) ) ;
#3499 = AXIS2_PLACEMENT_3D ( 'NONE', #4018, #339, #1575 ) ;
#3500 = CIRCLE ( 'NONE', #4259, 0.002666666666666660072 ) ;
#3501 = CARTESIAN_POINT ( 'NONE',  ( -0.03822871294918003121, -0.05387691253857074258, 0.02715386406492990151 ) ) ;
#3502 = DIRECTION ( 'NONE',  ( 0.000000000000000000, 0.000000000000000000, -1.000000000000000000 ) ) ;
#3503 = VERTEX_POINT ( 'NONE', #4537 ) ;
#3504 = CARTESIAN_POINT ( 'NONE',  ( -0.09763615849037690642, 0.04043887151547410214, 0.01533333333333330127 ) ) ;
#3505 = DIRECTION ( 'NONE',  ( 0.000000000000000000, 0.000000000000000000, -1.000000000000000000 ) ) ;
#3506 = LINE ( 'NONE', #5135, #4908 ) ;
#3507 = CARTESIAN_POINT ( 'NONE',  ( 0.002861015605361910078, -0.05495487316301580355, 0.02602487012860960069 ) ) ;
#3508 = ADVANCED_FACE ( 'NONE', ( #2508 ), #1653, .F. ) ;
#3509 = VERTEX_POINT ( 'NONE', #98 ) ;
#3510 = DIRECTION ( 'NONE',  ( 0.000000000000000000, 1.000000000000000000, 0.000000000000000000 ) ) ;
#3511 = CARTESIAN_POINT ( 'NONE',  ( 0.01808822933337970312, 0.006858676460712947141, 0.02464251820897198075 ) ) ;
#3512 = CARTESIAN_POINT ( 'NONE',  ( -0.01728390250005419973, -0.01776182421324879954, 0.03533333333333329995 ) ) ;
#3513 = ORIENTED_EDGE ( 'NONE', *, *, #3615, .T. ) ;
#3514 = VERTEX_POINT ( 'NONE', #2966 ) ;
#3515 = ORIENTED_EDGE ( 'NONE', *, *, #5123, .T. ) ;
#3516 = CARTESIAN_POINT ( 'NONE',  ( -0.02146807733903840013, -0.09530126511910470832, -0.002000000000000000042 ) ) ;
#3517 = DIRECTION ( 'NONE',  ( 1.000000000000000000, 0.000000000000000000, 0.000000000000000000 ) ) ;
#3518 = DIRECTION ( 'NONE',  ( 0.000000000000000000, 1.000000000000000000, 0.000000000000000000 ) ) ;
#3519 = CYLINDRICAL_SURFACE ( 'NONE', #1240, 0.04533333333338229743 ) ;
#3520 = ADVANCED_FACE ( 'NONE', ( #2992 ), #123, .T. ) ;
#3521 = CYLINDRICAL_SURFACE ( 'NONE', #2037, 0.01244101517130730139 ) ;
#3522 = DIRECTION ( 'NONE',  ( -0.000000000000000000, -0.000000000000000000, -1.000000000000000000 ) ) ;
#3523 = CARTESIAN_POINT ( 'NONE',  ( 0.02329552591924700586, -0.01870329242021509172, 0.03050980084986212870 ) ) ;
#3524 = CARTESIAN_POINT ( 'NONE',  ( -0.03815930526958111191, -0.05398153999990523005, 0.02702989013871339580 ) ) ;
#3525 = LINE ( 'NONE', #4244, #830 ) ;
#3526 = ORIENTED_EDGE ( 'NONE', *, *, #298, .F. ) ;
#3527 = VERTEX_POINT ( 'NONE', #2884 ) ;
#3528 = CARTESIAN_POINT ( 'NONE',  ( -0.03428335852426386138, -0.07446110722935382620, 0.01533333333333329780 ) ) ;
#3529 = CARTESIAN_POINT ( 'NONE',  ( 0.01897520398185530838, 0.003351836038113638078, 0.02670057068835273925 ) ) ;
#3530 = CARTESIAN_POINT ( 'NONE',  ( 0.03729151757166924985, 0.001998300642844369045, 0.01533333333333330127 ) ) ;
#3531 = CARTESIAN_POINT ( 'NONE',  ( -0.003957578797741290351, -0.05536146537138360302, 0.01533333333333330127 ) ) ;
#3532 = VERTEX_POINT ( 'NONE', #4165 ) ;
#3533 = LINE ( 'NONE', #4301, #2978 ) ;
#3534 = LINE ( 'NONE', #3136, #3459 ) ;
#3535 = CARTESIAN_POINT ( 'NONE',  ( 0.003416097499945659408, -0.04133682421324889888, 0.03533333333333329995 ) ) ;
#3536 = ADVANCED_FACE ( 'NONE', ( #2136 ), #2484, .T. ) ;
#3537 = ORIENTED_EDGE ( 'NONE', *, *, #1226, .F. ) ;
#3538 = EDGE_LOOP ( 'NONE', ( #2697, #3593, #4428, #466, #706, #3584, #3894, #5176, #3861, #338 ) ) ;
#3539 = LINE ( 'NONE', #5169, #1868 ) ;
#3540 = CARTESIAN_POINT ( 'NONE',  ( 0.0003492278944921241648, -0.04133682421324889888, -0.002000000000000000042 ) ) ;
#3541 = VECTOR ( 'NONE', #5247, 1.000000000000000000 ) ;
#3542 = LINE ( 'NONE', #30, #3541 ) ;
#3543 = EDGE_CURVE ( 'NONE', #3278, #804, #2434, .T. ) ;
#3544 = CARTESIAN_POINT ( 'NONE',  ( -0.02903959140914990494, -0.06489343910698958107, 0.01891752183818617289 ) ) ;
#3545 = VERTEX_POINT ( 'NONE', #4116 ) ;
#3546 = CARTESIAN_POINT ( 'NONE',  ( 0.004853763681934090447, 0.01828071109808199896, -0.002000000000000000042 ) ) ;
#3547 = DIRECTION ( 'NONE',  ( 0.000000000000000000, 0.000000000000000000, -1.000000000000000000 ) ) ;
#3548 = AXIS2_PLACEMENT_3D ( 'NONE', #4267, #3096, #4290 ) ;
#3549 = CARTESIAN_POINT ( 'NONE',  ( 0.01633231749294564161, 0.01345661458451551280, 0.02117415123190309958 ) ) ;
#3550 = CARTESIAN_POINT ( 'NONE',  ( -0.1107428717566319998, 0.03620251174752270318, -0.002000000000000000042 ) ) ;
#3551 = ADVANCED_FACE ( 'NONE', ( #2564 ), #2535, .T. ) ;
#3552 = EDGE_CURVE ( 'NONE', #2145, #1029, #3315, .T. ) ;
#3553 = AXIS2_PLACEMENT_3D ( 'NONE', #4360, #1907, #729 ) ;
#3554 = VERTEX_POINT ( 'NONE', #1714 ) ;
#3555 = ORIENTED_EDGE ( 'NONE', *, *, #1532, .F. ) ;
#3556 = CARTESIAN_POINT ( 'NONE',  ( -0.03573640208497862181, -0.06545226264549076911, 0.01740129016539124912 ) ) ;
#3557 = ADVANCED_FACE ( 'NONE', ( #554 ), #2160, .F. ) ;
#3558 = CARTESIAN_POINT ( 'NONE',  ( 0.01031953672074019911, -0.02856819389033499884, 0.01533333333333330127 ) ) ;
#3559 = LINE ( 'NONE', #4355, #3809 ) ;
#3560 = VECTOR ( 'NONE', #5110, 1.000000000000000000 ) ;
#3561 = CARTESIAN_POINT ( 'NONE',  ( 0.05161382164909359554, 0.01366363295304580047, 0.01533333333333330127 ) ) ;
#3562 = VERTEX_POINT ( 'NONE', #3471 ) ;
#3563 = CARTESIAN_POINT ( 'NONE',  ( -0.05100198464200423470, 0.01290830110012237963, 0.02147192906230172699 ) ) ;
#3564 = AXIS2_PLACEMENT_3D ( 'NONE', #951, #3708, #37 ) ;
#3565 = CARTESIAN_POINT ( 'NONE',  ( 0.01808815667814879860, 0.006838367593566083147, 0.02466102022139298258 ) ) ;
#3566 = CARTESIAN_POINT ( 'NONE',  ( -0.09594361603726610233, 0.03266142729203549977, -0.002000000000000000042 ) ) ;
#3567 = ORIENTED_EDGE ( 'NONE', *, *, #1086, .F. ) ;
#3568 = VERTEX_POINT ( 'NONE', #3857 ) ;
#3569 = DIRECTION ( 'NONE',  ( 0.000000000000000000, 0.000000000000000000, -1.000000000000000000 ) ) ;
#3570 = EDGE_CURVE ( 'NONE', #4991, #4305, #714, .T. ) ;
#3571 = CARTESIAN_POINT ( 'NONE',  ( -0.06418592508217549342, -0.004248829826835688432, 0.01875561822405791279 ) ) ;
#3572 = CARTESIAN_POINT ( 'NONE',  ( 0.02457312306754949952, -0.0003520418553753599925, 0.01533333333333330127 ) ) ;
#3573 = DIRECTION ( 'NONE',  ( 0.000000000000000000, 0.000000000000000000, 1.000000000000000000 ) ) ;
#3574 = VERTEX_POINT ( 'NONE', #2613 ) ;
#3575 = EDGE_CURVE ( 'NONE', #599, #965, #5170, .T. ) ;
#3576 = ORIENTED_EDGE ( 'NONE', *, *, #4891, .F. ) ;
#3577 = FACE_OUTER_BOUND ( 'NONE', #107, .T. ) ;
#3578 = DIRECTION ( 'NONE',  ( 0.000000000000000000, 0.000000000000000000, -1.000000000000000000 ) ) ;
#3579 = DIRECTION ( 'NONE',  ( 0.7244969328910948470, -0.6892780238999327569, 0.000000000000000000 ) ) ;
#3580 = CIRCLE ( 'NONE', #1266, 0.005941869605453536929 ) ;
#3581 = AXIS2_PLACEMENT_3D ( 'NONE', #4170, #2141, #1822 ) ;
#3582 = CARTESIAN_POINT ( 'NONE',  ( -0.02328390250005419812, 0.01038817578675120014, 0.03533333333333329995 ) ) ;
#3583 = ORIENTED_EDGE ( 'NONE', *, *, #2381, .F. ) ;
#3584 = ORIENTED_EDGE ( 'NONE', *, *, #1954, .F. ) ;
#3585 = CIRCLE ( 'NONE', #2293, 0.01244101517130730139 ) ;
#3586 = CARTESIAN_POINT ( 'NONE',  ( -0.02637256721889180006, -0.06489351390960140797, -0.002000000000000000042 ) ) ;
#3587 = AXIS2_PLACEMENT_3D ( 'NONE', #2692, #5128, #1083 ) ;
#3588 = CARTESIAN_POINT ( 'NONE',  ( 0.01819060390381618472, 0.005607259890892456015, 0.02568829710229462299 ) ) ;
#3589 = DIRECTION ( 'NONE',  ( 0.000000000000000000, 0.000000000000000000, -1.000000000000000000 ) ) ;
#3590 = CARTESIAN_POINT ( 'NONE',  ( -0.02146807733903840013, -0.09530126511910470832, -0.002000000000000000042 ) ) ;
#3591 = AXIS2_PLACEMENT_3D ( 'NONE', #2822, #4053, #374 ) ;
#3592 = EDGE_CURVE ( 'NONE', #865, #1457, #2262, .T. ) ;
#3593 = ORIENTED_EDGE ( 'NONE', *, *, #3951, .T. ) ;
#3594 = CARTESIAN_POINT ( 'NONE',  ( 0.02807767045969120079, -0.002066993898065369942, 0.01533333333333330127 ) ) ;
#3595 = ADVANCED_FACE ( 'NONE', ( #4243 ), #2694, .F. ) ;
#3596 = CARTESIAN_POINT ( 'NONE',  ( 0.02039348414362490008, -0.01176493006790029980, 0.01533333333333330127 ) ) ;
#3597 = CARTESIAN_POINT ( 'NONE',  ( -0.04680077210550773192, 0.005813175786751299812, -0.002000000000000000042 ) ) ;
#3598 = EDGE_LOOP ( 'NONE', ( #4666, #4701, #161, #2961 ) ) ;
#3599 = ORIENTED_EDGE ( 'NONE', *, *, #1527, .F. ) ;
#3600 = CARTESIAN_POINT ( 'NONE',  ( -0.007350893052492159761, -0.1182179959438969946, -0.002000000000000000042 ) ) ;
#3601 = LINE ( 'NONE', #707, #5033 ) ;
#3602 = DIRECTION ( 'NONE',  ( -1.000000000000000000, 0.000000000000000000, 0.000000000000000000 ) ) ;
#3603 = LINE ( 'NONE', #4853, #1673 ) ;
#3604 = ORIENTED_EDGE ( 'NONE', *, *, #2541, .F. ) ;
#3605 = ORIENTED_EDGE ( 'NONE', *, *, #5025, .T. ) ;
#3606 = CARTESIAN_POINT ( 'NONE',  ( -0.03628390250005419926, -0.04591182421324879748, 0.03533333333333329995 ) ) ;
#3607 = EDGE_LOOP ( 'NONE', ( #3990, #1065 ) ) ;
#3608 = PLANE ( 'NONE',  #4770 ) ;
#3609 = DIRECTION ( 'NONE',  ( -0.000000000000000000, -0.000000000000000000, -1.000000000000000000 ) ) ;
#3610 = ORIENTED_EDGE ( 'NONE', *, *, #558, .T. ) ;
#3611 = ORIENTED_EDGE ( 'NONE', *, *, #3062, .T. ) ;
#3612 = CARTESIAN_POINT ( 'NONE',  ( -0.03651040788908412743, -0.06065344023939270302, 0.02013119411319681112 ) ) ;
#3613 = CARTESIAN_POINT ( 'NONE',  ( -0.01728390250005419973, -0.01776182421324879954, 0.02173594796369979903 ) ) ;
#3614 = CARTESIAN_POINT ( 'NONE',  ( -0.01728890371215159941, -0.1256818337813389863, 0.01533333333333330127 ) ) ;
#3615 = EDGE_CURVE ( 'NONE', #3574, #1929, #1237, .T. ) ;
#3616 = CARTESIAN_POINT ( 'NONE',  ( 0.001672912360539242482, -0.06231521332780677602, 0.01901699649600009992 ) ) ;
#3617 = EDGE_LOOP ( 'NONE', ( #2132, #650, #4515, #4118 ) ) ;
#3618 = CARTESIAN_POINT ( 'NONE',  ( -0.05841124388080772001, -0.0002383014013691524128, 0.02244747301809554840 ) ) ;
#3619 = CARTESIAN_POINT ( 'NONE',  ( -0.06912296899851967658, -0.0002266398530398690172, 0.01604078474788238687 ) ) ;
#3620 = CARTESIAN_POINT ( 'NONE',  ( 0.006291097499945689717, 0.005813175786751169707, 0.03533333333333329995 ) ) ;
#3621 = EDGE_CURVE ( 'NONE', #5183, #15, #2954, .T. ) ;
#3622 = ADVANCED_FACE ( 'NONE', ( #3681 ), #10, .F. ) ;
#3623 = VERTEX_POINT ( 'NONE', #2750 ) ;
#3624 = VERTEX_POINT ( 'NONE', #1667 ) ;
#3625 = CARTESIAN_POINT ( 'NONE',  ( 0.006291097499945669767, 0.005813175786751299812, -0.2722511313201919636 ) ) ;
#3626 = CARTESIAN_POINT ( 'NONE',  ( 0.02499410043859546030, 0.01881065663058782006, 0.01574573911917897390 ) ) ;
#3627 = CARTESIAN_POINT ( 'NONE',  ( -0.01563267001770940121, -0.1336926308568330002, -0.009666666666666660218 ) ) ;
#3628 = DIRECTION ( 'NONE',  ( 0.000000000000000000, 0.000000000000000000, -1.000000000000000000 ) ) ;
#3629 = EDGE_CURVE ( 'NONE', #4486, #2974, #2926, .T. ) ;
#3630 = CIRCLE ( 'NONE', #4989, 0.002666666666666654868 ) ;
#3631 = LINE ( 'NONE', #2446, #4681 ) ;
#3632 = CARTESIAN_POINT ( 'NONE',  ( -0.01728390250005419973, -0.01776182421324879954, 0.03533333333333329995 ) ) ;
#3633 = VECTOR ( 'NONE', #3049, 1.000000000000000000 ) ;
#3634 = LINE ( 'NONE', #1242, #309 ) ;
#3635 = ORIENTED_EDGE ( 'NONE', *, *, #3788, .T. ) ;
#3636 = EDGE_LOOP ( 'NONE', ( #189, #4877 ) ) ;
#3637 = DIRECTION ( 'NONE',  ( 0.000000000000000000, 0.000000000000000000, -1.000000000000000000 ) ) ;
#3638 = AXIS2_PLACEMENT_3D ( 'NONE', #4296, #1014, #5159 ) ;
#3639 = CARTESIAN_POINT ( 'NONE',  ( 0.02233453526115810467, 0.0002477686672054233330, 0.02400180675273725153 ) ) ;
#3640 = ADVANCED_FACE ( 'NONE', ( #2040 ), #4105, .T. ) ;
#3641 = DIRECTION ( 'NONE',  ( -0.6316175936571509775, -0.7752800883440450486, 0.000000000000000000 ) ) ;
#3642 = CARTESIAN_POINT ( 'NONE',  ( 0.002102331722789923651, -0.05965494571782788830, 0.02086893534744111225 ) ) ;
#3643 = AXIS2_PLACEMENT_3D ( 'NONE', #31, #4959, #3276 ) ;
#3644 = ORIENTED_EDGE ( 'NONE', *, *, #2586, .T. ) ;
#3645 = EDGE_CURVE ( 'NONE', #3746, #4947, #1699, .T. ) ;
#3646 = CARTESIAN_POINT ( 'NONE',  ( -0.05639854575125507335, 0.0005013426057367615296, 0.02453019015474129649 ) ) ;
#3647 = AXIS2_PLACEMENT_3D ( 'NONE', #1453, #3919, #241 ) ;
#3648 = CARTESIAN_POINT ( 'NONE',  ( -0.01728390250005419973, -0.01776182421324879954, 0.01533333333333330127 ) ) ;
#3649 = DIRECTION ( 'NONE',  ( 0.000000000000000000, 0.000000000000000000, -1.000000000000000000 ) ) ;
#3650 = CIRCLE ( 'NONE', #1339, 0.01377434850464230934 ) ;
#3651 = ORIENTED_EDGE ( 'NONE', *, *, #2015, .F. ) ;
#3652 = ORIENTED_EDGE ( 'NONE', *, *, #3294, .F. ) ;
#3653 = CYLINDRICAL_SURFACE ( 'NONE', #5206, 0.04533333333338229743 ) ;
#3654 = CARTESIAN_POINT ( 'NONE',  ( 0.01698603895450594148, 0.01543212667281691243, 0.01955470998450579284 ) ) ;
#3655 = DIRECTION ( 'NONE',  ( 0.000000000000000000, 0.000000000000000000, -1.000000000000000000 ) ) ;
#3656 = ADVANCED_FACE ( 'NONE', ( #4398 ), #2340, .T. ) ;
#3657 = CYLINDRICAL_SURFACE ( 'NONE', #5282, 0.005941869605453536062 ) ;
#3658 = EDGE_CURVE ( 'NONE', #358, #2690, #734, .T. ) ;
#3659 = CYLINDRICAL_SURFACE ( 'NONE', #933, 0.002874999999999999951 ) ;
#3660 = DIRECTION ( 'NONE',  ( 0.000000000000000000, 0.000000000000000000, -1.000000000000000000 ) ) ;
#3661 = ORIENTED_EDGE ( 'NONE', *, *, #841, .F. ) ;
#3662 = ORIENTED_EDGE ( 'NONE', *, *, #4071, .T. ) ;
#3663 = CARTESIAN_POINT ( 'NONE',  ( 0.07618006796862089591, 0.03619384939407049862, 0.01533333333333330127 ) ) ;
#3664 = FACE_OUTER_BOUND ( 'NONE', #4837, .T. ) ;
#3665 = AXIS2_PLACEMENT_3D ( 'NONE', #3911, #4787, #3101 ) ;
#3666 = DIRECTION ( 'NONE',  ( -0.7752800883440450486, 0.6316175936571509775, 0.000000000000000000 ) ) ;
#3667 = CARTESIAN_POINT ( 'NONE',  ( 0.02457312306754949952, -0.0003520418553753599925, 0.02173594796369979903 ) ) ;
#3668 = VECTOR ( 'NONE', #605, 1.000000000000000000 ) ;
#3669 = CIRCLE ( 'NONE', #4510, 0.002666666666666654868 ) ;
#3670 = VERTEX_POINT ( 'NONE', #4902 ) ;
#3671 = CARTESIAN_POINT ( 'NONE',  ( -0.05768031538405518632, -4.671086424464774195E-05, 0.02318799788941937681 ) ) ;
#3672 = CARTESIAN_POINT ( 'NONE',  ( -0.04085890250005420193, -0.04133682421324889888, 0.007333333333333339268 ) ) ;
#3673 = AXIS2_PLACEMENT_3D ( 'NONE', #1885, #4283, #625 ) ;
#3674 = CIRCLE ( 'NONE', #330, 0.002666666666666657037 ) ;
#3675 = CARTESIAN_POINT ( 'NONE',  ( -0.09933699500623609235, 0.03123412830343540170, 0.01533333333333330127 ) ) ;
#3676 = EDGE_CURVE ( 'NONE', #4728, #4994, #2872, .T. ) ;
#3677 = EDGE_LOOP ( 'NONE', ( #2947, #851, #173, #4444 ) ) ;
#3678 = ORIENTED_EDGE ( 'NONE', *, *, #3254, .F. ) ;
#3679 = DIRECTION ( 'NONE',  ( 0.000000000000000000, 0.000000000000000000, -1.000000000000000000 ) ) ;
#3680 = CARTESIAN_POINT ( 'NONE',  ( -0.0004305503021247630087, -0.07534623633747349059, 0.01533333333333330127 ) ) ;
#3681 = FACE_OUTER_BOUND ( 'NONE', #3236, .T. ) ;
#3682 = EDGE_CURVE ( 'NONE', #32, #1507, #1946, .T. ) ;
#3683 = CARTESIAN_POINT ( 'NONE',  ( 0.06307388673459229933, 0.04043185484335189844, 0.01533333333333330127 ) ) ;
#3684 = ORIENTED_EDGE ( 'NONE', *, *, #4169, .T. ) ;
#3685 = CARTESIAN_POINT ( 'NONE',  ( -0.0003407797996382779947, 0.01847255991507119888, 0.01533333333333330127 ) ) ;
#3686 = DIRECTION ( 'NONE',  ( -0.3343341265222758429, -0.9424546099641014640, 0.000000000000000000 ) ) ;
#3687 = CARTESIAN_POINT ( 'NONE',  ( -0.04319139285479922652, 0.01971632045051231741, 0.02149438929255698127 ) ) ;
#3688 = EDGE_CURVE ( 'NONE', #3353, #924, #2422, .T. ) ;
#3689 = ORIENTED_EDGE ( 'NONE', *, *, #4218, .F. ) ;
#3690 = ORIENTED_EDGE ( 'NONE', *, *, #1813, .F. ) ;
#3691 = CARTESIAN_POINT ( 'NONE',  ( -0.05977254500253485758, 0.01889413749214649552, 0.01561788373922295796 ) ) ;
#3692 = CARTESIAN_POINT ( 'NONE',  ( 0.02028183078080411997, 0.001640885882957063713, 0.02605844172571936818 ) ) ;
#3693 = LINE ( 'NONE', #2404, #1924 ) ;
#3694 = DIRECTION ( 'NONE',  ( 0.5917125326096891458, -0.8061490425179623776, 0.000000000000000000 ) ) ;
#3695 = EDGE_LOOP ( 'NONE', ( #178, #2220, #717, #2102 ) ) ;
#3696 = CARTESIAN_POINT ( 'NONE',  ( -0.05913931428509219823, -0.0003481624667794019738, 0.02173594796369979903 ) ) ;
#3697 = PLANE ( 'NONE',  #463 ) ;
#3698 = DIRECTION ( 'NONE',  ( 0.000000000000000000, 0.000000000000000000, 1.000000000000000000 ) ) ;
#3699 = ORIENTED_EDGE ( 'NONE', *, *, #1813, .T. ) ;
#3700 = EDGE_LOOP ( 'NONE', ( #3037, #2108, #1701, #3871 ) ) ;
#3701 = CARTESIAN_POINT ( 'NONE',  ( -0.04543390250005419767, -0.01776182421324879954, 0.03533333333333329995 ) ) ;
#3702 = CARTESIAN_POINT ( 'NONE',  ( -0.04680077210550773192, 0.005813175786751299812, 0.003000000000000000062 ) ) ;
#3703 = CARTESIAN_POINT ( 'NONE',  ( -0.01728390250005419973, -0.01776182421324879954, 0.01533333333333330127 ) ) ;
#3704 = ORIENTED_EDGE ( 'NONE', *, *, #2502, .T. ) ;
#3706 = EDGE_CURVE ( 'NONE', #1507, #1546, #1334, .T. ) ;
#3705 = CARTESIAN_POINT ( 'NONE',  ( 0.02563050039445959050, -0.003149676297299880152, 0.02173594796369980597 ) ) ;
#3707 = DIRECTION ( 'NONE',  ( -0.2346838125221319959, -0.9720717607975641883, 0.000000000000000000 ) ) ;
#3708 = DIRECTION ( 'NONE',  ( 0.000000000000000000, 0.000000000000000000, -1.000000000000000000 ) ) ;
#3709 = ORIENTED_EDGE ( 'NONE', *, *, #331, .F. ) ;
#3710 = VERTEX_POINT ( 'NONE', #1139 ) ;
#3711 = DIRECTION ( 'NONE',  ( 0.000000000000000000, -1.000000000000000000, 0.000000000000000000 ) ) ;
#3712 = CARTESIAN_POINT ( 'NONE',  ( 0.02005475063357651730, 0.001870419188428134108, 0.02624212409183550310 ) ) ;
#3713 = VECTOR ( 'NONE', #685, 1.000000000000000000 ) ;
#3714 = DIRECTION ( 'NONE',  ( 0.000000000000000000, -1.000000000000000000, 0.000000000000000000 ) ) ;
#3715 = EDGE_CURVE ( 'NONE', #530, #2572, #988, .T. ) ;
#3716 = CARTESIAN_POINT ( 'NONE',  ( -0.01295411338917150032, -0.1110953043166569981, 0.01533333333333330127 ) ) ;
#3717 = VECTOR ( 'NONE', #5239, 1.000000000000000000 ) ;
#3718 = ORIENTED_EDGE ( 'NONE', *, *, #678, .T. ) ;
#3719 = ADVANCED_FACE ( 'NONE', ( #4372 ), #715, .F. ) ;
#3720 = DIRECTION ( 'NONE',  ( -0.000000000000000000, 1.000000000000000000, 0.000000000000000000 ) ) ;
#3721 = CARTESIAN_POINT ( 'NONE',  ( -0.06620522291872467380, -0.01120275874535352385, 0.01839749472000273486 ) ) ;
#3722 = CYLINDRICAL_SURFACE ( 'NONE', #36, 0.006666666666666667962 ) ;
#3723 = AXIS2_PLACEMENT_3D ( 'NONE', #3983, #2775, #1641 ) ;
#3724 = LINE ( 'NONE', #3675, #3124 ) ;
#3725 = VERTEX_POINT ( 'NONE', #3178 ) ;
#3726 = EDGE_LOOP ( 'NONE', ( #5216, #2249 ) ) ;
#3727 = LINE ( 'NONE', #2117, #759 ) ;
#3728 = AXIS2_PLACEMENT_3D ( 'NONE', #488, #3357, #997 ) ;
#3729 = DIRECTION ( 'NONE',  ( 0.000000000000000000, 0.000000000000000000, -1.000000000000000000 ) ) ;
#3730 = CARTESIAN_POINT ( 'NONE',  ( 0.01899051029057839679, 0.01367329908378140009, 0.01533333333333330127 ) ) ;
#3731 = AXIS2_PLACEMENT_3D ( 'NONE', #1446, #2241, #671 ) ;
#3732 = DIRECTION ( 'NONE',  ( 0.000000000000000000, 0.000000000000000000, 1.000000000000000000 ) ) ;
#3733 = ORIENTED_EDGE ( 'NONE', *, *, #2223, .F. ) ;
#3734 = EDGE_CURVE ( 'NONE', #4822, #1574, #2369, .T. ) ;
#3735 = CARTESIAN_POINT ( 'NONE',  ( 0.02613624622955568536, -0.003896171168118620944, 0.02147192906230168535 ) ) ;
#3736 = CIRCLE ( 'NONE', #138, 0.002666666666666654435 ) ;
#3737 = FACE_OUTER_BOUND ( 'NONE', #2197, .T. ) ;
#3738 = CARTESIAN_POINT ( 'NONE',  ( -0.03717311678188719992, -0.05654465673074940413, 0.02390697768338270052 ) ) ;
#3739 = EDGE_CURVE ( 'NONE', #2572, #1401, #4652, .T. ) ;
#3740 = ORIENTED_EDGE ( 'NONE', *, *, #4313, .F. ) ;
#3741 = ORIENTED_EDGE ( 'NONE', *, *, #4816, .T. ) ;
#3742 = CARTESIAN_POINT ( 'NONE',  ( -0.05788774142362070746, -0.01865577846907779877, 0.03041646374641415046 ) ) ;
#3743 = LINE ( 'NONE', #552, #408 ) ;
#3744 = CARTESIAN_POINT ( 'NONE',  ( -0.004783902500054280568, 0.01038817578675120014, 0.007333333333333339268 ) ) ;
#3745 = CARTESIAN_POINT ( 'NONE',  ( -0.04425203725018142520, -0.04743773253725380723, 0.03334449217759542089 ) ) ;
#3746 = VERTEX_POINT ( 'NONE', #167 ) ;
#3747 = VECTOR ( 'NONE', #2744, 1.000000000000000000 ) ;
#3748 = CARTESIAN_POINT ( 'NONE',  ( -0.05423168734099423349, 0.002321789146971766239, 0.02650613659864083094 ) ) ;
#3749 = CARTESIAN_POINT ( 'NONE',  ( 0.02664863249923290697, 0.01944016023835600307, 0.01543862842759177560 ) ) ;
#3750 = PLANE ( 'NONE',  #1151 ) ;
#3751 = CARTESIAN_POINT ( 'NONE',  ( -0.007032306393415458518, -0.07440950780109056861, 0.01543862842759177387 ) ) ;
#3752 = VECTOR ( 'NONE', #516, 1.000000000000000000 ) ;
#3753 = CIRCLE ( 'NONE', #3149, 0.04533333333338229743 ) ;
#3754 = EDGE_CURVE ( 'NONE', #2068, #1366, #1425, .T. ) ;
#3755 = ORIENTED_EDGE ( 'NONE', *, *, #678, .F. ) ;
#3756 = VERTEX_POINT ( 'NONE', #3055 ) ;
#3757 = DIRECTION ( 'NONE',  ( 1.000000000000000000, 0.000000000000000000, 0.000000000000000000 ) ) ;
#3758 = VECTOR ( 'NONE', #3444, 1.000000000000000000 ) ;
#3759 = CIRCLE ( 'NONE', #1621, 0.04282794805387681036 ) ;
#3760 = CARTESIAN_POINT ( 'NONE',  ( -0.1245172202612743056, 0.03620251174752270318, 0.01533333333333330127 ) ) ;
#3761 = CARTESIAN_POINT ( 'NONE',  ( -0.1107428717566319998, 0.03620251174752270318, 0.01533333333333330127 ) ) ;
#3762 = CARTESIAN_POINT ( 'NONE',  ( -0.005564904086692190610, -0.06531890041224761023, 0.01533333333333330127 ) ) ;
#3763 = ORIENTED_EDGE ( 'NONE', *, *, #3129, .T. ) ;
#3764 = AXIS2_PLACEMENT_3D ( 'NONE', #7, #4929, #2467 ) ;
#3765 = ORIENTED_EDGE ( 'NONE', *, *, #137, .T. ) ;
#3766 = CARTESIAN_POINT ( 'NONE',  ( 0.02624871403994529298, -0.004007880706451656845, 0.02139712370690555199 ) ) ;
#3767 = FACE_OUTER_BOUND ( 'NONE', #2115, .T. ) ;
#3768 = DIRECTION ( 'NONE',  ( 0.000000000000000000, 0.000000000000000000, 1.000000000000000000 ) ) ;
#3769 = VERTEX_POINT ( 'NONE', #4255 ) ;
#3770 = ORIENTED_EDGE ( 'NONE', *, *, #2179, .F. ) ;
#3771 = CARTESIAN_POINT ( 'NONE',  ( 0.07618006796862089591, 0.03619384939407049862, 0.01533333333333330127 ) ) ;
#3772 = ORIENTED_EDGE ( 'NONE', *, *, #3310, .T. ) ;
#3773 = DIRECTION ( 'NONE',  ( 0.3557208074880468529, 0.9345922678473495004, 0.000000000000000000 ) ) ;
#3774 = DIRECTION ( 'NONE',  ( -1.000000000000000000, 0.000000000000000000, 0.000000000000000000 ) ) ;
#3775 = CARTESIAN_POINT ( 'NONE',  ( -0.04436089926169399511, -0.04732384417828011669, 0.03345531977505799420 ) ) ;
#3776 = ORIENTED_EDGE ( 'NONE', *, *, #5071, .T. ) ;
#3777 = CARTESIAN_POINT ( 'NONE',  ( -0.05487322854688895385, 0.001619906128480324854, 0.02603683541369384083 ) ) ;
#3778 = DIRECTION ( 'NONE',  ( 0.000000000000000000, 0.000000000000000000, -1.000000000000000000 ) ) ;
#3779 = EDGE_CURVE ( 'NONE', #858, #2146, #1828, .T. ) ;
#3780 = CARTESIAN_POINT ( 'NONE',  ( 0.01086609749994579995, -0.01776182421324879954, 0.03533333333333329995 ) ) ;
#3781 = CARTESIAN_POINT ( 'NONE',  ( -0.01893267001770939859, -0.1336926308568330002, 0.01533333333333330127 ) ) ;
#3782 = VERTEX_POINT ( 'NONE', #3787 ) ;
#3783 = ORIENTED_EDGE ( 'NONE', *, *, #144, .T. ) ;
#3784 = CARTESIAN_POINT ( 'NONE',  ( 0.001716097499945679885, -0.04591182421324879748, 0.03533333333333329995 ) ) ;
#3785 = LINE ( 'NONE', #2118, #4641 ) ;
#3786 = ADVANCED_FACE ( 'NONE', ( #3845 ), #110, .F. ) ;
#3787 = CARTESIAN_POINT ( 'NONE',  ( 0.01223296710539919716, -0.04133682421324889888, 0.003000000000000000062 ) ) ;
#3788 = EDGE_CURVE ( 'NONE', #3222, #543, #3005, .T. ) ;
#3789 = ORIENTED_EDGE ( 'NONE', *, *, #4596, .T. ) ;
#3790 = ORIENTED_EDGE ( 'NONE', *, *, #4528, .T. ) ;
#3791 = B_SPLINE_CURVE_WITH_KNOTS ( 'NONE', 3,
 ( #3050, #3159, #4791, #1039, #4725, #1123, #183, #2703, #4671, #1015, #3915, #2651, #4274, #615, #3480, #2675, #641, #2268, #234, #1874, #3507 ),
 .UNSPECIFIED., .F., .F.,
 ( 4, 2, 2, 2, 1, 1, 1, 1, 1, 2, 2, 2, 4 ),
 ( 0.000000000000000000, 0.2499999999999441003, 0.3749999999999173439, 0.4374999999999044653, 0.4687499999998985256, 0.4843749999998960831, 0.4921874999998954725, 0.4960937499998951949, 0.4980468749998944178, 0.4990234374998940847, 0.4999999999998937517, 0.7499999999999468203, 1.000000000000000000 ),
 .UNSPECIFIED. ) ;
#3792 = EDGE_CURVE ( 'NONE', #1551, #3854, #738, .T. ) ;
#3793 = CARTESIAN_POINT ( 'NONE',  ( 0.02649543173757221148, -0.004219831648220912987, 0.02122405572705118870 ) ) ;
#3794 = DIRECTION ( 'NONE',  ( 0.000000000000000000, 0.000000000000000000, -1.000000000000000000 ) ) ;
#3795 = DIRECTION ( 'NONE',  ( 0.1131229827474394961, -0.9935809935653571179, 0.000000000000000000 ) ) ;
#3796 = ORIENTED_EDGE ( 'NONE', *, *, #3592, .F. ) ;
#3797 = ORIENTED_EDGE ( 'NONE', *, *, #1577, .T. ) ;
#3798 = FACE_BOUND ( 'NONE', #3538, .T. ) ;
#3799 = CARTESIAN_POINT ( 'NONE',  ( 0.02529470968528689870, 0.006818318168941709875, -0.002000000000000000042 ) ) ;
#3800 = DIRECTION ( 'NONE',  ( 0.000000000000000000, 0.000000000000000000, -1.000000000000000000 ) ) ;
#3801 = DIRECTION ( 'NONE',  ( 0.000000000000000000, 0.000000000000000000, -1.000000000000000000 ) ) ;
#3802 = ORIENTED_EDGE ( 'NONE', *, *, #3231, .T. ) ;
#3803 = EDGE_CURVE ( 'NONE', #1688, #2544, #2611, .T. ) ;
#3804 = CARTESIAN_POINT ( 'NONE',  ( -0.05439129819503268209, 0.002127997512612513596, 0.02640876082042382597 ) ) ;
#3805 = AXIS2_PLACEMENT_3D ( 'NONE', #1211, #4852, #1159 ) ;
#3806 = CARTESIAN_POINT ( 'NONE',  ( -0.01295411338917150032, -0.1110953043166569981, 0.01533333333333330127 ) ) ;
#3807 = FACE_OUTER_BOUND ( 'NONE', #2236, .T. ) ;
#3808 = CARTESIAN_POINT ( 'NONE',  ( 0.06232864361693379873, 0.03016225806615880148, -0.002000000000000000042 ) ) ;
#3809 = VECTOR ( 'NONE', #1038, 1.000000000000000000 ) ;
#3810 = ADVANCED_FACE ( 'NONE', ( #5089 ), #1348, .F. ) ;
#3811 = ORIENTED_EDGE ( 'NONE', *, *, #610, .F. ) ;
#3812 = ORIENTED_EDGE ( 'NONE', *, *, #1367, .T. ) ;
#3813 = DIRECTION ( 'NONE',  ( 0.000000000000000000, 0.000000000000000000, -1.000000000000000000 ) ) ;
#3814 = VECTOR ( 'NONE', #4191, 1.000000000000000000 ) ;
#3815 = DIRECTION ( 'NONE',  ( -1.000000000000000000, 0.000000000000000000, 0.000000000000000000 ) ) ;
#3816 = CARTESIAN_POINT ( 'NONE',  ( -0.05913931428509219823, -0.0003481624667794019738, 0.02173594796369979903 ) ) ;
#3817 = VERTEX_POINT ( 'NONE', #3816 ) ;
#3818 = AXIS2_PLACEMENT_3D ( 'NONE', #869, #3732, #1668 ) ;
#3819 = AXIS2_PLACEMENT_3D ( 'NONE', #56, #3698, #3249 ) ;
#3820 = VERTEX_POINT ( 'NONE', #136 ) ;
#3821 = CARTESIAN_POINT ( 'NONE',  ( 0.02601089784076145509, -0.003756723969661416706, 0.02155113473272112293 ) ) ;
#3822 = DIRECTION ( 'NONE',  ( 0.000000000000000000, 0.000000000000000000, -1.000000000000000000 ) ) ;
#3823 = AXIS2_PLACEMENT_3D ( 'NONE', #2885, #857, #3995 ) ;
#3824 = CARTESIAN_POINT ( 'NONE',  ( 0.04430561755881300134, 0.007711194794839349928, 0.01533333333333330127 ) ) ;
#3825 = EDGE_CURVE ( 'NONE', #2895, #4240, #4152, .T. ) ;
#3826 = VECTOR ( 'NONE', #1490, 1.000000000000000000 ) ;
#3827 = EDGE_CURVE ( 'NONE', #4786, #2879, #214, .T. ) ;
#3828 = ORIENTED_EDGE ( 'NONE', *, *, #4904, .T. ) ;
#3829 = DIRECTION ( 'NONE',  ( -1.000000000000000000, 0.000000000000000000, 0.000000000000000000 ) ) ;
#3830 = SURFACE_SIDE_STYLE ('',( #3041 ) ) ;
#3831 = CARTESIAN_POINT ( 'NONE',  ( -0.03717311678188719992, -0.05654465673074940413, 0.02390697768338270052 ) ) ;
#3832 = VECTOR ( 'NONE', #1992, 1.000000000000000000 ) ;
#3833 = CARTESIAN_POINT ( 'NONE',  ( -0.04410847333437718787, -0.04758792504749327634, 0.03319843063795158145 ) ) ;
#3834 = ORIENTED_EDGE ( 'NONE', *, *, #2867, .F. ) ;
#3835 = CARTESIAN_POINT ( 'NONE',  ( -0.05422687752198368516, 0.002327807022506195572, 0.02650886521119719813 ) ) ;
#3836 = CARTESIAN_POINT ( 'NONE',  ( -0.06204971754255018263, -0.004664262762288370195, 0.02044765166565956291 ) ) ;
#3837 = CARTESIAN_POINT ( 'NONE',  ( -0.04085890250005420193, 0.001238175786751180042, 0.007333333333333339268 ) ) ;
#3838 = DIRECTION ( 'NONE',  ( -0.1592328779841129804, 0.9872410498803707579, 0.000000000000000000 ) ) ;
#3839 = VERTEX_POINT ( 'NONE', #4629 ) ;
#3840 = VERTEX_POINT ( 'NONE', #597 ) ;
#3841 = CARTESIAN_POINT ( 'NONE',  ( -0.04085890250005420193, -0.04133682421324889888, 0.03533333333333329995 ) ) ;
#3842 = CYLINDRICAL_SURFACE ( 'NONE', #634, 0.004575000000000002676 ) ;
#3843 = AXIS2_PLACEMENT_3D ( 'NONE', #2294, #4293, #2648 ) ;
#3844 = ADVANCED_FACE ( 'NONE', ( #4983 ), #1315, .F. ) ;
#3845 = FACE_OUTER_BOUND ( 'NONE', #4454, .T. ) ;
#3846 = ORIENTED_EDGE ( 'NONE', *, *, #782, .F. ) ;
#3847 = AXIS2_PLACEMENT_3D ( 'NONE', #3771, #96, #1737 ) ;
#3848 = AXIS2_PLACEMENT_3D ( 'NONE', #1049, #1542, #3116 ) ;
#3849 = CARTESIAN_POINT ( 'NONE',  ( -0.1078600015200719964, 0.02273322312761040173, -0.002000000000000000042 ) ) ;
#3850 = CARTESIAN_POINT ( 'NONE',  ( -0.04085890250005420193, 0.001238175786751180042, 0.03533333333333329995 ) ) ;
#3851 = EDGE_CURVE ( 'NONE', #530, #875, #5011, .T. ) ;
#3852 = CARTESIAN_POINT ( 'NONE',  ( -0.005998755294642727463, -0.06338184255833052838, 0.02013259273195923751 ) ) ;
#3853 = ORIENTED_EDGE ( 'NONE', *, *, #5010, .F. ) ;
#3854 = VERTEX_POINT ( 'NONE', #4576 ) ;
#3855 = FACE_OUTER_BOUND ( 'NONE', #2834, .T. ) ;
#3856 = LINE ( 'NONE', #3014, #929 ) ;
#3857 = CARTESIAN_POINT ( 'NONE',  ( -0.02903959140914990494, -0.06489343910698958107, 0.01891752183818617289 ) ) ;
#3858 = CARTESIAN_POINT ( 'NONE',  ( -0.03671720710918039560, 0.01785368185440683320, 0.03058281566896443870 ) ) ;
#3859 = ADVANCED_FACE ( 'NONE', ( #1781 ), #4180, .F. ) ;
#3860 = B_SPLINE_CURVE_WITH_KNOTS ( 'NONE', 3,
 ( #1869, #1439, #5153, #2235, #257, #1411, #1056, #1520, #4695, #5131, #3908, #5105, #3858, #3123, #608, #2315, #3098, #3073, #1467, #2668, #1896 ),
 .UNSPECIFIED., .F., .F.,
 ( 4, 2, 2, 2, 1, 1, 1, 1, 1, 2, 2, 2, 4 ),
 ( 0.000000000000000000, 0.2500000000001060263, 0.3750000000001590394, 0.4375000000001850742, 0.4687500000001985634, 0.4843750000002045031, 0.4921875000002066125, 0.4960937500002077227, 0.4980468750002078338, 0.4990234375002079448, 0.5000000000002079448, 0.7500000000001040279, 1.000000000000000000 ),
 .UNSPECIFIED. ) ;
#3861 = ORIENTED_EDGE ( 'NONE', *, *, #2428, .T. ) ;
#3862 = CARTESIAN_POINT ( 'NONE',  ( -0.05399408984412672197, 0.002620526483776784449, 0.02663917657132427314 ) ) ;
#3863 = LINE ( 'NONE', #3806, #3244 ) ;
#3864 = DIRECTION ( 'NONE',  ( -1.000000000000000000, 0.000000000000000000, 0.000000000000000000 ) ) ;
#3865 = CARTESIAN_POINT ( 'NONE',  ( 0.01765047844608033656, 0.02314950651356812925, 0.01629941770086228148 ) ) ;
#3866 = ORIENTED_EDGE ( 'NONE', *, *, #1719, .F. ) ;
#3867 = CARTESIAN_POINT ( 'NONE',  ( -0.04085890250005419500, 0.005813175786751299812, -0.002000000000000000042 ) ) ;
#3868 = FACE_BOUND ( 'NONE', #3434, .T. ) ;
#3869 = DIRECTION ( 'NONE',  ( 0.000000000000000000, 0.000000000000000000, 1.000000000000000000 ) ) ;
#3870 = VERTEX_POINT ( 'NONE', #969 ) ;
#3871 = ORIENTED_EDGE ( 'NONE', *, *, #2932, .T. ) ;
#3872 = EDGE_CURVE ( 'NONE', #1755, #4465, #2576, .T. ) ;
#3873 = CARTESIAN_POINT ( 'NONE',  ( -0.1245172202612743056, 0.03620251174752270318, 0.01533333333333330127 ) ) ;
#3874 = PLANE ( 'NONE',  #5284 ) ;
#3875 = CARTESIAN_POINT ( 'NONE',  ( 0.02916617901091152903, -0.01321784634444115106, 0.02041071318778253652 ) ) ;
#3876 = EDGE_CURVE ( 'NONE', #4188, #982, #3413, .T. ) ;
#3877 = ORIENTED_EDGE ( 'NONE', *, *, #88, .F. ) ;
#3878 = DIRECTION ( 'NONE',  ( 0.000000000000000000, 0.000000000000000000, -1.000000000000000000 ) ) ;
#3879 = CARTESIAN_POINT ( 'NONE',  ( 0.02357513806085591648, -0.01821511500030144684, 0.02952363529713887200 ) ) ;
#3880 = CARTESIAN_POINT ( 'NONE',  ( -0.03738618682929185227, -0.05563486782132934239, 0.02499961321465945380 ) ) ;
#3881 = LINE ( 'NONE', #4349, #3826 ) ;
#3882 = EDGE_LOOP ( 'NONE', ( #784, #1957, #168, #1569, #146, #2862, #4979, #1259, #2372, #2833, #2827, #1565, #2373, #4706, #648, #3175, #1258, #2752, #4523, #3772, #2989, #4094 ) ) ;
#3883 = DIRECTION ( 'NONE',  ( 0.7228785863164691738, 0.6909750715077231931, 0.000000000000000000 ) ) ;
#3884 = CARTESIAN_POINT ( 'NONE',  ( -0.06243457091071279164, -0.004725039206041275509, 0.02013259273196919136 ) ) ;
#3885 = DIRECTION ( 'NONE',  ( -1.000000000000000000, 0.000000000000000000, 0.000000000000000000 ) ) ;
#3886 = DIRECTION ( 'NONE',  ( 0.000000000000000000, 0.000000000000000000, -1.000000000000000000 ) ) ;
#3887 = ORIENTED_EDGE ( 'NONE', *, *, #3851, .T. ) ;
#3888 = DIRECTION ( 'NONE',  ( 1.000000000000000000, 0.000000000000000000, 0.000000000000000000 ) ) ;
#3889 = EDGE_CURVE ( 'NONE', #5162, #3929, #2200, .T. ) ;
#3890 = PLANE ( 'NONE',  #1834 ) ;
#3891 = VECTOR ( 'NONE', #1313, 1.000000000000000000 ) ;
#3892 = DIRECTION ( 'NONE',  ( -1.000000000000000000, 0.000000000000000000, 0.000000000000000000 ) ) ;
#3893 = VERTEX_POINT ( 'NONE', #4732 ) ;
#3894 = ORIENTED_EDGE ( 'NONE', *, *, #2163, .T. ) ;
#3895 = ORIENTED_EDGE ( 'NONE', *, *, #4271, .T. ) ;
#3896 = EDGE_LOOP ( 'NONE', ( #4985, #3182 ) ) ;
#3897 = AXIS2_PLACEMENT_3D ( 'NONE', #3941, #2650, #4756 ) ;
#3898 = CARTESIAN_POINT ( 'NONE',  ( -0.07095943953901609480, 0.02034339274639439948, -0.002000000000000000042 ) ) ;
#3899 = CARTESIAN_POINT ( 'NONE',  ( -0.04680077210550773886, -0.04133682421324889888, -0.002000000000000000042 ) ) ;
#3900 = AXIS2_PLACEMENT_3D ( 'NONE', #2913, #4663, #2212 ) ;
#3901 = CARTESIAN_POINT ( 'NONE',  ( -0.005625773518215038300, -0.06418771212042120866, 0.01943375520632132855 ) ) ;
#3902 = DIRECTION ( 'NONE',  ( -0.7752800883439403545, 0.6316175936572793193, 0.000000000000000000 ) ) ;
#3903 = VECTOR ( 'NONE', #4334, 1.000000000000000000 ) ;
#3904 = DIRECTION ( 'NONE',  ( 0.000000000000000000, 0.000000000000000000, 1.000000000000000000 ) ) ;
#3905 = CARTESIAN_POINT ( 'NONE',  ( 0.02467229960020983839, -0.01687805327793737153, 0.02665901738501780596 ) ) ;
#3906 = CARTESIAN_POINT ( 'NONE',  ( -0.01728390250005419973, -0.01776182421324879954, -0.002000000000000000042 ) ) ;
#3907 = EDGE_CURVE ( 'NONE', #1440, #3139, #4401, .T. ) ;
#3908 = CARTESIAN_POINT ( 'NONE',  ( -0.03675828132543987325, 0.01785172577240919795, 0.03050980085012889448 ) ) ;
#3909 = CIRCLE ( 'NONE', #5098, 0.002666666666666654435 ) ;
#3910 = VERTEX_POINT ( 'NONE', #3083 ) ;
#3911 = CARTESIAN_POINT ( 'NONE',  ( -0.01310591545097379920, -0.09530179010705749909, 0.01533333333333330127 ) ) ;
#3912 = CYLINDRICAL_SURFACE ( 'NONE', #765, 0.01377434850464229893 ) ;
#3913 = AXIS2_PLACEMENT_3D ( 'NONE', #4399, #1624, #822 ) ;
#3914 = DIRECTION ( 'NONE',  ( -0.000000000000000000, -0.000000000000000000, -1.000000000000000000 ) ) ;
#3915 = CARTESIAN_POINT ( 'NONE',  ( 0.003867613927238445527, -0.05236138620883992040, 0.03066424047085604745 ) ) ;
#3916 = ORIENTED_EDGE ( 'NONE', *, *, #4, .T. ) ;
#3917 = CARTESIAN_POINT ( 'NONE',  ( -0.05093438199618676582, 0.01319120381950035156, 0.02132879850293053006 ) ) ;
#3918 = CARTESIAN_POINT ( 'NONE',  ( 0.01866270255181016677, 0.009642116671641890596, 0.02187870096512604251 ) ) ;
#3919 = DIRECTION ( 'NONE',  ( 0.000000000000000000, 0.000000000000000000, -1.000000000000000000 ) ) ;
#3920 = EDGE_CURVE ( 'NONE', #4545, #544, #4704, .T. ) ;
#3921 = EDGE_LOOP ( 'NONE', ( #1023, #5254, #1627, #948 ) ) ;
#3922 = CARTESIAN_POINT ( 'NONE',  ( -0.03491703289460066501, -0.04133682421324889888, -0.002000000000000000042 ) ) ;
#3923 = AXIS2_PLACEMENT_3D ( 'NONE', #1558, #756, #3888 ) ;
#3924 = DIRECTION ( 'NONE',  ( -0.9921571787660040664, -0.1249965304441823244, 0.000000000000000000 ) ) ;
#3925 = DIRECTION ( 'NONE',  ( -1.000000000000000000, 0.000000000000000000, 0.000000000000000000 ) ) ;
#3926 = CARTESIAN_POINT ( 'NONE',  ( -0.03137031300143719448, -0.05065453791775299808, -0.002000000000000000042 ) ) ;
#3927 = VECTOR ( 'NONE', #4057, 1.000000000000000000 ) ;
#3928 = VECTOR ( 'NONE', #2104, 1.000000000000000000 ) ;
#3929 = VERTEX_POINT ( 'NONE', #3535 ) ;
#3930 = CARTESIAN_POINT ( 'NONE',  ( -0.01728390250005419973, -0.01776182421324879954, 0.03533333333333329995 ) ) ;
#3931 = CARTESIAN_POINT ( 'NONE',  ( 0.01086609749994579995, -0.03676182421324890315, 0.03533333333333329995 ) ) ;
#3932 = CARTESIAN_POINT ( 'NONE',  ( 0.02499924630905669964, -0.01661175939213460281, 0.02602382026951199911 ) ) ;
#3933 = AXIS2_PLACEMENT_3D ( 'NONE', #4234, #4739, #1402 ) ;
#3934 = AXIS2_PLACEMENT_3D ( 'NONE', #13, #4531, #1646 ) ;
#3935 = DIRECTION ( 'NONE',  ( 0.000000000000000000, 0.000000000000000000, -1.000000000000000000 ) ) ;
#3936 = CARTESIAN_POINT ( 'NONE',  ( -0.05872414828122810015, 0.02562833630265499985, 0.01533333333333330127 ) ) ;
#3937 = ORIENTED_EDGE ( 'NONE', *, *, #4160, .F. ) ;
#3938 = ORIENTED_EDGE ( 'NONE', *, *, #4492, .T. ) ;
#3939 = CARTESIAN_POINT ( 'NONE',  ( -0.03484858188567621640, -0.07095673230502060058, 0.01572851226724941362 ) ) ;
#3940 = CARTESIAN_POINT ( 'NONE',  ( 0.01857469428774628784, 0.004215201638223156633, 0.02649802812408827424 ) ) ;
#3941 = CARTESIAN_POINT ( 'NONE',  ( -0.01728890371215159941, -0.1256818337813389863, -0.002000000000000000042 ) ) ;
#3942 = DIRECTION ( 'NONE',  ( 0.000000000000000000, 0.000000000000000000, 1.000000000000000000 ) ) ;
#3943 = ORIENTED_EDGE ( 'NONE', *, *, #4592, .F. ) ;
#3944 = EDGE_CURVE ( 'NONE', #5085, #799, #5194, .T. ) ;
#3945 = DIRECTION ( 'NONE',  ( 0.000000000000000000, 0.000000000000000000, 1.000000000000000000 ) ) ;
#3946 = DIRECTION ( 'NONE',  ( 0.000000000000000000, 0.000000000000000000, 1.000000000000000000 ) ) ;
#3947 = DIRECTION ( 'NONE',  ( 0.000000000000000000, 0.000000000000000000, -1.000000000000000000 ) ) ;
#3948 = EDGE_LOOP ( 'NONE', ( #4102, #1456, #5057, #448 ) ) ;
#3949 = FACE_OUTER_BOUND ( 'NONE', #1508, .T. ) ;
#3950 = FACE_OUTER_BOUND ( 'NONE', #359, .T. ) ;
#3951 = EDGE_CURVE ( 'NONE', #2779, #2690, #3040, .T. ) ;
#3952 = CARTESIAN_POINT ( 'NONE',  ( -0.02903256444973214764, -0.06469890977006551025, 0.01905124605762427079 ) ) ;
#3953 = CARTESIAN_POINT ( 'NONE',  ( 0.03296914391077439971, 0.02184493971115290117, 0.01533333333333330127 ) ) ;
#3954 = EDGE_CURVE ( 'NONE', #5267, #59, #2303, .T. ) ;
#3955 = CARTESIAN_POINT ( 'NONE',  ( -0.05260822192099329914, 0.01616728121551289782, 0.01533333333333330127 ) ) ;
#3956 = CARTESIAN_POINT ( 'NONE',  ( -0.02146807733903840013, -0.09530126511910470832, 0.01533333333333330127 ) ) ;
#3957 = DIRECTION ( 'NONE',  ( 0.000000000000000000, 0.000000000000000000, -1.000000000000000000 ) ) ;
#3958 = CARTESIAN_POINT ( 'NONE',  ( -0.03628390250005419926, -0.04133682421324889888, 0.007333333333333339268 ) ) ;
#3959 = ORIENTED_EDGE ( 'NONE', *, *, #3332, .T. ) ;
#3960 = EDGE_LOOP ( 'NONE', ( #2886, #519, #3537, #3895 ) ) ;
#3961 = LINE ( 'NONE', #3504, #922 ) ;
#3962 = CARTESIAN_POINT ( 'NONE',  ( -0.04543390250005419767, -0.03676182421324879906, 0.03533333333333329995 ) ) ;
#3963 = CARTESIAN_POINT ( 'NONE',  ( -0.02328390250005419812, 0.01608689572003640239, 0.03533333333333329995 ) ) ;
#3964 = CARTESIAN_POINT ( 'NONE',  ( -0.02413474400570506107, -0.09530126511910470832, -0.002000000000000000042 ) ) ;
#3965 = ADVANCED_FACE ( 'NONE', ( #2710 ), #4278, .F. ) ;
#3966 = ORIENTED_EDGE ( 'NONE', *, *, #2110, .T. ) ;
#3967 = DIRECTION ( 'NONE',  ( 0.000000000000000000, 0.000000000000000000, -1.000000000000000000 ) ) ;
#3968 = FACE_BOUND ( 'NONE', #1722, .T. ) ;
#3969 = CARTESIAN_POINT ( 'NONE',  ( 0.003416097499945659408, -0.04133682421324889888, -0.2722511313201919636 ) ) ;
#3970 = EDGE_CURVE ( 'NONE', #799, #1311, #649, .T. ) ;
#3971 = VERTEX_POINT ( 'NONE', #4679 ) ;
#3972 = ORIENTED_EDGE ( 'NONE', *, *, #2883, .F. ) ;
#3973 = DIRECTION ( 'NONE',  ( -1.000000000000000000, 0.000000000000000000, 0.000000000000000000 ) ) ;
#3974 = CARTESIAN_POINT ( 'NONE',  ( -0.06214234635579755917, -0.01451276806531959923, 0.02212710304538274136 ) ) ;
#3975 = CIRCLE ( 'NONE', #2001, 0.005941869605453536062 ) ;
#3976 = LINE ( 'NONE', #736, #5161 ) ;
#3977 = CARTESIAN_POINT ( 'NONE',  ( -0.06432903782478049948, -0.004132236446630469656, 0.01864343055400280100 ) ) ;
#3978 = CIRCLE ( 'NONE', #2603, 0.005941869605453536929 ) ;
#3979 = ORIENTED_EDGE ( 'NONE', *, *, #3099, .T. ) ;
#3980 = CARTESIAN_POINT ( 'NONE',  ( -0.03798390250005419938, 0.005813175786751169707, 0.003000000000000002665 ) ) ;
#3981 = FACE_BOUND ( 'NONE', #1304, .T. ) ;
#3982 = AXIS2_PLACEMENT_3D ( 'NONE', #44, #1682, #72 ) ;
#3983 = CARTESIAN_POINT ( 'NONE',  ( -0.01728390250005419973, -0.01776182421324879954, 0.01533333333333330127 ) ) ;
#3984 = EDGE_CURVE ( 'NONE', #544, #4919, #1503, .T. ) ;
#3985 = LINE ( 'NONE', #716, #911 ) ;
#3986 = EDGE_CURVE ( 'NONE', #1106, #3024, #4835, .T. ) ;
#3987 = AXIS2_PLACEMENT_3D ( 'NONE', #1889, #2634, #2205 ) ;
#3988 = AXIS2_PLACEMENT_3D ( 'NONE', #3512, #4846, #4099 ) ;
#3989 = ORIENTED_EDGE ( 'NONE', *, *, #1670, .F. ) ;
#3990 = ORIENTED_EDGE ( 'NONE', *, *, #427, .T. ) ;
#3991 = CARTESIAN_POINT ( 'NONE',  ( -0.1107428717566319998, 0.03620251174752270318, -0.002000000000000000042 ) ) ;
#3992 = CARTESIAN_POINT ( 'NONE',  ( 0.01931238980454808019, 0.002800007716536255433, 0.02666215830128424585 ) ) ;
#3993 = LINE ( 'NONE', #4406, #1157 ) ;
#3994 = AXIS2_PLACEMENT_3D ( 'NONE', #3620, #4442, #2059 ) ;
#3995 = DIRECTION ( 'NONE',  ( -1.000000000000000000, 0.000000000000000000, 0.000000000000000000 ) ) ;
#3996 = ORIENTED_EDGE ( 'NONE', *, *, #5090, .T. ) ;
#3997 = CARTESIAN_POINT ( 'NONE',  ( -0.07880859570847359441, 0.007664201570050710455, 0.01533333333333330127 ) ) ;
#3998 = CIRCLE ( 'NONE', #2620, 0.002666666666666663542 ) ;
#3999 = DIRECTION ( 'NONE',  ( -0.7753593898631647718, -0.6315202423921348895, 0.000000000000000000 ) ) ;
#4000 = CARTESIAN_POINT ( 'NONE',  ( -0.08652447629721170264, 0.01738991581246950024, 0.01533333333333330127 ) ) ;
#4001 = VECTOR ( 'NONE', #3305, 1.000000000000000000 ) ;
#4002 = VERTEX_POINT ( 'NONE', #1536 ) ;
#4003 = ORIENTED_EDGE ( 'NONE', *, *, #890, .F. ) ;
#4004 = ORIENTED_EDGE ( 'NONE', *, *, #3294, .T. ) ;
#4005 = CARTESIAN_POINT ( 'NONE',  ( -0.06335965817079967921, -0.004634017566701715760, 0.01940175229706492949 ) ) ;
#4006 = CARTESIAN_POINT ( 'NONE',  ( -0.01728890371215159941, -0.1256818337813389863, 0.01533333333333330127 ) ) ;
#4007 = DIRECTION ( 'NONE',  ( 0.000000000000000000, 0.000000000000000000, -1.000000000000000000 ) ) ;
#4008 = VERTEX_POINT ( 'NONE', #1505 ) ;
#4010 = EDGE_CURVE ( 'NONE', #3514, #3251, #4232, .T. ) ;
#4009 = DIRECTION ( 'NONE',  ( 0.000000000000000000, 0.000000000000000000, 1.000000000000000000 ) ) ;
#4011 = LINE ( 'NONE', #1945, #4346 ) ;
#4012 = CARTESIAN_POINT ( 'NONE',  ( -0.02328390250005419812, 0.01038817578675120014, 0.03533333333333329995 ) ) ;
#4013 = AXIS2_PLACEMENT_3D ( 'NONE', #539, #3813, #1778 ) ;
#4014 = VECTOR ( 'NONE', #1772, 1.000000000000000000 ) ;
#4015 = CARTESIAN_POINT ( 'NONE',  ( -0.05499004674744001342, 0.02420707736596293402, 0.01565022886407432118 ) ) ;
#4016 = ORIENTED_EDGE ( 'NONE', *, *, #2436, .F. ) ;
#4017 = ORIENTED_EDGE ( 'NONE', *, *, #1121, .T. ) ;
#4018 = CARTESIAN_POINT ( 'NONE',  ( -0.1107428717566319998, 0.03620251174752270318, -0.002000000000000000042 ) ) ;
#4019 = CARTESIAN_POINT ( 'NONE',  ( 0.01914238257909278706, 0.003064917652871697578, 0.02669793110073954978 ) ) ;
#4020 = EDGE_CURVE ( 'NONE', #1754, #788, #4763, .T. ) ;
#4021 = CYLINDRICAL_SURFACE ( 'NONE', #981, 0.04282794805387679649 ) ;
#4022 = EDGE_CURVE ( 'NONE', #4947, #3085, #1674, .T. ) ;
#4023 = CARTESIAN_POINT ( 'NONE',  ( -0.03948224093805045160, -0.05242775859942009481, 0.02860624620473533816 ) ) ;
#4024 = ORIENTED_EDGE ( 'NONE', *, *, #2724, .F. ) ;
#4025 = CARTESIAN_POINT ( 'NONE',  ( -0.02978390250005420042, 0.01038817578675120014, 0.03533333333333329995 ) ) ;
#4026 = DIRECTION ( 'NONE',  ( -1.000000000000000000, 9.479363256703868881E-17, 0.000000000000000000 ) ) ;
#4027 = DIRECTION ( 'NONE',  ( 1.000000000000000000, 0.000000000000000000, 0.000000000000000000 ) ) ;
#4028 = ORIENTED_EDGE ( 'NONE', *, *, #1086, .T. ) ;
#4029 = ORIENTED_EDGE ( 'NONE', *, *, #3876, .F. ) ;
#4030 = VERTEX_POINT ( 'NONE', #2741 ) ;
#4031 = CARTESIAN_POINT ( 'NONE',  ( -0.06322810730254967149, -0.004666901587742001110, 0.01950541960855287082 ) ) ;
#4032 = DIRECTION ( 'NONE',  ( 0.000000000000000000, 0.000000000000000000, 1.000000000000000000 ) ) ;
#4033 = CARTESIAN_POINT ( 'NONE',  ( -0.1012603149322375551, 0.02722262204431919949, 0.01533333333333330127 ) ) ;
#4034 = ORIENTED_EDGE ( 'NONE', *, *, #1002, .F. ) ;
#4035 = VERTEX_POINT ( 'NONE', #3566 ) ;
#4036 = LINE ( 'NONE', #2850, #769 ) ;
#4037 = CARTESIAN_POINT ( 'NONE',  ( -0.01868909580902789955, -0.1133198630410190005, 0.01533333333333330127 ) ) ;
#4038 = CARTESIAN_POINT ( 'NONE',  ( -0.05221977859193812493, 0.02315266887240314403, 0.01629837076117216996 ) ) ;
#4039 = ADVANCED_FACE ( 'NONE', ( #703 ), #2762, .F. ) ;
#4040 = ORIENTED_EDGE ( 'NONE', *, *, #5152, .T. ) ;
#4041 = VERTEX_POINT ( 'NONE', #3597 ) ;
#4042 = FACE_OUTER_BOUND ( 'NONE', #3481, .T. ) ;
#4043 = CARTESIAN_POINT ( 'NONE',  ( 0.02224995185193423888, 0.0002864261453533767398, 0.02409081933823960589 ) ) ;
#4044 = CYLINDRICAL_SURFACE ( 'NONE', #3035, 0.002875000000000002554 ) ;
#4045 = CARTESIAN_POINT ( 'NONE',  ( 0.001496440389003602040, -0.06340846321641178951, 0.01839749472002758998 ) ) ;
#4046 = ORIENTED_EDGE ( 'NONE', *, *, #3592, .T. ) ;
#4047 = CARTESIAN_POINT ( 'NONE',  ( -0.05659264585109808482, 0.0003980963950306888426, 0.02432521403994772347 ) ) ;
#4048 = CARTESIAN_POINT ( 'NONE',  ( -0.01728890371215159941, -0.1256818337813389863, 0.01533333333333330127 ) ) ;
#4049 = DIRECTION ( 'NONE',  ( -0.000000000000000000, 1.000000000000000000, 0.000000000000000000 ) ) ;
#4050 = EDGE_CURVE ( 'NONE', #4786, #3624, #5219, .T. ) ;
#4051 = ORIENTED_EDGE ( 'NONE', *, *, #2150, .F. ) ;
#4052 = EDGE_LOOP ( 'NONE', ( #112, #1389, #1072, #761, #1080, #4625, #1218, #3001, #3056, #4034, #2492, #2934 ) ) ;
#4053 = DIRECTION ( 'NONE',  ( 0.000000000000000000, 0.000000000000000000, -1.000000000000000000 ) ) ;
#4054 = DIRECTION ( 'NONE',  ( -0.000000000000000000, -0.000000000000000000, -1.000000000000000000 ) ) ;
#4055 = CARTESIAN_POINT ( 'NONE',  ( -0.007046647839657430024, -0.06247611084399699172, 0.02117452474277527544 ) ) ;
#4056 = VECTOR ( 'NONE', #2626, 1.000000000000000000 ) ;
#4057 = DIRECTION ( 'NONE',  ( 0.000000000000000000, 0.000000000000000000, -1.000000000000000000 ) ) ;
#4058 = CARTESIAN_POINT ( 'NONE',  ( -0.02382960294467089887, -0.08065984779537499483, 0.01533333333333330127 ) ) ;
#4059 = CIRCLE ( 'NONE', #553, 0.006666666666666669697 ) ;
#4060 = DIRECTION ( 'NONE',  ( 0.6043287601325764147, -0.7967350561363688577, 0.000000000000000000 ) ) ;
#4061 = ORIENTED_EDGE ( 'NONE', *, *, #1734, .T. ) ;
#4062 = ORIENTED_EDGE ( 'NONE', *, *, #1591, .T. ) ;
#4063 = CARTESIAN_POINT ( 'NONE',  ( -0.08139435188030690049, 0.02712374399170790207, -0.002000000000000000042 ) ) ;
#4064 = AXIS2_PLACEMENT_3D ( 'NONE', #2187, #1279, #2077 ) ;
#4065 = CARTESIAN_POINT ( 'NONE',  ( 0.02389550581678355490, -0.0002674733769071571828, 0.02239093920422163472 ) ) ;
#4066 = ADVANCED_FACE ( 'NONE', ( #3484 ), #5116, .F. ) ;
#4067 = DIRECTION ( 'NONE',  ( -0.8469815681215818737, 0.5316222561766074106, 0.000000000000000000 ) ) ;
#4068 = DIRECTION ( 'NONE',  ( 0.000000000000000000, 0.000000000000000000, -1.000000000000000000 ) ) ;
#4069 = VERTEX_POINT ( 'NONE', #1881 ) ;
#4070 = CARTESIAN_POINT ( 'NONE',  ( -0.05629907279382419943, 0.0005569712575318562639, 0.02463497939941190762 ) ) ;
#4071 = EDGE_CURVE ( 'NONE', #811, #3574, #1067, .T. ) ;
#4072 = AXIS2_PLACEMENT_3D ( 'NONE', #2844, #1585, #1610 ) ;
#4073 = LINE ( 'NONE', #2355, #2782 ) ;
#4074 = CARTESIAN_POINT ( 'NONE',  ( 0.001716097499945689860, 0.005813175786751169707, 0.007333333333333339268 ) ) ;
#4075 = B_SPLINE_CURVE_WITH_KNOTS ( 'NONE', 3,
 ( #1930, #2760, #4702, #3482, #1041, #3563, #5192, #4381, #2677, #2272, #3917, #1879, #4872, #5262, #50, #344, #4096, #1686, #4119, #4517, #805, #424, #2432, #2057, #859, #4460, #3320, #4948, #2917, #1283, #4540, #1225, #3246, #4440, #2029 ),
 .UNSPECIFIED., .F., .F.,
 ( 4, 2, 2, 2, 1, 1, 1, 2, 2, 2, 2, 2, 1, 1, 2, 2, 2, 2, 2, 4 ),
 ( 0.000000000000000000, 0.1249999999999849565, 0.1874999999999781564, 0.2187499999999744371, 0.2343749999999719391, 0.2421874999999703570, 0.2460937499999692191, 0.2480468749999690803, 0.2499999999999689693, 0.3749999999999607536, 0.4374999999999560907, 0.4687499999999534817, 0.4843749999999522604, 0.4921874999999523714, 0.4960937499999527045, 0.4999999999999530376, 0.6249999999999638067, 0.6874999999999694689, 0.7499999999999750200, 1.000000000000000000 ),
 .UNSPECIFIED. ) ;
#4076 = AXIS2_PLACEMENT_3D ( 'NONE', #3550, #3502, #4268 ) ;
#4077 = ORIENTED_EDGE ( 'NONE', *, *, #3954, .F. ) ;
#4078 = ORIENTED_EDGE ( 'NONE', *, *, #440, .T. ) ;
#4079 = CARTESIAN_POINT ( 'NONE',  ( -0.04314640250005419980, 0.001238175786751180042, 0.007333333333333339268 ) ) ;
#4080 = CARTESIAN_POINT ( 'NONE',  ( 0.01804223441131010131, 0.01616566421913150087, 0.01864343055400280100 ) ) ;
#4081 = EDGE_CURVE ( 'NONE', #1182, #2663, #2441, .T. ) ;
#4082 = DIRECTION ( 'NONE',  ( -1.000000000000000000, 0.000000000000000000, 0.000000000000000000 ) ) ;
#4083 = DIRECTION ( 'NONE',  ( 0.000000000000000000, 0.000000000000000000, -1.000000000000000000 ) ) ;
#4084 = CYLINDRICAL_SURFACE ( 'NONE', #5100, 0.03333333333333329818 ) ;
#4085 = ORIENTED_EDGE ( 'NONE', *, *, #2704, .F. ) ;
#4086 = ORIENTED_EDGE ( 'NONE', *, *, #470, .T. ) ;
#4087 = CARTESIAN_POINT ( 'NONE',  ( 0.02027817600696308828, 0.001644426316771083370, 0.02606153474640483803 ) ) ;
#4088 = CIRCLE ( 'NONE', #4424, 0.02000000000000000042 ) ;
#4089 = AXIS2_PLACEMENT_3D ( 'NONE', #4247, #3778, #588 ) ;
#4090 = CARTESIAN_POINT ( 'NONE',  ( -0.02972991888345889733, -0.1256818337813389863, 0.01533333333333330127 ) ) ;
#4091 = CARTESIAN_POINT ( 'NONE',  ( 0.001567469194032950234, -0.06296843734425563999, 0.01864168594063237219 ) ) ;
#4092 = AXIS2_PLACEMENT_3D ( 'NONE', #751, #1650, #2781 ) ;
#4093 = AXIS2_PLACEMENT_3D ( 'NONE', #4396, #1464, #3094 ) ;
#4094 = ORIENTED_EDGE ( 'NONE', *, *, #2591, .T. ) ;
#4095 = EDGE_CURVE ( 'NONE', #804, #4494, #3724, .T. ) ;
#4096 = CARTESIAN_POINT ( 'NONE',  ( -0.05089594400550041808, 0.01387923923889618563, 0.02089265484289447999 ) ) ;
#4097 = CARTESIAN_POINT ( 'NONE',  ( -0.07009560145956590660, 0.0005657599309801580791, 0.01574573911917896696 ) ) ;
#4098 = AXIS2_PLACEMENT_3D ( 'NONE', #1757, #4986, #4156 ) ;
#4099 = DIRECTION ( 'NONE',  ( -0.3343341265222758429, -0.9424546099641014640, 0.000000000000000000 ) ) ;
#4100 = EDGE_CURVE ( 'NONE', #1614, #3222, #821, .T. ) ;
#4101 = EDGE_LOOP ( 'NONE', ( #887, #3133, #4409, #2116 ) ) ;
#4102 = ORIENTED_EDGE ( 'NONE', *, *, #4910, .F. ) ;
#4103 = DIRECTION ( 'NONE',  ( 0.000000000000000000, 0.000000000000000000, -1.000000000000000000 ) ) ;
#4104 = CARTESIAN_POINT ( 'NONE',  ( 0.01781373187963654348, 0.01607872533683678620, 0.01879201506352244991 ) ) ;
#4105 = PLANE ( 'NONE',  #4999 ) ;
#4106 = ORIENTED_EDGE ( 'NONE', *, *, #5010, .T. ) ;
#4107 = PRODUCT_RELATED_PRODUCT_CATEGORY ( 'part', '', ( #944 ) ) ;
#4108 = EDGE_CURVE ( 'NONE', #2779, #5184, #3219, .T. ) ;
#4109 = CARTESIAN_POINT ( 'NONE',  ( 0.02635669894028334556, -0.004103997698457650077, 0.02132227537968302972 ) ) ;
#4110 = DIRECTION ( 'NONE',  ( 0.000000000000000000, 0.000000000000000000, 1.000000000000000000 ) ) ;
#4111 = CARTESIAN_POINT ( 'NONE',  ( -0.02382960294467089887, -0.08065984779537499483, -0.002000000000000000042 ) ) ;
#4112 = ORIENTED_EDGE ( 'NONE', *, *, #406, .F. ) ;
#4113 = VERTEX_POINT ( 'NONE', #2411 ) ;
#4114 = CARTESIAN_POINT ( 'NONE',  ( -0.01728140189400549989, -0.04407299513178389999, 0.01533333333333330127 ) ) ;
#4115 = CARTESIAN_POINT ( 'NONE',  ( 0.02282979868099243789, 4.570611563875919431E-05, 0.02348170388053497093 ) ) ;
#4116 = CARTESIAN_POINT ( 'NONE',  ( -0.09763615849037690642, 0.04043887151547410214, 0.01533333333333330127 ) ) ;
#4117 = DIRECTION ( 'NONE',  ( -1.000000000000000000, 0.000000000000000000, 0.000000000000000000 ) ) ;
#4118 = ORIENTED_EDGE ( 'NONE', *, *, #700, .T. ) ;
#4119 = CARTESIAN_POINT ( 'NONE',  ( -0.05093365524634423797, 0.01415821007429860119, 0.02068654968901230753 ) ) ;
#4120 = CARTESIAN_POINT ( 'NONE',  ( -0.06725543119061141994, -0.01034715825786390944, 0.01770201833886299314 ) ) ;
#4121 = FACE_OUTER_BOUND ( 'NONE', #2263, .T. ) ;
#4122 = DIRECTION ( 'NONE',  ( 1.000000000000000000, 0.000000000000000000, 0.000000000000000000 ) ) ;
#4123 = ADVANCED_FACE ( 'NONE', ( #4819 ), #836, .F. ) ;
#4124 = ORIENTED_EDGE ( 'NONE', *, *, #1424, .T. ) ;
#4125 = ORIENTED_EDGE ( 'NONE', *, *, #1939, .T. ) ;
#4126 = DIRECTION ( 'NONE',  ( 0.000000000000000000, 0.000000000000000000, -1.000000000000000000 ) ) ;
#4127 = CARTESIAN_POINT ( 'NONE',  ( 0.01700781330400731942, 0.01545663654049858962, 0.01952936923882941586 ) ) ;
#4128 = EDGE_CURVE ( 'NONE', #1649, #704, #1179, .T. ) ;
#4129 = CARTESIAN_POINT ( 'NONE',  ( 0.01634479464900569917, 0.01332888668992875635, 0.02125075987714810169 ) ) ;
#4130 = ORIENTED_EDGE ( 'NONE', *, *, #4555, .F. ) ;
#4131 = CARTESIAN_POINT ( 'NONE',  ( 0.02573303396468037962, -0.003360003713214581873, 0.02170074544351339313 ) ) ;
#4132 = DIRECTION ( 'NONE',  ( 0.6315202423921348895, -0.7753593898631647718, 0.000000000000000000 ) ) ;
#4133 = CARTESIAN_POINT ( 'NONE',  ( 0.01632384362391173585, 0.01367329908378140009, 0.01533333333333330127 ) ) ;
#4134 = ORIENTED_EDGE ( 'NONE', *, *, #389, .T. ) ;
#4135 = ORIENTED_EDGE ( 'NONE', *, *, #3645, .T. ) ;
#4136 = CARTESIAN_POINT ( 'NONE',  ( 0.001716097499945679885, -0.04591182421324879748, 0.03533333333333329995 ) ) ;
#4137 = CARTESIAN_POINT ( 'NONE',  ( -0.02128753111140550131, 0.01137935934509560001, 0.01533333333333330127 ) ) ;
#4138 = AXIS2_PLACEMENT_3D ( 'NONE', #328, #4740, #1076 ) ;
#4139 = DIRECTION ( 'NONE',  ( -0.3877126804389318671, 0.9217802761107760645, 0.000000000000000000 ) ) ;
#4140 = CARTESIAN_POINT ( 'NONE',  ( -0.04328514022865163208, -0.04844927286751773976, 0.03236306756743696778 ) ) ;
#4141 = ADVANCED_FACE ( 'NONE', ( #1152 ), #758, .F. ) ;
#4142 = VECTOR ( 'NONE', #4622, 1.000000000000000000 ) ;
#4143 = EDGE_LOOP ( 'NONE', ( #1601, #3943 ) ) ;
#4144 = CARTESIAN_POINT ( 'NONE',  ( -0.05265389759010272869, 0.006763631919676998602, 0.02473170804221248159 ) ) ;
#4145 = CARTESIAN_POINT ( 'NONE',  ( 0.02347232760895447481, 0.01823166423191920765, 0.01614024443766359784 ) ) ;
#4146 = DIRECTION ( 'NONE',  ( -1.000000000000000000, 0.000000000000000000, 0.000000000000000000 ) ) ;
#4147 = VECTOR ( 'NONE', #5258, 1.000000000000000000 ) ;
#4148 = CARTESIAN_POINT ( 'NONE',  ( 0.01306935579294873744, 0.02140651627095996323, 0.01827740444513603624 ) ) ;
#4149 = ORIENTED_EDGE ( 'NONE', *, *, #3645, .F. ) ;
#4150 = EDGE_LOOP ( 'NONE', ( #242, #5034, #3126, #2516, #3400 ) ) ;
#4151 = DIRECTION ( 'NONE',  ( 0.6315202423922919861, -0.7753593898630369852, 0.000000000000000000 ) ) ;
#4152 = CIRCLE ( 'NONE', #3728, 0.001649999999999998690 ) ;
#4153 = CARTESIAN_POINT ( 'NONE',  ( -0.1107428717566319998, 0.03620251174752270318, 0.01533333333333330127 ) ) ;
#4154 = DIRECTION ( 'NONE',  ( -0.6962115615928240464, 0.7178366537761089461, 0.000000000000000000 ) ) ;
#4155 = ORIENTED_EDGE ( 'NONE', *, *, #708, .T. ) ;
#4156 = DIRECTION ( 'NONE',  ( -1.000000000000000000, 0.000000000000000000, 0.000000000000000000 ) ) ;
#4157 = AXIS2_PLACEMENT_3D ( 'NONE', #4584, #2182, #3795 ) ;
#4158 = CARTESIAN_POINT ( 'NONE',  ( -0.02873610304809681368, -0.06364549440047928552, 0.01989249946493852964 ) ) ;
#4159 = DIRECTION ( 'NONE',  ( 0.000000000000000000, 0.000000000000000000, 1.000000000000000000 ) ) ;
#4160 = EDGE_CURVE ( 'NONE', #4330, #2788, #4897, .T. ) ;
#4161 = VERTEX_POINT ( 'NONE', #4923 ) ;
#4162 = ORIENTED_EDGE ( 'NONE', *, *, #207, .T. ) ;
#4163 = CARTESIAN_POINT ( 'NONE',  ( -0.05749518597257548963, -0.01953312958943977107, 0.03215128780028041894 ) ) ;
#4164 = CARTESIAN_POINT ( 'NONE',  ( -0.03798390250005419938, -0.04133682421324889888, 0.03533333333333329995 ) ) ;
#4165 = CARTESIAN_POINT ( 'NONE',  ( -0.007442257853564979847, -0.07694917109290060064, 0.01533333333333330127 ) ) ;
#4166 = CARTESIAN_POINT ( 'NONE',  ( 0.04046023399220810557, 0.008018444707213030764, 0.01533333333333330127 ) ) ;
#4167 = ORIENTED_EDGE ( 'NONE', *, *, #380, .F. ) ;
#4168 = CARTESIAN_POINT ( 'NONE',  ( -0.05265386065100630814, 0.006768362867935573228, 0.02472743170923103265 ) ) ;
#4169 = EDGE_CURVE ( 'NONE', #2980, #3273, #3296, .T. ) ;
#4170 = CARTESIAN_POINT ( 'NONE',  ( -0.04085890250005419500, 0.005813175786751299812, 0.003000000000000000062 ) ) ;
#4171 = LINE ( 'NONE', #561, #1838 ) ;
#4172 = CARTESIAN_POINT ( 'NONE',  ( -0.006750206479197614663, -0.07266188920131666507, 0.01574573911917898084 ) ) ;
#4173 = CIRCLE ( 'NONE', #5198, 0.002875000000000002554 ) ;
#4174 = PRESENTATION_LAYER_ASSIGNMENT (  '', '', ( #240 ) ) ;
#4175 = ORIENTED_EDGE ( 'NONE', *, *, #1103, .F. ) ;
#4176 = VERTEX_POINT ( 'NONE', #4413 ) ;
#4177 = CARTESIAN_POINT ( 'NONE',  ( 0.02039348414362490008, -0.01176493006790029980, -0.002000000000000000042 ) ) ;
#4178 = AXIS2_PLACEMENT_3D ( 'NONE', #2748, #4369, #4314 ) ;
#4179 = FACE_OUTER_BOUND ( 'NONE', #1326, .T. ) ;
#4180 = CYLINDRICAL_SURFACE ( 'NONE', #1241, 0.005941869605453538664 ) ;
#4181 = EDGE_LOOP ( 'NONE', ( #3718, #870, #2676, #4017 ) ) ;
#4182 = ORIENTED_EDGE ( 'NONE', *, *, #2271, .F. ) ;
#4183 = DIRECTION ( 'NONE',  ( -1.000000000000000000, 0.000000000000000000, 0.000000000000000000 ) ) ;
#4184 = FACE_OUTER_BOUND ( 'NONE', #436, .T. ) ;
#4185 = DIRECTION ( 'NONE',  ( 0.000000000000000000, 0.000000000000000000, -1.000000000000000000 ) ) ;
#4186 = EDGE_CURVE ( 'NONE', #1842, #5267, #3650, .T. ) ;
#4187 = ORIENTED_EDGE ( 'NONE', *, *, #2853, .T. ) ;
#4188 = VERTEX_POINT ( 'NONE', #347 ) ;
#4189 = CARTESIAN_POINT ( 'NONE',  ( -0.07880859570847359441, 0.007664201570050710455, -0.002000000000000000042 ) ) ;
#4190 = DIRECTION ( 'NONE',  ( 0.000000000000000000, 0.000000000000000000, -1.000000000000000000 ) ) ;
#4191 = DIRECTION ( 'NONE',  ( 0.000000000000000000, 0.000000000000000000, -1.000000000000000000 ) ) ;
#4192 = EDGE_CURVE ( 'NONE', #3769, #2451, #2530, .T. ) ;
#4193 = CARTESIAN_POINT ( 'NONE',  ( -0.04200934592971405923, -0.04978397279704522421, 0.03108218680200376324 ) ) ;
#4194 = EDGE_LOOP ( 'NONE', ( #5210, #3383 ) ) ;
#4195 = CARTESIAN_POINT ( 'NONE',  ( -0.05288260746997918565, 0.005019979161271957528, 0.02608941247567937716 ) ) ;
#4196 = VERTEX_POINT ( 'NONE', #4074 ) ;
#4197 = CARTESIAN_POINT ( 'NONE',  ( 0.004853763681934090447, 0.01828071109808199896, 0.02602487012860970131 ) ) ;
#4198 = CARTESIAN_POINT ( 'NONE',  ( -0.03628390250005419926, -0.04591182421324879748, 0.03533333333333329995 ) ) ;
#4199 = CARTESIAN_POINT ( 'NONE',  ( -0.04085890250005420193, -0.03676182421324890315, 0.03533333333333329995 ) ) ;
#4200 = VERTEX_POINT ( 'NONE', #2490 ) ;
#4201 = ORIENTED_EDGE ( 'NONE', *, *, #3827, .T. ) ;
#4202 = CARTESIAN_POINT ( 'NONE',  ( -0.02978390250005420042, 0.01038817578675120014, 0.03533333333333329995 ) ) ;
#4203 = FACE_OUTER_BOUND ( 'NONE', #2738, .T. ) ;
#4204 = ADVANCED_FACE ( 'NONE', ( #807 ), #3, .T. ) ;
#4205 = CARTESIAN_POINT ( 'NONE',  ( -0.03628390250005419926, 0.005813175786751169707, 0.03533333333333329995 ) ) ;
#4206 = EDGE_CURVE ( 'NONE', #4966, #875, #4521, .T. ) ;
#4207 = ORIENTED_EDGE ( 'NONE', *, *, #4812, .T. ) ;
#4208 = ORIENTED_EDGE ( 'NONE', *, *, #1820, .F. ) ;
#4209 = CARTESIAN_POINT ( 'NONE',  ( 0.02634744584842522649, -0.004096168136445612479, 0.02132879850293045720 ) ) ;
#4210 = DIRECTION ( 'NONE',  ( 1.000000000000000000, 0.000000000000000000, 0.000000000000000000 ) ) ;
#4211 = CARTESIAN_POINT ( 'NONE',  ( -0.02900521001857279957, -0.06531813491755900092, 0.01864355648677560109 ) ) ;
#4212 = VERTEX_POINT ( 'NONE', #5240 ) ;
#4213 = CARTESIAN_POINT ( 'NONE',  ( -0.04085890250005420193, -0.04133682421324889888, -0.2722511313201919636 ) ) ;
#4214 = DIRECTION ( 'NONE',  ( 0.2734755919776886146, -0.9618789427950134030, 0.000000000000000000 ) ) ;
#4215 = DIRECTION ( 'NONE',  ( 0.000000000000000000, 0.000000000000000000, 1.000000000000000000 ) ) ;
#4216 = DIRECTION ( 'NONE',  ( 0.000000000000000000, 0.000000000000000000, 1.000000000000000000 ) ) ;
#4217 = ORIENTED_EDGE ( 'NONE', *, *, #1257, .F. ) ;
#4218 = EDGE_CURVE ( 'NONE', #4416, #1580, #1677, .T. ) ;
#4219 = CARTESIAN_POINT ( 'NONE',  ( -0.05488893624669848731, 0.001604886665397921471, 0.02602335971478991761 ) ) ;
#4220 = VECTOR ( 'NONE', #4252, 1.000000000000000000 ) ;
#4221 = CARTESIAN_POINT ( 'NONE',  ( -0.06112623796455207703, -0.004270403498770837004, 0.02117452474277529625 ) ) ;
#4222 = DIRECTION ( 'NONE',  ( 1.000000000000000000, 0.000000000000000000, 0.000000000000000000 ) ) ;
#4223 = CARTESIAN_POINT ( 'NONE',  ( 0.01042421574718454917, 0.02040011377113877533, 0.01995588719638911185 ) ) ;
#4224 = AXIS2_PLACEMENT_3D ( 'NONE', #4327, #669, #4067 ) ;
#4225 = VERTEX_POINT ( 'NONE', #4875 ) ;
#4226 = ORIENTED_EDGE ( 'NONE', *, *, #793, .T. ) ;
#4227 = EDGE_CURVE ( 'NONE', #965, #2062, #1207, .T. ) ;
#4228 = DIRECTION ( 'NONE',  ( -1.000000000000000000, 0.000000000000000000, 0.000000000000000000 ) ) ;
#4229 = CIRCLE ( 'NONE', #4480, 0.01244101517130730139 ) ;
#4230 = DIRECTION ( 'NONE',  ( 0.000000000000000000, 0.000000000000000000, 1.000000000000000000 ) ) ;
#4231 = DIRECTION ( 'NONE',  ( -0.000000000000000000, -0.000000000000000000, -1.000000000000000000 ) ) ;
#4232 = CIRCLE ( 'NONE', #3217, 0.04282794805387680342 ) ;
#4233 = EDGE_LOOP ( 'NONE', ( #876, #5026, #2841, #4674, #4634, #2713, #1124, #4527, #2151, #732 ) ) ;
#4234 = CARTESIAN_POINT ( 'NONE',  ( -0.04085890250005419500, 0.005813175786751299812, 0.003000000000000000062 ) ) ;
#4235 = EDGE_CURVE ( 'NONE', #4240, #2895, #5179, .T. ) ;
#4236 = CARTESIAN_POINT ( 'NONE',  ( -0.02723274525979297103, -0.06236916162536384339, 0.02134696142423628956 ) ) ;
#4237 = AXIS2_PLACEMENT_3D ( 'NONE', #722, #1063, #1927 ) ;
#4238 = CARTESIAN_POINT ( 'NONE',  ( 0.03269653718968949102, -0.01034241505162183765, 0.01771714610280255772 ) ) ;
#4239 = AXIS2_PLACEMENT_3D ( 'NONE', #2213, #5077, #2449 ) ;
#4240 = VERTEX_POINT ( 'NONE', #3781 ) ;
#4241 = DIRECTION ( 'NONE',  ( -0.7752800883440450486, 0.6316175936571509775, 0.000000000000000000 ) ) ;
#4242 = LINE ( 'NONE', #927, #2207 ) ;
#4243 = FACE_OUTER_BOUND ( 'NONE', #572, .T. ) ;
#4244 = CARTESIAN_POINT ( 'NONE',  ( 0.005624433295346659319, -0.05055219095540590402, 0.01533333333333330127 ) ) ;
#4245 = ORIENTED_EDGE ( 'NONE', *, *, #3310, .F. ) ;
#4246 = CARTESIAN_POINT ( 'NONE',  ( -0.05426161432238447990, 0.002284553160796445534, 0.02648891454267535833 ) ) ;
#4247 = CARTESIAN_POINT ( 'NONE',  ( -0.01728267001770939990, -0.1256926308568330208, 0.01533333333333330127 ) ) ;
#4248 = LINE ( 'NONE', #1823, #3118 ) ;
#4249 = LINE ( 'NONE', #3352, #2615 ) ;
#4250 = EDGE_LOOP ( 'NONE', ( #478, #2727, #1350, #3611 ) ) ;
#4251 = CARTESIAN_POINT ( 'NONE',  ( -0.05260822192099329914, 0.01616728121551289782, 0.01864355648677560109 ) ) ;
#4252 = DIRECTION ( 'NONE',  ( 0.000000000000000000, 0.000000000000000000, -1.000000000000000000 ) ) ;
#4253 = CIRCLE ( 'NONE', #4013, 0.002874999999999999951 ) ;
#4254 = AXIS2_PLACEMENT_3D ( 'NONE', #5122, #5096, #4260 ) ;
#4255 = CARTESIAN_POINT ( 'NONE',  ( -0.02183148374137639999, -0.09265947653977969767, -0.002000000000000000042 ) ) ;
#4256 = EDGE_CURVE ( 'NONE', #5183, #5267, #4249, .T. ) ;
#4257 = ORIENTED_EDGE ( 'NONE', *, *, #3016, .F. ) ;
#4258 = AXIS2_PLACEMENT_3D ( 'NONE', #1863, #3119, #1485 ) ;
#4259 = AXIS2_PLACEMENT_3D ( 'NONE', #3956, #4316, #1113 ) ;
#4260 = DIRECTION ( 'NONE',  ( -1.000000000000000000, 0.000000000000000000, 0.000000000000000000 ) ) ;
#4261 = CARTESIAN_POINT ( 'NONE',  ( -0.01728390250005419973, -0.01776182421324879954, 0.01533333333333330127 ) ) ;
#4262 = CIRCLE ( 'NONE', #1451, 0.02000000000000000042 ) ;
#4263 = CARTESIAN_POINT ( 'NONE',  ( 0.03234277012974182131, -0.01063055376815692267, 0.01793348927419040686 ) ) ;
#4264 = ORIENTED_EDGE ( 'NONE', *, *, #1734, .F. ) ;
#4265 = DIRECTION ( 'NONE',  ( 0.000000000000000000, 0.000000000000000000, -1.000000000000000000 ) ) ;
#4266 = CARTESIAN_POINT ( 'NONE',  ( 0.02273061589948112415, -0.02015189805995488623, 0.03334443748236378541 ) ) ;
#4267 = CARTESIAN_POINT ( 'NONE',  ( 0.002483073983764379992, 0.02451162393645790055, -0.002000000000000000042 ) ) ;
#4268 = DIRECTION ( 'NONE',  ( -0.7091907686230739527, 0.7050166336334294792, 0.000000000000000000 ) ) ;
#4269 = ORIENTED_EDGE ( 'NONE', *, *, #4492, .F. ) ;
#4270 = FACE_OUTER_BOUND ( 'NONE', #4955, .T. ) ;
#4271 = EDGE_CURVE ( 'NONE', #40, #673, #1341, .T. ) ;
#4272 = CARTESIAN_POINT ( 'NONE',  ( -0.0003407797996382779947, 0.01847255991507119888, 0.03533333333333329995 ) ) ;
#4273 = CARTESIAN_POINT ( 'NONE',  ( -0.1107428717566319998, 0.03620251174752270318, 0.01533333333333330127 ) ) ;
#4274 = CARTESIAN_POINT ( 'NONE',  ( 0.003854578230560726758, -0.05238136103541295163, 0.03062179160469422415 ) ) ;
#4275 = ORIENTED_EDGE ( 'NONE', *, *, #2787, .T. ) ;
#4276 = CARTESIAN_POINT ( 'NONE',  ( -0.1087828717566319964, 0.03620251174752270318, -0.002000000000000000042 ) ) ;
#4277 = CARTESIAN_POINT ( 'NONE',  ( 0.01808977728037820462, 0.006985743167631513692, 0.02452588100116222247 ) ) ;
#4278 = PLANE ( 'NONE',  #1593 ) ;
#4279 = ORIENTED_EDGE ( 'NONE', *, *, #1477, .F. ) ;
#4280 = VERTEX_POINT ( 'NONE', #2514 ) ;
#4281 = ORIENTED_EDGE ( 'NONE', *, *, #1180, .F. ) ;
#4282 = ORIENTED_EDGE ( 'NONE', *, *, #3000, .T. ) ;
#4284 = ADVANCED_FACE ( 'NONE', ( #2593 ), #3404, .F. ) ;
#4283 = DIRECTION ( 'NONE',  ( 0.000000000000000000, 0.000000000000000000, -1.000000000000000000 ) ) ;
#4285 = CARTESIAN_POINT ( 'NONE',  ( -0.02884630070895927850, -0.06389354414444689545, 0.01967406630260500056 ) ) ;
#4286 = CARTESIAN_POINT ( 'NONE',  ( -0.005523215212540062528, -0.06494012643544004593, 0.01888394231136647852 ) ) ;
#4287 = ORIENTED_EDGE ( 'NONE', *, *, #3016, .T. ) ;
#4288 = FACE_OUTER_BOUND ( 'NONE', #5048, .T. ) ;
#4289 = LINE ( 'NONE', #632, #3412 ) ;
#4290 = DIRECTION ( 'NONE',  ( -0.03690759500534857712, -0.9993186826187736571, 0.000000000000000000 ) ) ;
#4291 = FACE_OUTER_BOUND ( 'NONE', #2250, .T. ) ;
#4292 = ORIENTED_EDGE ( 'NONE', *, *, #2179, .T. ) ;
#4293 = DIRECTION ( 'NONE',  ( 1.000000000000000000, -3.791745302681550511E-16, 0.000000000000000000 ) ) ;
#4294 = CARTESIAN_POINT ( 'NONE',  ( 0.01824176646914727612, 0.005316341455424570921, 0.02590091375328461634 ) ) ;
#4295 = EDGE_CURVE ( 'NONE', #2062, #5183, #202, .T. ) ;
#4296 = CARTESIAN_POINT ( 'NONE',  ( -0.04085890250005420193, -0.04133682421324889888, -0.002000000000000000042 ) ) ;
#4297 = CARTESIAN_POINT ( 'NONE',  ( 0.01223296710539921971, 0.005813175786751300679, 0.003000000000000000062 ) ) ;
#4298 = B_SPLINE_CURVE_WITH_KNOTS ( 'NONE', 3,
 ( #2956, #3705, #4131, #3386, #3821, #3735, #2126, #3766, #3417, #3338, #4209, #4109, #1379, #3008, #3793, #5015, #34, #949, #546, #64, #1731, #437, #4631, #4529, #872, #2476, #2069, #1671, #2499, #1704, #4962, #1294, #2929, #3360, #4552 ),
 .UNSPECIFIED., .F., .F.,
 ( 4, 2, 2, 2, 1, 1, 1, 2, 2, 2, 2, 2, 1, 1, 2, 2, 2, 2, 2, 4 ),
 ( 0.000000000000000000, 0.1250000000000802414, 0.1875000000001200429, 0.2187500000001393885, 0.2343750000001485756, 0.2421875000001530998, 0.2460937500001549039, 0.2480468750001561251, 0.2500000000001573186, 0.3750000000001593170, 0.4375000000001603162, 0.4687500000001608158, 0.4843750000001614819, 0.4921875000001617595, 0.4960937500001614264, 0.5000000000001610934, 0.6250000000001202372, 0.6875000000000998090, 0.7500000000000793809, 1.000000000000000000 ),
 .UNSPECIFIED. ) ;
#4299 = AXIS2_PLACEMENT_3D ( 'NONE', #5200, #3173, #1430 ) ;
#4300 = ORIENTED_EDGE ( 'NONE', *, *, #4192, .F. ) ;
#4301 = CARTESIAN_POINT ( 'NONE',  ( 0.002861015605361910078, -0.05495487316301580355, 0.01533333333333330127 ) ) ;
#4302 = CARTESIAN_POINT ( 'NONE',  ( -0.03628390250005419926, 0.01038817578675120014, 0.007333333333333339268 ) ) ;
#4303 = AXIS2_PLACEMENT_3D ( 'NONE', #589, #1498, #2320 ) ;
#4304 = CARTESIAN_POINT ( 'NONE',  ( 0.02529470968528689870, 0.006818318168941709875, -0.002000000000000000042 ) ) ;
#4305 = VERTEX_POINT ( 'NONE', #4623 ) ;
#4306 = ORIENTED_EDGE ( 'NONE', *, *, #4414, .T. ) ;
#4307 = VERTEX_POINT ( 'NONE', #482 ) ;
#4308 = VECTOR ( 'NONE', #1234, 1.000000000000000000 ) ;
#4309 = DIRECTION ( 'NONE',  ( 0.000000000000000000, 0.000000000000000000, 1.000000000000000000 ) ) ;
#4310 = LINE ( 'NONE', #4390, #748 ) ;
#4311 = VECTOR ( 'NONE', #1554, 1.000000000000000000 ) ;
#4312 = CARTESIAN_POINT ( 'NONE',  ( -0.006245236841653663794, -0.06307740771721159767, 0.02044935308241454738 ) ) ;
#4313 = EDGE_CURVE ( 'NONE', #812, #4608, #536, .T. ) ;
#4314 = DIRECTION ( 'NONE',  ( 0.1212201958154782294, -0.9926256414814484952, 0.000000000000000000 ) ) ;
#4315 = AXIS2_PLACEMENT_3D ( 'NONE', #891, #3869, #4154 ) ;
#4316 = DIRECTION ( 'NONE',  ( 0.000000000000000000, 0.000000000000000000, 1.000000000000000000 ) ) ;
#4317 = CARTESIAN_POINT ( 'NONE',  ( 0.02391459965596462109, -0.01772335197266940859, 0.02850441216256865279 ) ) ;
#4318 = CARTESIAN_POINT ( 'NONE',  ( -0.01728390250005419973, -0.01776182421324879954, 0.03533333333333329995 ) ) ;
#4319 = DIRECTION ( 'NONE',  ( 0.000000000000000000, 0.000000000000000000, -1.000000000000000000 ) ) ;
#4320 = EDGE_CURVE ( 'NONE', #2639, #621, #2114, .T. ) ;
#4321 = VECTOR ( 'NONE', #5265, 1.000000000000000000 ) ;
#4322 = ORIENTED_EDGE ( 'NONE', *, *, #3986, .F. ) ;
#4323 = VERTEX_POINT ( 'NONE', #1308 ) ;
#4324 = CARTESIAN_POINT ( 'NONE',  ( -0.03414076089052460461, -0.07534521005676819705, 0.01533333333333330127 ) ) ;
#4325 = CARTESIAN_POINT ( 'NONE',  ( 0.01808814190520603021, 0.006818306849575492962, 0.02467926933557716695 ) ) ;
#4326 = VECTOR ( 'NONE', #1303, 1.000000000000000000 ) ;
#4327 = CARTESIAN_POINT ( 'NONE',  ( 0.009442489261246821142, -0.05601725207909869636, -0.002000000000000000042 ) ) ;
#4328 = CARTESIAN_POINT ( 'NONE',  ( -0.03491703289460065807, 0.005813175786751300679, 0.003000000000000000062 ) ) ;
#4329 = EDGE_CURVE ( 'NONE', #3532, #514, #2832, .T. ) ;
#4330 = VERTEX_POINT ( 'NONE', #4199 ) ;
#4331 = EDGE_CURVE ( 'NONE', #2146, #1309, #1851, .T. ) ;
#4332 = CARTESIAN_POINT ( 'NONE',  ( -0.03422626339067039863, 0.01847291612599080007, 0.02199999999999999872 ) ) ;
#4333 = CARTESIAN_POINT ( 'NONE',  ( 0.01809896449790305423, 0.007228138949699283028, 0.02429929821794088451 ) ) ;
#4334 = DIRECTION ( 'NONE',  ( 0.000000000000000000, 0.000000000000000000, -1.000000000000000000 ) ) ;
#4335 = VERTEX_POINT ( 'NONE', #1691 ) ;
#4336 = EDGE_LOOP ( 'NONE', ( #2330, #1310, #4684, #3959 ) ) ;
#4337 = PLANE ( 'NONE',  #1965 ) ;
#4338 = AXIS2_PLACEMENT_3D ( 'NONE', #318, #5138, #643 ) ;
#4339 = LINE ( 'NONE', #3113, #2811 ) ;
#4340 = CARTESIAN_POINT ( 'NONE',  ( 0.02256748357856819959, -0.02120667945151110192, 0.01533333333333330127 ) ) ;
#4341 = CARTESIAN_POINT ( 'NONE',  ( -0.1002779618486569907, 0.02515520847540169899, 0.01533333333333330127 ) ) ;
#4342 = VECTOR ( 'NONE', #1037, 1.000000000000000000 ) ;
#4343 = DIRECTION ( 'NONE',  ( 0.000000000000000000, 0.000000000000000000, 1.000000000000000000 ) ) ;
#4344 = DIRECTION ( 'NONE',  ( 1.000000000000000000, 0.000000000000000000, 0.000000000000000000 ) ) ;
#4345 = VECTOR ( 'NONE', #1860, 1.000000000000000000 ) ;
#4346 = VECTOR ( 'NONE', #4714, 1.000000000000000000 ) ;
#4347 = CARTESIAN_POINT ( 'NONE',  ( -0.03723438598233699826, -0.05621486629137169289, 0.02429870141791185684 ) ) ;
#4348 = EDGE_CURVE ( 'NONE', #1029, #4176, #1775, .T. ) ;
#4349 = CARTESIAN_POINT ( 'NONE',  ( 0.04438394840026770038, 0.02618795655504300296, 0.01533333333333330127 ) ) ;
#4350 = ORIENTED_EDGE ( 'NONE', *, *, #1726, .T. ) ;
#4351 = ORIENTED_EDGE ( 'NONE', *, *, #3391, .F. ) ;
#4352 = CARTESIAN_POINT ( 'NONE',  ( -0.03533493187606374236, -0.06794137089726674794, 0.01645206555715970215 ) ) ;
#4353 = DIRECTION ( 'NONE',  ( -0.7752800883440450486, 0.6316175936571509775, 0.000000000000000000 ) ) ;
#4354 = ADVANCED_FACE ( 'NONE', ( #2999 ), #2349, .F. ) ;
#4355 = CARTESIAN_POINT ( 'NONE',  ( -0.03422626339067039863, 0.01847291612599069946, 0.01533333333333330127 ) ) ;
#4356 = LINE ( 'NONE', #3561, #995 ) ;
#4357 = ORIENTED_EDGE ( 'NONE', *, *, #2769, .F. ) ;
#4358 = DIRECTION ( 'NONE',  ( -1.000000000000000000, 0.000000000000000000, 0.000000000000000000 ) ) ;
#4359 = CARTESIAN_POINT ( 'NONE',  ( 0.01845687915974943832, 0.009097548588041515227, 0.02244346607623777523 ) ) ;
#4360 = CARTESIAN_POINT ( 'NONE',  ( -0.09859364826557089068, 0.02722262204431919949, -0.002000000000000000042 ) ) ;
#4361 = VERTEX_POINT ( 'NONE', #3964 ) ;
#4362 = VERTEX_POINT ( 'NONE', #3453 ) ;
#4363 = ORIENTED_EDGE ( 'NONE', *, *, #3492, .T. ) ;
#4364 = ADVANCED_FACE ( 'NONE', ( #4379 ), #4757, .F. ) ;
#4365 = DIRECTION ( 'NONE',  ( -1.000000000000000000, 9.479363256703868881E-17, 0.000000000000000000 ) ) ;
#4366 = DIRECTION ( 'NONE',  ( 0.9346369257563119648, 0.3556034547256120004, 0.000000000000000000 ) ) ;
#4367 = EDGE_CURVE ( 'NONE', #1265, #543, #2873, .T. ) ;
#4368 = CARTESIAN_POINT ( 'NONE',  ( -0.01528624627958579882, -0.1133200389504170069, 0.01533333333333330127 ) ) ;
#4369 = DIRECTION ( 'NONE',  ( 0.000000000000000000, 0.000000000000000000, 1.000000000000000000 ) ) ;
#4370 = ORIENTED_EDGE ( 'NONE', *, *, #1612, .F. ) ;
#4371 = CARTESIAN_POINT ( 'NONE',  ( -0.05522392207278330190, 0.01716285864767479880, 0.01533333333333330127 ) ) ;
#4372 = FACE_OUTER_BOUND ( 'NONE', #1694, .T. ) ;
#4373 = CARTESIAN_POINT ( 'NONE',  ( -0.04869951916000628267, 0.02181280166958702443, 0.01771714610278581417 ) ) ;
#4374 = ORIENTED_EDGE ( 'NONE', *, *, #993, .T. ) ;
#4375 = EDGE_LOOP ( 'NONE', ( #2628, #1632, #3170, #1010 ) ) ;
#4376 = DIRECTION ( 'NONE',  ( -0.000000000000000000, -0.000000000000000000, -1.000000000000000000 ) ) ;
#4377 = CARTESIAN_POINT ( 'NONE',  ( 0.01925697922986699742, 0.002883542883634929339, 0.02667732211073549006 ) ) ;
#4378 = FACE_OUTER_BOUND ( 'NONE', #2915, .T. ) ;
#4379 = FACE_OUTER_BOUND ( 'NONE', #2072, .T. ) ;
#4380 = VERTEX_POINT ( 'NONE', #1902 ) ;
#4381 = CARTESIAN_POINT ( 'NONE',  ( -0.05096147524915690258, 0.01306155585019617114, 0.02139712370690560750 ) ) ;
#4382 = CARTESIAN_POINT ( 'NONE',  ( 0.01841351003227245653, 0.008964736640881456470, 0.02257980589180906550 ) ) ;
#4383 = DIRECTION ( 'NONE',  ( 0.000000000000000000, 0.000000000000000000, -1.000000000000000000 ) ) ;
#4384 = EDGE_CURVE ( 'NONE', #1709, #1311, #5160, .T. ) ;
#4385 = ORIENTED_EDGE ( 'NONE', *, *, #1986, .F. ) ;
#4386 = ORIENTED_EDGE ( 'NONE', *, *, #576, .F. ) ;
#4387 = CARTESIAN_POINT ( 'NONE',  ( -0.01728390250005419973, -0.01776182421324879954, 0.01533333333333330127 ) ) ;
#4388 = CARTESIAN_POINT ( 'NONE',  ( 0.07618006796862089591, 0.03619384939407049862, 0.01533333333333330127 ) ) ;
#4389 = AXIS2_PLACEMENT_3D ( 'NONE', #2415, #1991, #4879 ) ;
#4390 = CARTESIAN_POINT ( 'NONE',  ( 0.0003492278944921241648, -0.04133682421324889888, 0.003000000000000000062 ) ) ;
#4391 = DIRECTION ( 'NONE',  ( 0.000000000000000000, 0.000000000000000000, -1.000000000000000000 ) ) ;
#4392 = AXIS2_PLACEMENT_3D ( 'NONE', #1609, #1984, #3247 ) ;
#4393 = EDGE_CURVE ( 'NONE', #3839, #1156, #5136, .T. ) ;
#4394 = EDGE_CURVE ( 'NONE', #32, #1970, #263, .T. ) ;
#4395 = FACE_OUTER_BOUND ( 'NONE', #3359, .T. ) ;
#4396 = CARTESIAN_POINT ( 'NONE',  ( -0.01728390250005419973, -0.01776182421324879954, 0.01533333333333330127 ) ) ;
#4397 = AXIS2_PLACEMENT_3D ( 'NONE', #433, #278, #3303 ) ;
#4398 = FACE_OUTER_BOUND ( 'NONE', #2094, .T. ) ;
#4399 = CARTESIAN_POINT ( 'NONE',  ( -0.01728390250005419973, -0.01776182421324879954, -0.002000000000000000042 ) ) ;
#4400 = AXIS2_PLACEMENT_3D ( 'NONE', #4772, #4007, #2771 ) ;
#4401 = CIRCLE ( 'NONE', #2958, 0.005941869605453536062 ) ;
#4402 = VERTEX_POINT ( 'NONE', #205 ) ;
#4403 = EDGE_LOOP ( 'NONE', ( #3365, #2657, #454, #2277, #1412, #1273, #578, #2550, #4501, #4078, #1803, #2537, #3272, #1373, #5168, #4016, #1073, #216, #532, #2594 ) ) ;
#4404 = CARTESIAN_POINT ( 'NONE',  ( -0.09933699500623609235, 0.03123412830343540170, 0.01533333333333330127 ) ) ;
#4405 = CARTESIAN_POINT ( 'NONE',  ( 0.01809976408270000739, 0.006358548114551670558, 0.02508813672828204624 ) ) ;
#4406 = CARTESIAN_POINT ( 'NONE',  ( -0.08820878988029740020, 0.01532250224355210036, 0.01533333333333330127 ) ) ;
#4407 = VECTOR ( 'NONE', #3022, 1.000000000000000000 ) ;
#4408 = CARTESIAN_POINT ( 'NONE',  ( -0.02410072013871939964, -0.09572588612706230127, 0.01533333333333330127 ) ) ;
#4409 = ORIENTED_EDGE ( 'NONE', *, *, #470, .F. ) ;
#4410 = CARTESIAN_POINT ( 'NONE',  ( 0.001716097499945689860, 0.008100675786751171045, 0.007333333333333339268 ) ) ;
#4411 = VECTOR ( 'NONE', #1004, 1.000000000000000000 ) ;
#4412 = CARTESIAN_POINT ( 'NONE',  ( -0.06432903782478049948, -0.004132236446630469656, 0.01864343055400280100 ) ) ;
#4413 = CARTESIAN_POINT ( 'NONE',  ( -0.01295411338917150032, -0.1110953043166569981, -0.002000000000000000042 ) ) ;
#4414 = EDGE_CURVE ( 'NONE', #3840, #811, #3473, .T. ) ;
#4415 = ORIENTED_EDGE ( 'NONE', *, *, #2000, .F. ) ;
#4416 = VERTEX_POINT ( 'NONE', #4297 ) ;
#4417 = ORIENTED_EDGE ( 'NONE', *, *, #4847, .F. ) ;
#4418 = CARTESIAN_POINT ( 'NONE',  ( 0.02358786647302662035, 0.01827562356852030154, 0.01610659418179393246 ) ) ;
#4419 = DIRECTION ( 'NONE',  ( 0.000000000000000000, 0.000000000000000000, 1.000000000000000000 ) ) ;
#4420 = EDGE_CURVE ( 'NONE', #4041, #5243, #219, .T. ) ;
#4421 = CARTESIAN_POINT ( 'NONE',  ( 0.02415898516255229889, 0.02562581299119669892, 0.01533333333333330127 ) ) ;
#4422 = DIRECTION ( 'NONE',  ( 0.000000000000000000, 0.000000000000000000, -1.000000000000000000 ) ) ;
#4423 = DIRECTION ( 'NONE',  ( -0.8038302040102466295, 0.5948588094000504256, 0.000000000000000000 ) ) ;
#4424 = AXIS2_PLACEMENT_3D ( 'NONE', #3165, #2706, #3106 ) ;
#4425 = CIRCLE ( 'NONE', #1617, 0.03333333333333329818 ) ;
#4426 = CARTESIAN_POINT ( 'NONE',  ( 0.003416097499945669816, 0.005813175786751299812, -0.2722511313201919636 ) ) ;
#4427 = EDGE_CURVE ( 'NONE', #3971, #3509, #4356, .T. ) ;
#4428 = ORIENTED_EDGE ( 'NONE', *, *, #3658, .F. ) ;
#4429 = ORIENTED_EDGE ( 'NONE', *, *, #3907, .T. ) ;
#4430 = CIRCLE ( 'NONE', #3415, 0.03333333333333331899 ) ;
#4431 = CARTESIAN_POINT ( 'NONE',  ( -0.05707505730756663731, 0.01786743040922369671, 0.01644609392218498306 ) ) ;
#4432 = VECTOR ( 'NONE', #1486, 1.000000000000000000 ) ;
#4433 = ADVANCED_FACE ( 'NONE', ( #698 ), #4700, .F. ) ;
#4434 = DIRECTION ( 'NONE',  ( -0.9872410498803707579, -0.1592328779841129804, 0.000000000000000000 ) ) ;
#4435 = LINE ( 'NONE', #1145, #2008 ) ;
#4436 = CARTESIAN_POINT ( 'NONE',  ( 0.002255041125047348508, -0.05870890575718095555, 0.02169603562931693777 ) ) ;
#4437 = EDGE_CURVE ( 'NONE', #749, #4961, #3791, .T. ) ;
#4438 = AXIS2_PLACEMENT_3D ( 'NONE', #1826, #3457, #4675 ) ;
#4439 = ORIENTED_EDGE ( 'NONE', *, *, #1939, .F. ) ;
#4440 = CARTESIAN_POINT ( 'NONE',  ( -0.05219681338876835247, 0.01601069252938162532, 0.01891110428658129491 ) ) ;
#4441 = LINE ( 'NONE', #4922, #206 ) ;
#4442 = DIRECTION ( 'NONE',  ( 0.000000000000000000, 0.000000000000000000, -1.000000000000000000 ) ) ;
#4443 = ORIENTED_EDGE ( 'NONE', *, *, #1388, .F. ) ;
#4444 = ORIENTED_EDGE ( 'NONE', *, *, #3920, .F. ) ;
#4445 = CYLINDRICAL_SURFACE ( 'NONE', #4687, 0.002874999999999999951 ) ;
#4446 = CARTESIAN_POINT ( 'NONE',  ( 0.009166097499945659310, -0.04133682421324889888, -0.2722511313201919636 ) ) ;
#4447 = DIRECTION ( 'NONE',  ( 0.000000000000000000, 0.000000000000000000, -1.000000000000000000 ) ) ;
#4448 = VERTEX_POINT ( 'NONE', #4328 ) ;
#4449 = EDGE_CURVE ( 'NONE', #1029, #2451, #1166, .T. ) ;
#4450 = LINE ( 'NONE', #333, #848 ) ;
#4451 = CARTESIAN_POINT ( 'NONE',  ( -0.1245172202612743056, 0.03620251174752270318, -0.002000000000000000042 ) ) ;
#4452 = CARTESIAN_POINT ( 'NONE',  ( 0.003416097499945669816, 0.005813175786751299812, 0.03533333333333329995 ) ) ;
#4453 = EDGE_LOOP ( 'NONE', ( #1669, #39, #760, #4217 ) ) ;
#4454 = EDGE_LOOP ( 'NONE', ( #2728, #2955, #125, #27 ) ) ;
#4455 = CARTESIAN_POINT ( 'NONE',  ( -0.1107428717566319998, 0.03620251174752270318, 0.01533333333333330127 ) ) ;
#4456 = CARTESIAN_POINT ( 'NONE',  ( 0.02112852383196240844, 0.0009375553841271609245, 0.02526185648530082650 ) ) ;
#4457 = CARTESIAN_POINT ( 'NONE',  ( -0.008109961985243370128, -0.08108562098478590274, -0.002000000000000000042 ) ) ;
#4458 = CARTESIAN_POINT ( 'NONE',  ( 0.002861015605361910078, -0.05495487316301580355, 0.02602487012860960069 ) ) ;
#4459 = ORIENTED_EDGE ( 'NONE', *, *, #4128, .F. ) ;
#4460 = CARTESIAN_POINT ( 'NONE',  ( -0.05100417408285906617, 0.01444652420574030899, 0.02045835719411998044 ) ) ;
#4461 = EDGE_CURVE ( 'NONE', #4961, #2505, #4930, .T. ) ;
#4462 = CARTESIAN_POINT ( 'NONE',  ( 0.02457312306754949952, -0.0003520418553753599925, -0.002000000000000000042 ) ) ;
#4463 = CARTESIAN_POINT ( 'NONE',  ( 0.004853763681934090447, 0.01828071109808199896, 0.01533333333333330127 ) ) ;
#4464 = ORIENTED_EDGE ( 'NONE', *, *, #4812, .F. ) ;
#4465 = VERTEX_POINT ( 'NONE', #4842 ) ;
#4466 = DIRECTION ( 'NONE',  ( 0.000000000000000000, 0.000000000000000000, -1.000000000000000000 ) ) ;
#4467 = B_SPLINE_CURVE_WITH_KNOTS ( 'NONE', 3,
 ( #2919, #4542, #3403, #5030, #481, #4976, #1307, #1371, #640, #3530, #3021 ),
 .UNSPECIFIED., .F., .F.,
 ( 4, 1, 1, 1, 2, 2, 4 ),
 ( 0.000000000000000000, 0.2500000000000044964, 0.3750000000000062172, 0.4375000000000064948, 0.4687500000000066058, 0.5000000000000066613, 1.000000000000000000 ),
 .UNSPECIFIED. ) ;
#4468 = CARTESIAN_POINT ( 'NONE',  ( 0.01637593309683717246, 0.01421470860596128760, 0.02064823986121273186 ) ) ;
#4469 = CARTESIAN_POINT ( 'NONE',  ( 0.02529470968528689870, 0.006818318168941709875, 0.01533333333333330127 ) ) ;
#4470 = ORIENTED_EDGE ( 'NONE', *, *, #4861, .T. ) ;
#4471 = VECTOR ( 'NONE', #2091, 1.000000000000000000 ) ;
#4472 = CARTESIAN_POINT ( 'NONE',  ( 0.04430561755881300134, 0.007711194794839349928, -0.002000000000000000042 ) ) ;
#4473 = CARTESIAN_POINT ( 'NONE',  ( -0.01728267001770939990, -0.1256926308568330208, -0.002000000000000000042 ) ) ;
#4474 = VECTOR ( 'NONE', #4699, 1.000000000000000000 ) ;
#4475 = CARTESIAN_POINT ( 'NONE',  ( -0.04577979762175304196, 0.02070150882140210299, 0.01938994647053082429 ) ) ;
#4476 = EDGE_CURVE ( 'NONE', #4545, #4707, #2018, .T. ) ;
#4477 = ORIENTED_EDGE ( 'NONE', *, *, #3779, .T. ) ;
#4478 = ORIENTED_EDGE ( 'NONE', *, *, #4235, .T. ) ;
#4479 = DIRECTION ( 'NONE',  ( -0.9953885605711874085, -0.09592504096438776717, 0.000000000000000000 ) ) ;
#4480 = AXIS2_PLACEMENT_3D ( 'NONE', #1222, #4890, #2455 ) ;
#4481 = FACE_OUTER_BOUND ( 'NONE', #4181, .T. ) ;
#4482 = CARTESIAN_POINT ( 'NONE',  ( 0.07618006796862089591, 0.03619384939407049862, 0.01533333333333330127 ) ) ;
#4483 = EDGE_CURVE ( 'NONE', #3870, #3527, #1934, .T. ) ;
#4484 = CYLINDRICAL_SURFACE ( 'NONE', #2702, 0.006666666666666959395 ) ;
#4485 = VECTOR ( 'NONE', #4027, 1.000000000000000000 ) ;
#4486 = VERTEX_POINT ( 'NONE', #2405 ) ;
#4487 = CARTESIAN_POINT ( 'NONE',  ( -0.05622935749165950542, 0.0005971964421693043510, 0.02470816172679294806 ) ) ;
#4488 = CIRCLE ( 'NONE', #2189, 0.002666666666666660506 ) ;
#4489 = CARTESIAN_POINT ( 'NONE',  ( 0.006291097499945681043, 0.005813175786751299812, 0.003000000000000000062 ) ) ;
#4490 = DIRECTION ( 'NONE',  ( -0.000000000000000000, -0.000000000000000000, 1.000000000000000000 ) ) ;
#4491 = EDGE_CURVE ( 'NONE', #4735, #2190, #3909, .T. ) ;
#4492 = EDGE_CURVE ( 'NONE', #4307, #1397, #54, .T. ) ;
#4493 = CIRCLE ( 'NONE', #3913, 0.02000000000000000042 ) ;
#4494 = VERTEX_POINT ( 'NONE', #1202 ) ;
#4495 = EDGE_LOOP ( 'NONE', ( #731, #3194, #3937, #725 ) ) ;
#4496 = CARTESIAN_POINT ( 'NONE',  ( -0.01728390250005419973, -0.01776182421324879954, -0.002000000000000000042 ) ) ;
#4497 = FACE_OUTER_BOUND ( 'NONE', #2431, .T. ) ;
#4498 = EDGE_CURVE ( 'NONE', #1088, #3284, #2429, .T. ) ;
#4499 = CARTESIAN_POINT ( 'NONE',  ( -0.03137031300143719448, -0.05065453791775299808, 0.01533333333333330127 ) ) ;
#4500 = APPLICATION_PROTOCOL_DEFINITION ( 'draft international standard', 'automotive_design', 1998, #5094 ) ;
#4501 = ORIENTED_EDGE ( 'NONE', *, *, #602, .T. ) ;
#4502 = DIRECTION ( 'NONE',  ( -0.9591807454132267319, -0.2827937368976309873, 0.000000000000000000 ) ) ;
#4503 = CARTESIAN_POINT ( 'NONE',  ( -0.01728390250005419973, -0.01776182421324879954, 0.03533333333333329995 ) ) ;
#4504 = CARTESIAN_POINT ( 'NONE',  ( 0.002861015605361910078, -0.05495487316301580355, 0.02602487012860960069 ) ) ;
#4505 = ORIENTED_EDGE ( 'NONE', *, *, #4108, .T. ) ;
#4506 = VERTEX_POINT ( 'NONE', #392 ) ;
#4507 = DIRECTION ( 'NONE',  ( 0.000000000000000000, 0.000000000000000000, -1.000000000000000000 ) ) ;
#4508 = CARTESIAN_POINT ( 'NONE',  ( 0.02194306750596571390, 0.0004376575665238868719, 0.02441399782036922025 ) ) ;
#4509 = CIRCLE ( 'NONE', #672, 0.002666666666666660940 ) ;
#4510 = AXIS2_PLACEMENT_3D ( 'NONE', #1744, #2971, #127 ) ;
#4511 = CARTESIAN_POINT ( 'NONE',  ( -0.01893267001770939859, -0.1336926308568330002, -0.002000000000000000042 ) ) ;
#4512 = CARTESIAN_POINT ( 'NONE',  ( 0.0002072190554258918180, -0.07139523339331974028, 0.01557485442521555283 ) ) ;
#4513 = VECTOR ( 'NONE', #3878, 1.000000000000000000 ) ;
#4514 = VECTOR ( 'NONE', #3147, 1.000000000000000000 ) ;
#4515 = ORIENTED_EDGE ( 'NONE', *, *, #2541, .T. ) ;
#4516 = EDGE_CURVE ( 'NONE', #942, #3623, #391, .T. ) ;
#4517 = CARTESIAN_POINT ( 'NONE',  ( -0.05094487647487602050, 0.01421588626295687725, 0.02064229830485072442 ) ) ;
#4518 = CARTESIAN_POINT ( 'NONE',  ( -0.01728390250005419973, -0.01776182421324879954, 0.03533333333333329995 ) ) ;
#4519 = CARTESIAN_POINT ( 'NONE',  ( -0.01728390250005419973, -0.01776182421324879954, 0.007333333333333339268 ) ) ;
#4520 = CIRCLE ( 'NONE', #3059, 0.001649999999999998690 ) ;
#4521 = LINE ( 'NONE', #26, #4321 ) ;
#4522 = ORIENTED_EDGE ( 'NONE', *, *, #3621, .F. ) ;
#4523 = ORIENTED_EDGE ( 'NONE', *, *, #780, .T. ) ;
#4524 = CARTESIAN_POINT ( 'NONE',  ( 0.01031953672074019911, -0.02856819389033499884, 0.01533333333333330127 ) ) ;
#4525 = DIRECTION ( 'NONE',  ( 1.000000000000000000, 0.000000000000000000, 0.000000000000000000 ) ) ;
#4526 = CARTESIAN_POINT ( 'NONE',  ( 0.01632407768631300576, 0.01363512714583867830, 0.02106086277771825749 ) ) ;
#4527 = ORIENTED_EDGE ( 'NONE', *, *, #5152, .F. ) ;
#4528 = EDGE_CURVE ( 'NONE', #4361, #3284, #2273, .T. ) ;
#4529 = CARTESIAN_POINT ( 'NONE',  ( 0.02744505818040335332, -0.004657548615584219086, 0.02047802752140875579 ) ) ;
#4530 = ADVANCED_FACE ( 'NONE', ( #1655 ), #1252, .T. ) ;
#4531 = DIRECTION ( 'NONE',  ( 0.000000000000000000, 0.000000000000000000, -1.000000000000000000 ) ) ;
#4532 = LINE ( 'NONE', #896, #2364 ) ;
#4533 = EDGE_LOOP ( 'NONE', ( #2042, #955, #1537, #95 ) ) ;
#4534 = ORIENTED_EDGE ( 'NONE', *, *, #1095, .F. ) ;
#4535 = CARTESIAN_POINT ( 'NONE',  ( -0.05807382229348761332, -0.01831044929313447103, 0.02972359362046522041 ) ) ;
#4536 = CARTESIAN_POINT ( 'NONE',  ( 0.02316548314299298958, -6.685381178806563420E-05, 0.02313472251684528871 ) ) ;
#4537 = CARTESIAN_POINT ( 'NONE',  ( -0.05713536099587099987, -0.02120584159941189817, -0.002000000000000000042 ) ) ;
#4538 = DIRECTION ( 'NONE',  ( 0.9651576991286739959, 0.2616689049402779466, 0.000000000000000000 ) ) ;
#4539 = VERTEX_POINT ( 'NONE', #3667 ) ;
#4540 = CARTESIAN_POINT ( 'NONE',  ( -0.05145908835982523216, 0.01532440895255009899, 0.01967111542211073816 ) ) ;
#4541 = CARTESIAN_POINT ( 'NONE',  ( -0.06283060656327535409, -0.004732364026059451660, 0.01981788607985928916 ) ) ;
#4542 = CARTESIAN_POINT ( 'NONE',  ( 0.03044922952155839149, -0.003574654898050523295, 0.01810463793329640872 ) ) ;
#4543 = CARTESIAN_POINT ( 'NONE',  ( 0.007959084590236160245, 0.01946219966609440133, 0.02212710304539893674 ) ) ;
#4544 = ORIENTED_EDGE ( 'NONE', *, *, #5071, .F. ) ;
#4545 = VERTEX_POINT ( 'NONE', #1631 ) ;
#4546 = CARTESIAN_POINT ( 'NONE',  ( 0.01804223441131010131, 0.01616566421913150087, -0.002000000000000000042 ) ) ;
#4547 = CARTESIAN_POINT ( 'NONE',  ( -0.01728390250005419973, -0.01776182421324879954, -0.002000000000000000042 ) ) ;
#4548 = DIRECTION ( 'NONE',  ( 1.000000000000000000, 0.000000000000000000, 0.000000000000000000 ) ) ;
#4549 = ADVANCED_FACE ( 'NONE', ( #1223 ), #4484, .F. ) ;
#4550 = DIRECTION ( 'NONE',  ( 0.000000000000000000, 0.000000000000000000, -1.000000000000000000 ) ) ;
#4551 = ORIENTED_EDGE ( 'NONE', *, *, #4271, .F. ) ;
#4552 = CARTESIAN_POINT ( 'NONE',  ( 0.02976172443940350298, -0.004134618937700480258, 0.01864355648677560109 ) ) ;
#4553 = CARTESIAN_POINT ( 'NONE',  ( -0.02834119316701750116, -0.06309458795223436833, 0.02043048543430376479 ) ) ;
#4554 = CYLINDRICAL_SURFACE ( 'NONE', #4582, 0.002666666666666660940 ) ;
#4555 = EDGE_CURVE ( 'NONE', #4305, #3840, #2763, .T. ) ;
#4556 = EDGE_CURVE ( 'NONE', #1501, #5035, #4577, .T. ) ;
#4557 = ORIENTED_EDGE ( 'NONE', *, *, #4743, .T. ) ;
#4558 = ORIENTED_EDGE ( 'NONE', *, *, #3621, .T. ) ;
#4559 = CARTESIAN_POINT ( 'NONE',  ( 0.06617438331510140659, 0.02880026209783720023, 0.01533333333333330127 ) ) ;
#4560 = CARTESIAN_POINT ( 'NONE',  ( -0.04085890250005420193, -0.04133682421324889888, 0.003000000000000002665 ) ) ;
#4561 = VECTOR ( 'NONE', #218, 1.000000000000000000 ) ;
#4562 = CARTESIAN_POINT ( 'NONE',  ( 0.07329550651410969564, 0.02272492286139949844, -0.002000000000000000042 ) ) ;
#4563 = CARTESIAN_POINT ( 'NONE',  ( -0.02778457528582746125, -0.07288604884546098783, 0.01561788373922296663 ) ) ;
#4564 = CIRCLE ( 'NONE', #4392, 0.04533333333338229743 ) ;
#4565 = ORIENTED_EDGE ( 'NONE', *, *, #2099, .T. ) ;
#4566 = CARTESIAN_POINT ( 'NONE',  ( -0.05265395644985916557, 0.006756541028223385023, 0.02473811507559910833 ) ) ;
#4567 = CARTESIAN_POINT ( 'NONE',  ( -0.06012467858938400078, -0.002936878507464080277, 0.02173594796369969842 ) ) ;
#4568 = FACE_OUTER_BOUND ( 'NONE', #1335, .T. ) ;
#4569 = CARTESIAN_POINT ( 'NONE',  ( 0.008407838515272155616, 0.01963293810116668869, 0.02169603562931855453 ) ) ;
#4570 = ORIENTED_EDGE ( 'NONE', *, *, #2776, .F. ) ;
#4571 = ORIENTED_EDGE ( 'NONE', *, *, #1719, .T. ) ;
#4572 = CYLINDRICAL_SURFACE ( 'NONE', #324, 0.004575000000000002676 ) ;
#4573 = AXIS2_PLACEMENT_3D ( 'NONE', #1962, #4383, #3892 ) ;
#4574 = CARTESIAN_POINT ( 'NONE',  ( -0.01128390250005419961, 0.02178561565332149882, 0.03533333333333329995 ) ) ;
#4575 = EDGE_CURVE ( 'NONE', #1293, #4380, #4488, .T. ) ;
#4576 = CARTESIAN_POINT ( 'NONE',  ( -0.1127028717566320032, 0.03620251174752270318, 0.01533333333333330127 ) ) ;
#4577 = CIRCLE ( 'NONE', #1506, 0.002666666666666657037 ) ;
#4578 = ORIENTED_EDGE ( 'NONE', *, *, #3267, .T. ) ;
#4579 = VERTEX_POINT ( 'NONE', #4617 ) ;
#4581 = EDGE_CURVE ( 'NONE', #4939, #1507, #4867, .T. ) ;
#4580 = LINE ( 'NONE', #491, #4780 ) ;
#4582 = AXIS2_PLACEMENT_3D ( 'NONE', #2155, #3282, #2479 ) ;
#4583 = DIRECTION ( 'NONE',  ( 0.000000000000000000, 0.000000000000000000, 1.000000000000000000 ) ) ;
#4584 = CARTESIAN_POINT ( 'NONE',  ( -0.08652447629721170264, 0.01738991581246950024, -0.002000000000000000042 ) ) ;
#4585 = ORIENTED_EDGE ( 'NONE', *, *, #2307, .F. ) ;
#4586 = ORIENTED_EDGE ( 'NONE', *, *, #247, .F. ) ;
#4587 = CYLINDRICAL_SURFACE ( 'NONE', #1534, 0.002666666666666660940 ) ;
#4588 = EDGE_CURVE ( 'NONE', #3461, #5132, #4921, .T. ) ;
#4589 = CARTESIAN_POINT ( 'NONE',  ( -0.01728390250005419973, -0.04591182421324879748, 0.007333333333333339268 ) ) ;
#4590 = DIRECTION ( 'NONE',  ( 0.000000000000000000, 0.000000000000000000, -1.000000000000000000 ) ) ;
#4591 = ORIENTED_EDGE ( 'NONE', *, *, #3788, .F. ) ;
#4592 = EDGE_CURVE ( 'NONE', #399, #3358, #221, .T. ) ;
#4593 = CIRCLE ( 'NONE', #1360, 0.006666666666666671431 ) ;
#4594 = CARTESIAN_POINT ( 'NONE',  ( -0.05266517955480770619, 0.006409259387838811030, 0.02504566354018997881 ) ) ;
#4595 = CARTESIAN_POINT ( 'NONE',  ( -0.06212835950905606919, -0.004681223267581157733, 0.02038220043429021452 ) ) ;
#4596 = EDGE_CURVE ( 'NONE', #1636, #1288, #396, .T. ) ;
#4597 = PLANE ( 'NONE',  #2258 ) ;
#4598 = CARTESIAN_POINT ( 'NONE',  ( -0.005564904086692190610, -0.06531890041224761023, 0.01864343055400280100 ) ) ;
#4599 = CIRCLE ( 'NONE', #2982, 0.04000000000000002165 ) ;
#4600 = VECTOR ( 'NONE', #606, 1.000000000000000000 ) ;
#4601 = ORIENTED_EDGE ( 'NONE', *, *, #4643, .F. ) ;
#4602 = ORIENTED_EDGE ( 'NONE', *, *, #166, .T. ) ;
#4603 = DIRECTION ( 'NONE',  ( 0.000000000000000000, 0.000000000000000000, -1.000000000000000000 ) ) ;
#4604 = VECTOR ( 'NONE', #2525, 1.000000000000000000 ) ;
#4605 = CARTESIAN_POINT ( 'NONE',  ( -0.04373390250005420449, 0.005813175786751169707, 0.003000000000000002665 ) ) ;
#4606 = DIRECTION ( 'NONE',  ( -0.000000000000000000, -0.000000000000000000, -1.000000000000000000 ) ) ;
#4607 = VERTEX_POINT ( 'NONE', #3716 ) ;
#4608 = VERTEX_POINT ( 'NONE', #4945 ) ;
#4609 = DIRECTION ( 'NONE',  ( 0.9872210483827621452, -0.1593568374122680265, 0.000000000000000000 ) ) ;
#4610 = CARTESIAN_POINT ( 'NONE',  ( -0.02822799069735644831, -0.06297734284107639469, 0.02055768930669243238 ) ) ;
#4611 = DIRECTION ( 'NONE',  ( -1.000000000000000000, 0.000000000000000000, 0.000000000000000000 ) ) ;
#4612 = EDGE_CURVE ( 'NONE', #3971, #2658, #3135, .T. ) ;
#4613 = ORIENTED_EDGE ( 'NONE', *, *, #3254, .T. ) ;
#4614 = CARTESIAN_POINT ( 'NONE',  ( -0.05764105105813453755, -0.01917058779694473872, 0.03143988715962459796 ) ) ;
#4615 = DIRECTION ( 'NONE',  ( -1.000000000000000000, 0.000000000000000000, 0.000000000000000000 ) ) ;
#4616 = DIRECTION ( 'NONE',  ( 0.000000000000000000, 0.000000000000000000, -1.000000000000000000 ) ) ;
#4617 = CARTESIAN_POINT ( 'NONE',  ( -0.04680077210550773886, -0.04133682421324889888, 0.003000000000000000062 ) ) ;
#4618 = ADVANCED_FACE ( 'NONE', ( #2967 ), #931, .F. ) ;
#4619 = VERTEX_POINT ( 'NONE', #74 ) ;
#4620 = CARTESIAN_POINT ( 'NONE',  ( -0.05270710630681382791, 0.005946191642741802466, 0.02543129701182074778 ) ) ;
#4621 = CARTESIAN_POINT ( 'NONE',  ( -0.03414076089052460461, -0.07534521005676819705, 0.01533333333333330127 ) ) ;
#4622 = DIRECTION ( 'NONE',  ( 0.000000000000000000, 0.000000000000000000, -1.000000000000000000 ) ) ;
#4623 = CARTESIAN_POINT ( 'NONE',  ( -0.03893553320564629994, -0.05299970877392680413, 0.02808876954983919802 ) ) ;
#4624 = EDGE_CURVE ( 'NONE', #3527, #11, #1715, .T. ) ;
#4625 = ORIENTED_EDGE ( 'NONE', *, *, #2079, .F. ) ;
#4626 = ORIENTED_EDGE ( 'NONE', *, *, #308, .F. ) ;
#4627 = FACE_OUTER_BOUND ( 'NONE', #817, .T. ) ;
#4628 = LINE ( 'NONE', #968, #2941 ) ;
#4629 = CARTESIAN_POINT ( 'NONE',  ( -0.04543390250005419767, 0.001238175786751180042, 0.03533333333333329995 ) ) ;
#4630 = ORIENTED_EDGE ( 'NONE', *, *, #1652, .F. ) ;
#4631 = CARTESIAN_POINT ( 'NONE',  ( 0.02742237907193692190, -0.004651974916688964012, 0.02049627901497656779 ) ) ;
#4632 = CARTESIAN_POINT ( 'NONE',  ( -0.02626917782271864441, -0.06219765621255257670, 0.02173594796369980597 ) ) ;
#4633 = CARTESIAN_POINT ( 'NONE',  ( -0.005649922212441536515, -0.06410588644853071338, 0.01949916350645232790 ) ) ;
#4634 = ORIENTED_EDGE ( 'NONE', *, *, #1581, .F. ) ;
#4635 = CYLINDRICAL_SURFACE ( 'NONE', #1100, 0.002666666666666657470 ) ;
#4636 = DIRECTION ( 'NONE',  ( 1.624716621402670044E-16, 1.733695168687340012E-31, 1.000000000000000000 ) ) ;
#4637 = CARTESIAN_POINT ( 'NONE',  ( -0.03738853191139695359, -0.05562730862317102898, 0.02500886439445534903 ) ) ;
#4638 = CARTESIAN_POINT ( 'NONE',  ( -0.02712933267902389867, -0.07694854151190488878, 0.01533333333333330127 ) ) ;
#4639 = VERTEX_POINT ( 'NONE', #2536 ) ;
#4640 = CARTESIAN_POINT ( 'NONE',  ( -0.05270729829735564670, 0.007712225228314955987, 0.02383787437132957321 ) ) ;
#4641 = VECTOR ( 'NONE', #517, 1.000000000000000000 ) ;
#4642 = CARTESIAN_POINT ( 'NONE',  ( -0.06155075108172162329, -0.004508919679215550244, 0.02085371147367557840 ) ) ;
#4643 = EDGE_CURVE ( 'NONE', #5237, #1929, #3860, .T. ) ;
#4644 = DIRECTION ( 'NONE',  ( 0.000000000000000000, 0.000000000000000000, 1.000000000000000000 ) ) ;
#4645 = CARTESIAN_POINT ( 'NONE',  ( -0.03137031300143719448, -0.05065453791775299808, 0.01533333333333330127 ) ) ;
#4646 = AXIS2_PLACEMENT_3D ( 'NONE', #4519, #451, #157 ) ;
#4647 = VERTEX_POINT ( 'NONE', #3936 ) ;
#4648 = ORIENTED_EDGE ( 'NONE', *, *, #114, .F. ) ;
#4649 = LINE ( 'NONE', #914, #4677 ) ;
#4650 = VECTOR ( 'NONE', #3589, 1.000000000000000000 ) ;
#4651 = DIRECTION ( 'NONE',  ( -1.000000000000000000, 0.000000000000000000, 0.000000000000000000 ) ) ;
#4652 = LINE ( 'NONE', #187, #4653 ) ;
#4653 = VECTOR ( 'NONE', #2149, 1.000000000000000000 ) ;
#4654 = ORIENTED_EDGE ( 'NONE', *, *, #2792, .F. ) ;
#4655 = CARTESIAN_POINT ( 'NONE',  ( 0.006291097499945659359, -0.04133682421324889888, 0.03533333333333329995 ) ) ;
#4656 = DIRECTION ( 'NONE',  ( -1.000000000000000000, 0.000000000000000000, 0.000000000000000000 ) ) ;
#4657 = VECTOR ( 'NONE', #3886, 1.000000000000000000 ) ;
#4658 = LINE ( 'NONE', #3926, #4411 ) ;
#4659 = AXIS2_PLACEMENT_3D ( 'NONE', #5229, #1572, #1168 ) ;
#4660 = ORIENTED_EDGE ( 'NONE', *, *, #890, .T. ) ;
#4661 = DIRECTION ( 'NONE',  ( 0.9345922678472772249, -0.3557208074882370896, 0.000000000000000000 ) ) ;
#4662 = CARTESIAN_POINT ( 'NONE',  ( -0.08139435188030690049, 0.02712374399170790207, 0.01533333333333330127 ) ) ;
#4663 = DIRECTION ( 'NONE',  ( 0.000000000000000000, 0.000000000000000000, -1.000000000000000000 ) ) ;
#4664 = AXIS2_PLACEMENT_3D ( 'NONE', #4469, #3143, #3255 ) ;
#4665 = DIRECTION ( 'NONE',  ( -0.7752800883440450486, 0.6316175936571509775, 0.000000000000000000 ) ) ;
#4666 = ORIENTED_EDGE ( 'NONE', *, *, #2601, .F. ) ;
#4667 = ADVANCED_FACE ( 'NONE', ( #2695 ), #1033, .F. ) ;
#4668 = CYLINDRICAL_SURFACE ( 'NONE', #2814, 0.005941869605453536929 ) ;
#4669 = DIRECTION ( 'NONE',  ( 0.000000000000000000, 0.000000000000000000, -1.000000000000000000 ) ) ;
#4670 = DIRECTION ( 'NONE',  ( 0.000000000000000000, 0.000000000000000000, 1.000000000000000000 ) ) ;
#4671 = CARTESIAN_POINT ( 'NONE',  ( 0.003921864405697292333, -0.05227964909041710878, 0.03083933280864605345 ) ) ;
#4672 = VECTOR ( 'NONE', #4466, 1.000000000000000000 ) ;
#4673 = EDGE_CURVE ( 'NONE', #749, #2382, #3525, .T. ) ;
#4674 = ORIENTED_EDGE ( 'NONE', *, *, #3715, .T. ) ;
#4675 = DIRECTION ( 'NONE',  ( -1.000000000000000000, 0.000000000000000000, 0.000000000000000000 ) ) ;
#4676 = DIRECTION ( 'NONE',  ( 0.000000000000000000, 0.000000000000000000, -1.000000000000000000 ) ) ;
#4677 = VECTOR ( 'NONE', #4603, 1.000000000000000000 ) ;
#4678 = CIRCLE ( 'NONE', #845, 0.04000000000000000083 ) ;
#4679 = CARTESIAN_POINT ( 'NONE',  ( 0.05161382164909359554, 0.01366363295304580047, 0.01533333333333330127 ) ) ;
#4680 = VERTEX_POINT ( 'NONE', #4717 ) ;
#4681 = VECTOR ( 'NONE', #4422, 1.000000000000000000 ) ;
#4682 = VERTEX_POINT ( 'NONE', #2260 ) ;
#4683 = CIRCLE ( 'NONE', #1961, 0.007206576865976088708 ) ;
#4684 = ORIENTED_EDGE ( 'NONE', *, *, #1645, .F. ) ;
#4685 = CARTESIAN_POINT ( 'NONE',  ( 0.02905302115708130115, 0.02035496350545579897, 0.01533333333333330127 ) ) ;
#4686 = DIRECTION ( 'NONE',  ( 0.000000000000000000, 1.000000000000000000, 0.000000000000000000 ) ) ;
#4687 = AXIS2_PLACEMENT_3D ( 'NONE', #60, #2414, #1695 ) ;
#4688 = CARTESIAN_POINT ( 'NONE',  ( 0.03907105453068723117, -0.005150452732016903498, 0.01542387491354509088 ) ) ;
#4689 = EDGE_CURVE ( 'NONE', #2658, #100, #3881, .T. ) ;
#4690 = ORIENTED_EDGE ( 'NONE', *, *, #723, .F. ) ;
#4691 = CARTESIAN_POINT ( 'NONE',  ( -0.01274217734130620068, -0.09266004717885879816, 0.01533333333333330127 ) ) ;
#4692 = ORIENTED_EDGE ( 'NONE', *, *, #4394, .F. ) ;
#4693 = LINE ( 'NONE', #1053, #4600 ) ;
#4694 = CARTESIAN_POINT ( 'NONE',  ( -0.03812820132056259081, -0.05403014724359100907, 0.02697171370391349132 ) ) ;
#4695 = CARTESIAN_POINT ( 'NONE',  ( -0.03692189569626055240, 0.01784609609274333264, 0.03022021598960942385 ) ) ;
#4696 = ORIENTED_EDGE ( 'NONE', *, *, #2503, .F. ) ;
#4697 = FACE_OUTER_BOUND ( 'NONE', #2407, .T. ) ;
#4698 = DIRECTION ( 'NONE',  ( 0.000000000000000000, 0.000000000000000000, 1.000000000000000000 ) ) ;
#4699 = DIRECTION ( 'NONE',  ( -0.1592328779841129804, 0.9872410498803707579, 0.000000000000000000 ) ) ;
#4700 = CYLINDRICAL_SURFACE ( 'NONE', #5259, 0.002666666666666657470 ) ;
#4701 = ORIENTED_EDGE ( 'NONE', *, *, #970, .F. ) ;
#4702 = CARTESIAN_POINT ( 'NONE',  ( -0.05126471314619817504, 0.01229102530816936385, 0.02170074544351339313 ) ) ;
#4703 = DIRECTION ( 'NONE',  ( 0.000000000000000000, 0.000000000000000000, -1.000000000000000000 ) ) ;
#4704 = LINE ( 'NONE', #677, #5174 ) ;
#4705 = ORIENTED_EDGE ( 'NONE', *, *, #3477, .T. ) ;
#4706 = ORIENTED_EDGE ( 'NONE', *, *, #2289, .T. ) ;
#4707 = VERTEX_POINT ( 'NONE', #664 ) ;
#4708 = CARTESIAN_POINT ( 'NONE',  ( -0.04085890250005420193, -0.04133682421324889888, 0.003000000000000000062 ) ) ;
#4709 = CARTESIAN_POINT ( 'NONE',  ( 0.006291097499945681043, 0.005813175786751299812, 0.003000000000000000062 ) ) ;
#4710 = LINE ( 'NONE', #2746, #2353 ) ;
#4711 = ADVANCED_FACE ( 'NONE', ( #2290 ), #4749, .F. ) ;
#4712 = LINE ( 'NONE', #4341, #1773 ) ;
#4713 = DIRECTION ( 'NONE',  ( -0.9921571787660040664, -0.1249965304441823244, 0.000000000000000000 ) ) ;
#4714 = DIRECTION ( 'NONE',  ( -0.000000000000000000, -0.000000000000000000, -1.000000000000000000 ) ) ;
#4715 = CARTESIAN_POINT ( 'NONE',  ( 0.02299223926093075382, -0.01933645312931619314, 0.03176906268088787455 ) ) ;
#4716 = CARTESIAN_POINT ( 'NONE',  ( -0.03718783659625210514, -0.05644637291351568137, 0.02402279920379622735 ) ) ;
#4717 = CARTESIAN_POINT ( 'NONE',  ( -0.03798390250005419938, 0.005813175786751169707, 0.03533333333333329995 ) ) ;
#4718 = EDGE_CURVE ( 'NONE', #4225, #2880, #3048, .T. ) ;
#4719 = EDGE_CURVE ( 'NONE', #3568, #2544, #177, .T. ) ;
#4720 = VERTEX_POINT ( 'NONE', #3958 ) ;
#4721 = CARTESIAN_POINT ( 'NONE',  ( 0.006291097499945659359, -0.04133682421324889888, 0.03533333333333329995 ) ) ;
#4722 = EDGE_CURVE ( 'NONE', #673, #3385, #1513, .T. ) ;
#4723 = CARTESIAN_POINT ( 'NONE',  ( 0.008578597499945729218, -0.03676182421324890315, 0.03533333333333329995 ) ) ;
#4724 = CARTESIAN_POINT ( 'NONE',  ( 0.006291097499945659359, -0.04133682421324889888, -0.2722511313201919636 ) ) ;
#4725 = CARTESIAN_POINT ( 'NONE',  ( 0.004236739383201261304, -0.05184871886246517070, 0.03180413199027487536 ) ) ;
#4726 = EDGE_CURVE ( 'NONE', #543, #4402, #279, .T. ) ;
#4727 = CIRCLE ( 'NONE', #2085, 0.001960000000000003406 ) ;
#4728 = VERTEX_POINT ( 'NONE', #980 ) ;
#4729 = CARTESIAN_POINT ( 'NONE',  ( -0.03422626339067039863, 0.01847291612599080007, 0.02866666666666670138 ) ) ;
#4730 = CARTESIAN_POINT ( 'NONE',  ( -0.07266042394409778782, 0.002655310572346392204, 0.01533333333333330648 ) ) ;
#4731 = CIRCLE ( 'NONE', #290, 0.004575000000000000941 ) ;
#4732 = CARTESIAN_POINT ( 'NONE',  ( -0.1078600015200719964, 0.02273322312761040173, 0.01533333333333330127 ) ) ;
#4733 = EDGE_LOOP ( 'NONE', ( #1148, #4752, #1685, #4149 ) ) ;
#4734 = VERTEX_POINT ( 'NONE', #1817 ) ;
#4735 = VERTEX_POINT ( 'NONE', #2645 ) ;
#4736 = DIRECTION ( 'NONE',  ( 1.000000000000000000, 0.000000000000000000, 0.000000000000000000 ) ) ;
#4737 = AXIS2_PLACEMENT_3D ( 'NONE', #4482, #2838, #1605 ) ;
#4738 = ADVANCED_FACE ( 'NONE', ( #4291 ), #2614, .T. ) ;
#4739 = DIRECTION ( 'NONE',  ( 0.000000000000000000, 0.000000000000000000, -1.000000000000000000 ) ) ;
#4740 = DIRECTION ( 'NONE',  ( 0.000000000000000000, 0.000000000000000000, 1.000000000000000000 ) ) ;
#4741 = AXIS2_PLACEMENT_3D ( 'NONE', #1476, #3947, #2245 ) ;
#4742 = CARTESIAN_POINT ( 'NONE',  ( -0.005639558586075683021, -0.06414000282216093807, 0.01947175377904906621 ) ) ;
#4743 = EDGE_CURVE ( 'NONE', #2146, #768, #3398, .T. ) ;
#4744 = ORIENTED_EDGE ( 'NONE', *, *, #2409, .F. ) ;
#4745 = LINE ( 'NONE', #4691, #4513 ) ;
#4746 = ORIENTED_EDGE ( 'NONE', *, *, #3027, .T. ) ;
#4747 = CARTESIAN_POINT ( 'NONE',  ( -0.05713536099587099987, -0.02120584159941189817, 0.01533333333333330127 ) ) ;
#4748 = CARTESIAN_POINT ( 'NONE',  ( -0.03759222096344017744, -0.05506174815986265847, 0.02570510187444615888 ) ) ;
#4749 = CYLINDRICAL_SURFACE ( 'NONE', #1941, 0.006666666666666667962 ) ;
#4750 = AXIS2_PLACEMENT_3D ( 'NONE', #880, #3801, #472 ) ;
#4751 = ORIENTED_EDGE ( 'NONE', *, *, #3454, .T. ) ;
#4752 = ORIENTED_EDGE ( 'NONE', *, *, #4926, .T. ) ;
#4753 = DIRECTION ( 'NONE',  ( 0.000000000000000000, 0.000000000000000000, 1.000000000000000000 ) ) ;
#4754 = CARTESIAN_POINT ( 'NONE',  ( 0.006291097499945689717, -0.03676182421324890315, 0.03533333333333329995 ) ) ;
#4755 = AXIS2_PLACEMENT_3D ( 'NONE', #273, #3199, #4447 ) ;
#4756 = DIRECTION ( 'NONE',  ( 0.4146207579513699337, 0.9099943005732681334, 0.000000000000000000 ) ) ;
#4757 = PLANE ( 'NONE',  #134 ) ;
#4758 = EDGE_CURVE ( 'NONE', #852, #768, #3985, .T. ) ;
#4759 = ORIENTED_EDGE ( 'NONE', *, *, #5141, .F. ) ;
#4760 = DIRECTION ( 'NONE',  ( -1.000000000000000000, 0.000000000000000000, 0.000000000000000000 ) ) ;
#4761 = EDGE_CURVE ( 'NONE', #1856, #1574, #384, .T. ) ;
#4762 = FACE_BOUND ( 'NONE', #636, .T. ) ;
#4763 = LINE ( 'NONE', #2327, #383 ) ;
#4764 = AXIS2_PLACEMENT_3D ( 'NONE', #573, #653, #1912 ) ;
#4765 = ORIENTED_EDGE ( 'NONE', *, *, #3179, .T. ) ;
#4766 = ORIENTED_EDGE ( 'NONE', *, *, #1840, .F. ) ;
#4767 = DIRECTION ( 'NONE',  ( -0.000000000000000000, 1.000000000000000000, 0.000000000000000000 ) ) ;
#4768 = VECTOR ( 'NONE', #1474, 1.000000000000000000 ) ;
#4769 = CARTESIAN_POINT ( 'NONE',  ( 0.009166097499945659310, -0.04133682421324889888, 0.03533333333333329995 ) ) ;
#4770 = AXIS2_PLACEMENT_3D ( 'NONE', #2368, #2774, #4344 ) ;
#4771 = CARTESIAN_POINT ( 'NONE',  ( -0.02893407863916272471, -0.06414662733718065613, 0.01946227056334055502 ) ) ;
#4772 = CARTESIAN_POINT ( 'NONE',  ( -0.09859364826557089068, 0.02722262204431919949, 0.01533333333333330127 ) ) ;
#4773 = ORIENTED_EDGE ( 'NONE', *, *, #3715, .F. ) ;
#4774 = VECTOR ( 'NONE', #3013, 1.000000000000000000 ) ;
#4775 = VECTOR ( 'NONE', #1599, 1.000000000000000000 ) ;
#4776 = PRODUCT_DEFINITION_CONTEXT ( 'detailed design', #2875, 'design' ) ;
#4777 = EDGE_LOOP ( 'NONE', ( #2388, #2080, #3644, #3797 ) ) ;
#4778 = LINE ( 'NONE', #1006, #1875 ) ;
#4779 = FACE_BOUND ( 'NONE', #3607, .T. ) ;
#4780 = VECTOR ( 'NONE', #2554, 1.000000000000000000 ) ;
#4781 = AXIS2_PLACEMENT_3D ( 'NONE', #3625, #3112, #4736 ) ;
#4782 = CARTESIAN_POINT ( 'NONE',  ( 0.01632219460655862792, 0.01367331499300261134, 0.02103544022130792585 ) ) ;
#4783 = ADVANCED_FACE ( 'NONE', ( #4860 ), #4084, .F. ) ;
#4784 = CARTESIAN_POINT ( 'NONE',  ( -0.04379875285605866475, 0.01994749140871164214, 0.02095265303482108515 ) ) ;
#4785 = ORIENTED_EDGE ( 'NONE', *, *, #2538, .F. ) ;
#4786 = VERTEX_POINT ( 'NONE', #2778 ) ;
#4787 = DIRECTION ( 'NONE',  ( 0.000000000000000000, 0.000000000000000000, -1.000000000000000000 ) ) ;
#4788 = CARTESIAN_POINT ( 'NONE',  ( 0.01808813342902546376, 0.006581584938471793031, 0.02489417846700141962 ) ) ;
#4789 = CARTESIAN_POINT ( 'NONE',  ( -0.1127028717566320032, 0.03620251174752270318, -0.002000000000000000042 ) ) ;
#4790 = EDGE_CURVE ( 'NONE', #1636, #3364, #3736, .T. ) ;
#4791 = CARTESIAN_POINT ( 'NONE',  ( 0.004792693443355341802, -0.05122067534206194150, 0.03334488512124568482 ) ) ;
#4792 = ORIENTED_EDGE ( 'NONE', *, *, #4235, .F. ) ;
#4793 = CARTESIAN_POINT ( 'NONE',  ( -0.03422626339067039863, 0.01847291612599069946, 0.01533333333333330127 ) ) ;
#4794 = DIRECTION ( 'NONE',  ( 0.000000000000000000, 0.000000000000000000, 1.000000000000000000 ) ) ;
#4795 = DIRECTION ( 'NONE',  ( 1.000000000000000000, 1.083212707929441687E-15, -1.805354513215736227E-16 ) ) ;
#4796 = EDGE_CURVE ( 'NONE', #3273, #4176, #3998, .T. ) ;
#4797 = ADVANCED_FACE ( 'NONE', ( #3234 ), #2419, .F. ) ;
#4798 = ORIENTED_EDGE ( 'NONE', *, *, #1780, .T. ) ;
#4799 = EDGE_LOOP ( 'NONE', ( #4439, #373, #4927, #4765 ) ) ;
#4800 = DIRECTION ( 'NONE',  ( -1.000000000000000000, 0.000000000000000000, 0.000000000000000000 ) ) ;
#4801 = CARTESIAN_POINT ( 'NONE',  ( -0.04373390250005420449, 0.005813175786751169707, -0.2722511313201919636 ) ) ;
#4802 = CARTESIAN_POINT ( 'NONE',  ( -0.003957578797741290351, -0.05536146537138360302, 0.01533333333333330127 ) ) ;
#4803 = CARTESIAN_POINT ( 'NONE',  ( -0.02902725873753754515, -0.06518143324680568396, 0.01872771554957895074 ) ) ;
#4804 = DIRECTION ( 'NONE',  ( -1.000000000000000000, 0.000000000000000000, 0.000000000000000000 ) ) ;
#4805 = CARTESIAN_POINT ( 'NONE',  ( -0.02328390250005419812, 0.01608689572003640239, 0.03533333333333329995 ) ) ;
#4806 = DIRECTION ( 'NONE',  ( -1.000000000000000000, 0.000000000000000000, 0.000000000000000000 ) ) ;
#4807 = CARTESIAN_POINT ( 'NONE',  ( -0.03942146225569340134, 0.01828142439688169862, 0.02602382026951199911 ) ) ;
#4808 = ORIENTED_EDGE ( 'NONE', *, *, #1821, .F. ) ;
#4809 = ORIENTED_EDGE ( 'NONE', *, *, #4575, .F. ) ;
#4810 = CARTESIAN_POINT ( 'NONE',  ( -0.06168438264323452408, 0.01962181356302024685, 0.01533333333333329954 ) ) ;
#4811 = CARTESIAN_POINT ( 'NONE',  ( 0.01945339156133371605, 0.002591019649074175878, 0.02661905883441518031 ) ) ;
#4812 = EDGE_CURVE ( 'NONE', #1494, #4008, #4493, .T. ) ;
#4813 = FACE_OUTER_BOUND ( 'NONE', #1948, .T. ) ;
#4814 = DIRECTION ( 'NONE',  ( 0.000000000000000000, 1.000000000000000000, 0.000000000000000000 ) ) ;
#4815 = ORIENTED_EDGE ( 'NONE', *, *, #308, .T. ) ;
#4816 = EDGE_CURVE ( 'NONE', #4647, #5237, #4873, .T. ) ;
#4817 = FACE_OUTER_BOUND ( 'NONE', #917, .T. ) ;
#4818 = DIRECTION ( 'NONE',  ( -1.000000000000000000, 0.000000000000000000, 0.000000000000000000 ) ) ;
#4819 = FACE_OUTER_BOUND ( 'NONE', #2806, .T. ) ;
#4820 = VERTEX_POINT ( 'NONE', #4452 ) ;
#4821 = ORIENTED_EDGE ( 'NONE', *, *, #2837, .F. ) ;
#4822 = VERTEX_POINT ( 'NONE', #3582 ) ;
#4823 = CARTESIAN_POINT ( 'NONE',  ( -0.06418716937587327920, -0.01284685891221075925, 0.01995588719632261643 ) ) ;
#4824 = AXIS2_PLACEMENT_3D ( 'NONE', #1027, #1459, #3602 ) ;
#4825 = CARTESIAN_POINT ( 'NONE',  ( -0.02978390250005420042, 0.01038817578675120014, 0.03533333333333329995 ) ) ;
#4826 = CARTESIAN_POINT ( 'NONE',  ( -0.008335830131597178269, -0.06220484840261934073, 0.02173594796369970189 ) ) ;
#4827 = CIRCLE ( 'NONE', #4646, 0.02000000000000000042 ) ;
#4828 = EDGE_CURVE ( 'NONE', #4448, #5243, #5208, .T. ) ;
#4829 = CARTESIAN_POINT ( 'NONE',  ( -0.01728390250005419973, -0.01776182421324879954, 0.03533333333333329995 ) ) ;
#4830 = EDGE_CURVE ( 'NONE', #4362, #3251, #2106, .T. ) ;
#4831 = ORIENTED_EDGE ( 'NONE', *, *, #2571, .F. ) ;
#4832 = CARTESIAN_POINT ( 'NONE',  ( -0.04680077210550773886, -0.04133682421324889888, 0.003000000000000000062 ) ) ;
#4833 = AXIS2_PLACEMENT_3D ( 'NONE', #3289, #3800, #1302 ) ;
#4834 = CARTESIAN_POINT ( 'NONE',  ( -0.01558670285152560092, -0.1106703527502240075, -0.002000000000000000042 ) ) ;
#4835 = CIRCLE ( 'NONE', #2013, 0.002666666666666659639 ) ;
#4836 = ORIENTED_EDGE ( 'NONE', *, *, #1153, .T. ) ;
#4837 = EDGE_LOOP ( 'NONE', ( #4843, #3256, #2854, #4626 ) ) ;
#4838 = FACE_OUTER_BOUND ( 'NONE', #941, .T. ) ;
#4839 = CARTESIAN_POINT ( 'NONE',  ( 0.02127381496561345231, 0.0008377456417191654191, 0.02511350383130284483 ) ) ;
#4840 = FACE_OUTER_BOUND ( 'NONE', #2035, .T. ) ;
#4841 = VECTOR ( 'NONE', #2195, 1.000000000000000000 ) ;
#4842 = CARTESIAN_POINT ( 'NONE',  ( -0.03628390250005419926, 0.005813175786751169707, 0.007333333333333339268 ) ) ;
#4843 = ORIENTED_EDGE ( 'NONE', *, *, #1954, .T. ) ;
#4844 = DIRECTION ( 'NONE',  ( 1.000000000000000000, 0.000000000000000000, 0.000000000000000000 ) ) ;
#4845 = CARTESIAN_POINT ( 'NONE',  ( 0.01808814190520603021, 0.006818306849575492962, 0.02467926933557716695 ) ) ;
#4846 = DIRECTION ( 'NONE',  ( 0.000000000000000000, 0.000000000000000000, -1.000000000000000000 ) ) ;
#4847 = EDGE_CURVE ( 'NONE', #2765, #4820, #2804, .T. ) ;
#4848 = EDGE_LOOP ( 'NONE', ( #5095, #2764, #4862, #3012 ) ) ;
#4849 = VERTEX_POINT ( 'NONE', #1995 ) ;
#4850 = DIRECTION ( 'NONE',  ( -1.000000000000000000, 9.479363256703868881E-17, 0.000000000000000000 ) ) ;
#4851 = CARTESIAN_POINT ( 'NONE',  ( -0.06943447511923615811, -0.008571899866265834250, 0.01659501780680973024 ) ) ;
#4852 = DIRECTION ( 'NONE',  ( 0.000000000000000000, 0.000000000000000000, 1.000000000000000000 ) ) ;
#4853 = CARTESIAN_POINT ( 'NONE',  ( -0.03942146225569340134, 0.01828142439688169862, 0.01533333333333330127 ) ) ;
#4854 = ORIENTED_EDGE ( 'NONE', *, *, #3734, .F. ) ;
#4855 = TOROIDAL_SURFACE ( 'NONE', #1611, 0.05999999999999999778, 0.02000000000000000042 ) ;
#4856 = CARTESIAN_POINT ( 'NONE',  ( -0.0003407797996382779947, 0.01847255991507119888, 0.03533333333333329995 ) ) ;
#4857 = FACE_OUTER_BOUND ( 'NONE', #343, .T. ) ;
#4858 = CIRCLE ( 'NONE', #2552, 0.002874999999999999951 ) ;
#4859 = CIRCLE ( 'NONE', #5278, 0.04000000000000002165 ) ;
#4860 = FACE_OUTER_BOUND ( 'NONE', #3960, .T. ) ;
#4861 = EDGE_CURVE ( 'NONE', #1586, #4002, #3634, .T. ) ;
#4862 = ORIENTED_EDGE ( 'NONE', *, *, #3231, .F. ) ;
#4863 = ORIENTED_EDGE ( 'NONE', *, *, #937, .F. ) ;
#4864 = VECTOR ( 'NONE', #3902, 1.000000000000000000 ) ;
#4865 = CARTESIAN_POINT ( 'NONE',  ( 0.02920938125833860005, -0.02178082199122149953, -0.002000000000000000042 ) ) ;
#4866 = VECTOR ( 'NONE', #3904, 1.000000000000000000 ) ;
#4867 = B_SPLINE_CURVE_WITH_KNOTS ( 'NONE', 3,
 ( #2188, #3369, #1684, #124, #1794, #2161, #4998, #5053, #4563, #1387, #4638 ),
 .UNSPECIFIED., .F., .F.,
 ( 4, 1, 1, 1, 2, 2, 4 ),
 ( 0.000000000000000000, 0.2500000000000052736, 0.3750000000000081601, 0.4375000000000081601, 0.4687500000000079936, 0.5000000000000077716, 1.000000000000000000 ),
 .UNSPECIFIED. ) ;
#4868 = CARTESIAN_POINT ( 'NONE',  ( 0.02121102478599450059, 0.0008803284379400000111, 0.02517787047308515241 ) ) ;
#4869 = CARTESIAN_POINT ( 'NONE',  ( -0.09594361603726610233, 0.03266142729203549977, 0.01533333333333330127 ) ) ;
#4870 = DIRECTION ( 'NONE',  ( -1.000000000000000000, 0.000000000000000000, 0.000000000000000000 ) ) ;
#4871 = ORIENTED_EDGE ( 'NONE', *, *, #331, .T. ) ;
#4872 = CARTESIAN_POINT ( 'NONE',  ( -0.05093080923545276195, 0.01321109169454291396, 0.02131790944212092268 ) ) ;
#4873 = B_SPLINE_CURVE_WITH_KNOTS ( 'NONE', 3,
 ( #1116, #2751, #1600, #4015, #414, #1647, #4038, #3259, #1974, #4373, #745, #3205, #357, #4475, #2048, #4784, #2852, #796, #2370, #336, #3687, #2831, #14, #4807 ),
 .UNSPECIFIED., .F., .F.,
 ( 4, 1, 2, 2, 1, 1, 2, 2, 1, 1, 1, 1, 1, 2, 2, 4 ),
 ( 0.000000000000000000, 0.1250000000000074662, 0.1875000000000112133, 0.2500000000000149325, 0.3750000000000222600, 0.4375000000000256462, 0.4687500000000272005, 0.5000000000000287548, 0.6250000000000338618, 0.6875000000000361933, 0.7187500000000375255, 0.7343750000000380806, 0.7421875000000380806, 0.7460937500000377476, 0.7500000000000374145, 1.000000000000000000 ),
 .UNSPECIFIED. ) ;
#4874 = CARTESIAN_POINT ( 'NONE',  ( -0.02183148374137639999, -0.09265947653977969767, 0.01533333333333330127 ) ) ;
#4875 = CARTESIAN_POINT ( 'NONE',  ( 0.02555758307304119986, -0.002938928915574720146, -0.002000000000000000042 ) ) ;
#4876 = ORIENTED_EDGE ( 'NONE', *, *, #4348, .T. ) ;
#4877 = ORIENTED_EDGE ( 'NONE', *, *, #5274, .F. ) ;
#4878 = CARTESIAN_POINT ( 'NONE',  ( -0.01728267001770939990, -0.1336926308568330002, -0.002000000000000000042 ) ) ;
#4879 = DIRECTION ( 'NONE',  ( -1.000000000000000000, 0.000000000000000000, 0.000000000000000000 ) ) ;
#4880 = CARTESIAN_POINT ( 'NONE',  ( -0.006627830209606594587, -0.06272449189748134646, 0.02085371147367559921 ) ) ;
#4882 = ADVANCED_FACE ( 'NONE', ( #439 ), #4554, .F. ) ;
#4881 = CARTESIAN_POINT ( 'NONE',  ( -0.02162186247643630224, -0.1110947601435229998, 0.01533333333333330127 ) ) ;
#4883 = CARTESIAN_POINT ( 'NONE',  ( -0.05956648678745849607, -0.01661131057481279871, -0.002000000000000000042 ) ) ;
#4884 = CARTESIAN_POINT ( 'NONE',  ( -0.02328390250005419812, 0.01608689572003640239, 0.007333333333333339268 ) ) ;
#4885 = B_SPLINE_CURVE_WITH_KNOTS ( 'NONE', 3,
 ( #479, #1284, #2332, #450, #3974, #1185, #2824, #883, #296, #351, #4823, #1990, #5223, #3721, #735, #4120, #5199, #4851, #2082, #2112, #2767, #5245 ),
 .UNSPECIFIED., .F., .F.,
 ( 4, 1, 1, 1, 1, 2, 2, 1, 1, 2, 2, 2, 2, 4 ),
 ( 0.000000000000000000, 0.1249999999999938383, 0.1874999999999910905, 0.2187499999999894806, 0.2343749999999886480, 0.2421874999999887590, 0.2499999999999888423, 0.3749999999999873990, 0.4374999999999872879, 0.4687499999999877875, 0.4999999999999882316, 0.6249999999999911182, 0.7499999999999941158, 1.000000000000000000 ),
 .UNSPECIFIED. ) ;
#4886 = VERTEX_POINT ( 'NONE', #2558 ) ;
#4887 = ORIENTED_EDGE ( 'NONE', *, *, #476, .T. ) ;
#4888 = DIRECTION ( 'NONE',  ( -0.8838548816147289156, 0.4677612085731496228, 0.000000000000000000 ) ) ;
#4889 = DIRECTION ( 'NONE',  ( 0.000000000000000000, 0.000000000000000000, -1.000000000000000000 ) ) ;
#4890 = DIRECTION ( 'NONE',  ( 0.000000000000000000, 0.000000000000000000, 1.000000000000000000 ) ) ;
#4891 = EDGE_CURVE ( 'NONE', #1586, #3971, #2987, .T. ) ;
#4892 = CARTESIAN_POINT ( 'NONE',  ( 0.002239504734661785634, -0.05880515422604849773, 0.02161068852861081774 ) ) ;
#4893 = ORIENTED_EDGE ( 'NONE', *, *, #2045, .F. ) ;
#4894 = EDGE_CURVE ( 'NONE', #865, #3817, #4532, .T. ) ;
#4895 = CARTESIAN_POINT ( 'NONE',  ( -0.05623187753951903317, 0.0005957272640140352403, 0.02470552064109907478 ) ) ;
#4896 = FACE_OUTER_BOUND ( 'NONE', #3677, .T. ) ;
#4897 = LINE ( 'NONE', #3192, #3304 ) ;
#4898 = EDGE_LOOP ( 'NONE', ( #423, #3599, #2343, #1849 ) ) ;
#4899 = ORIENTED_EDGE ( 'NONE', *, *, #2323, .T. ) ;
#4900 = CARTESIAN_POINT ( 'NONE',  ( 0.01086609749994579995, -0.03676182421324890315, 0.03533333333333329995 ) ) ;
#4901 = CARTESIAN_POINT ( 'NONE',  ( 0.001716097499945689860, 0.01038817578675120014, 0.007333333333333339268 ) ) ;
#4902 = CARTESIAN_POINT ( 'NONE',  ( -0.04373390250005420449, 0.005813175786751169707, 0.03533333333333329995 ) ) ;
#4903 = ORIENTED_EDGE ( 'NONE', *, *, #1332, .F. ) ;
#4904 = EDGE_CURVE ( 'NONE', #1709, #3385, #1169, .T. ) ;
#4905 = AXIS2_PLACEMENT_3D ( 'NONE', #2470, #3302, #352 ) ;
#4906 = DIRECTION ( 'NONE',  ( -0.000000000000000000, -0.000000000000000000, -1.000000000000000000 ) ) ;
#4907 = DIRECTION ( 'NONE',  ( 0.000000000000000000, 0.000000000000000000, -1.000000000000000000 ) ) ;
#4908 = VECTOR ( 'NONE', #2701, 1.000000000000000000 ) ;
#4909 = LINE ( 'NONE', #116, #1079 ) ;
#4910 = EDGE_CURVE ( 'NONE', #3870, #1798, #4909, .T. ) ;
#4911 = ORIENTED_EDGE ( 'NONE', *, *, #264, .F. ) ;
#4912 = ORIENTED_EDGE ( 'NONE', *, *, #4081, .F. ) ;
#4913 = CARTESIAN_POINT ( 'NONE',  ( 0.01086609749994579995, 0.001238175786751180042, 0.03533333333333329995 ) ) ;
#4914 = AXIS2_PLACEMENT_3D ( 'NONE', #4318, #2287, #1409 ) ;
#4915 = CARTESIAN_POINT ( 'NONE',  ( 0.02083689046495023831, 0.001154897023476840045, 0.02555132073278690297 ) ) ;
#4916 = CARTESIAN_POINT ( 'NONE',  ( 0.002483073983764379992, 0.02451162393645790055, 0.01533333333333330127 ) ) ;
#4917 = DIRECTION ( 'NONE',  ( -0.8038302040102466295, 0.5948588094000504256, 0.000000000000000000 ) ) ;
#4918 = AXIS2_PLACEMENT_3D ( 'NONE', #2009, #4049, #368 ) ;
#4919 = VERTEX_POINT ( 'NONE', #2581 ) ;
#4920 = CARTESIAN_POINT ( 'NONE',  ( -0.05536022519548583487, 0.001191559759234873776, 0.02559056358771154283 ) ) ;
#4921 = CIRCLE ( 'NONE', #303, 0.001649999999999998690 ) ;
#4922 = CARTESIAN_POINT ( 'NONE',  ( 0.04214428797192040083, 0.005950819667577980296, 0.01533333333333330127 ) ) ;
#4923 = CARTESIAN_POINT ( 'NONE',  ( 0.01804223441131010131, 0.01616566421913150087, 0.01864343055400280100 ) ) ;
#4924 = ADVANCED_FACE ( 'NONE', ( #1323 ), #143, .T. ) ;
#4925 = VECTOR ( 'NONE', #1549, 1.000000000000000000 ) ;
#4926 = EDGE_CURVE ( 'NONE', #2807, #3085, #464, .T. ) ;
#4927 = ORIENTED_EDGE ( 'NONE', *, *, #1944, .T. ) ;
#4928 = ORIENTED_EDGE ( 'NONE', *, *, #1001, .T. ) ;
#4929 = DIRECTION ( 'NONE',  ( 0.000000000000000000, 0.000000000000000000, 1.000000000000000000 ) ) ;
#4930 = B_SPLINE_CURVE_WITH_KNOTS ( 'NONE', 3,
 ( #4458, #364, #3266, #2840, #1981, #1556, #4436, #4892, #2003, #3642, #1146, #3616, #4091, #4045, #5260, #5236, #1579, #3212, #3290, #4512, #803, #316 ),
 .UNSPECIFIED., .F., .F.,
 ( 4, 1, 1, 1, 1, 2, 2, 1, 1, 2, 2, 2, 2, 4 ),
 ( 0.000000000000000000, 0.1250000000000027478, 0.1875000000000038303, 0.2187500000000043854, 0.2343750000000046907, 0.2421875000000046907, 0.2500000000000046629, 0.3750000000000024980, 0.4375000000000014433, 0.4687500000000013878, 0.5000000000000012212, 0.6250000000000014433, 0.7500000000000014433, 1.000000000000000000 ),
 .UNSPECIFIED. ) ;
#4931 = CARTESIAN_POINT ( 'NONE',  ( 0.01632384820108757559, 0.01381262919208971901, 0.02094279355107979065 ) ) ;
#4932 = CARTESIAN_POINT ( 'NONE',  ( -0.04088539262671590097, -0.03352861162192870281, 0.01533333333333330127 ) ) ;
#4933 = PRODUCT_CONTEXT ( 'NONE', #5094, 'mechanical' ) ;
#4934 = VERTEX_POINT ( 'NONE', #3389 ) ;
#4935 = DIRECTION ( 'NONE',  ( 0.000000000000000000, 0.000000000000000000, -1.000000000000000000 ) ) ;
#4936 = DIRECTION ( 'NONE',  ( -0.5918137502217142298, -0.8060747391207037094, 0.000000000000000000 ) ) ;
#4937 = CARTESIAN_POINT ( 'NONE',  ( -0.09689220485723470944, 0.03016918124444279911, 0.01533333333333330127 ) ) ;
#4938 = CLOSED_SHELL ( 'NONE', ( #644, #1262, #1394, #1250, #1676, #3456, #4066, #2902, #747, #5178, #5046, #1432, #2065, #1163, #1903, #2228, #1347, #51, #3230, #1133, #810, #2170, #209, #3316, #3168, #3279, #2044, #772, #1352, #2968, #1886, #628, #1448, #1598, #3418, #4123, #4204, #2996, #4924, #3220, #363, #4354, #2670, #2916, #227, #2617, #345, #2623, #3536, #3382, #370, #4141, #3622, #410, #3719, #923, #2075, #4797, #3061, #3551, #2559, #145, #1625, #1203, #3508, #4711, #1761, #3162, #4738, #3084, #670, #4549, #3640, #4530, #1562, #564, #3557, #4284, #903, #2201, #3786, #1295, #1097, #834, #5172, #1510, #1048, #3965, #2742, #3390, #3595, #2130, #513, #170, #5124, #3520, #3337, #461, #4618, #2988, #4433, #5042, #5112, #3656, #2669, #4978, #1887, #2049, #4783, #4039, #4667, #4882, #1654, #3810, #2363, #696, #4364, #3120, #73, #2768, #730, #871, #3011, #1920, #2239, #577, #1370, #1561, #250, #3859, #1908, #3844, #2208, #4965 ) ) ;
#4939 = VERTEX_POINT ( 'NONE', #4211 ) ;
#4940 = EDGE_LOOP ( 'NONE', ( #4269, #2023 ) ) ;
#4941 = DIRECTION ( 'NONE',  ( 0.000000000000000000, 0.000000000000000000, -1.000000000000000000 ) ) ;
#4942 = CARTESIAN_POINT ( 'NONE',  ( 0.02232960654861273000, 0.0002499899015545167997, 0.02400699242538419792 ) ) ;
#4943 = CIRCLE ( 'NONE', #503, 0.002666666666666658771 ) ;
#4944 = DIRECTION ( 'NONE',  ( 1.000000000000000000, 0.000000000000000000, 0.000000000000000000 ) ) ;
#4945 = CARTESIAN_POINT ( 'NONE',  ( -0.06753374972773110163, 0.02184817649600809958, -0.002000000000000000042 ) ) ;
#4946 = AXIS2_PLACEMENT_3D ( 'NONE', #5177, #3496, #3468 ) ;
#4947 = VERTEX_POINT ( 'NONE', #2529 ) ;
#4948 = CARTESIAN_POINT ( 'NONE',  ( -0.05114228155668903292, 0.01482403811209048912, 0.02014237184537836026 ) ) ;
#4949 = CARTESIAN_POINT ( 'NONE',  ( -0.06327075531360283611, -0.004657032548703400610, 0.01947175377905565469 ) ) ;
#4950 = EDGE_CURVE ( 'NONE', #3414, #4647, #57, .T. ) ;
#4951 = CARTESIAN_POINT ( 'NONE',  ( 0.009442489261246821142, -0.05601725207909869636, 0.01533333333333330127 ) ) ;
#4952 = CIRCLE ( 'NONE', #164, 0.005941869605453536062 ) ;
#4953 = CARTESIAN_POINT ( 'NONE',  ( 0.01244048704342055021, 0.02116724913552110732, 0.01864168594061967749 ) ) ;
#4954 = ORIENTED_EDGE ( 'NONE', *, *, #2337, .T. ) ;
#4955 = EDGE_LOOP ( 'NONE', ( #4350, #1730, #3427, #2595 ) ) ;
#4956 = CARTESIAN_POINT ( 'NONE',  ( -0.05845653134161300779, -0.01776225839870246986, 0.02858652669571642296 ) ) ;
#4957 = CARTESIAN_POINT ( 'NONE',  ( -0.01128390250005419961, 0.02178561565332149882, 0.03533333333333329995 ) ) ;
#4958 = EDGE_CURVE ( 'NONE', #1970, #1288, #746, .T. ) ;
#4959 = DIRECTION ( 'NONE',  ( 0.000000000000000000, 0.000000000000000000, -1.000000000000000000 ) ) ;
#4960 = EDGE_CURVE ( 'NONE', #2034, #132, #548, .T. ) ;
#4961 = VERTEX_POINT ( 'NONE', #4504 ) ;
#4962 = CARTESIAN_POINT ( 'NONE',  ( 0.02845720886694854540, -0.004708361662531920268, 0.01967111542211128633 ) ) ;
#4963 = CARTESIAN_POINT ( 'NONE',  ( 0.02039348414362490008, -0.01176493006790029980, 0.01533333333333330127 ) ) ;
#4964 = CARTESIAN_POINT ( 'NONE',  ( 0.04101320167158999802, -0.003568598885633360134, 0.01533333333333330127 ) ) ;
#4965 = ADVANCED_FACE ( 'NONE', ( #850 ), #921, .F. ) ;
#4966 = VERTEX_POINT ( 'NONE', #67 ) ;
#4967 = ORIENTED_EDGE ( 'NONE', *, *, #1591, .F. ) ;
#4968 = CARTESIAN_POINT ( 'NONE',  ( -0.05739896623035714573, -0.01981259410406734436, 0.03269311406606763976 ) ) ;
#4969 =( NAMED_UNIT ( * ) SI_UNIT ( $, .STERADIAN. ) SOLID_ANGLE_UNIT ( ) );
#4970 = DIRECTION ( 'NONE',  ( 0.000000000000000000, 0.000000000000000000, -1.000000000000000000 ) ) ;
#4971 = CARTESIAN_POINT ( 'NONE',  ( 0.07422006796862089251, 0.03619384939407049862, 0.01533333333333330127 ) ) ;
#4972 = ORIENTED_EDGE ( 'NONE', *, *, #624, .T. ) ;
#4973 = EDGE_CURVE ( 'NONE', #924, #3746, #2021, .T. ) ;
#4974 = CARTESIAN_POINT ( 'NONE',  ( -0.05353553178806684520, 0.003363536759094382274, 0.02670389448385660294 ) ) ;
#4975 = CARTESIAN_POINT ( 'NONE',  ( 0.004032201021065863478, 0.01801101526058030561, 0.02735958833444148211 ) ) ;
#4976 = CARTESIAN_POINT ( 'NONE',  ( 0.03375375618659368082, -0.0008831604662069204208, 0.01633201212934665483 ) ) ;
#4977 = CARTESIAN_POINT ( 'NONE',  ( 0.01675009175282600460, 0.02280693432335538159, 0.01659501780682452743 ) ) ;
#4978 = ADVANCED_FACE ( 'NONE', ( #1675 ), #3309, .F. ) ;
#4979 = ORIENTED_EDGE ( 'NONE', *, *, #1692, .T. ) ;
#4980 = ORIENTED_EDGE ( 'NONE', *, *, #1515, .F. ) ;
#4981 = CARTESIAN_POINT ( 'NONE',  ( -0.02162186247643630224, -0.1110947601435229998, 0.01533333333333330127 ) ) ;
#4982 = DIRECTION ( 'NONE',  ( 0.000000000000000000, 0.000000000000000000, -1.000000000000000000 ) ) ;
#4983 = FACE_OUTER_BOUND ( 'NONE', #1129, .T. ) ;
#4984 = VERTEX_POINT ( 'NONE', #874 ) ;
#4985 = ORIENTED_EDGE ( 'NONE', *, *, #2683, .T. ) ;
#4986 = DIRECTION ( 'NONE',  ( 0.000000000000000000, 0.000000000000000000, -1.000000000000000000 ) ) ;
#4987 = CARTESIAN_POINT ( 'NONE',  ( 0.006291097499945659359, -0.04133682421324889888, -0.2722511313201919636 ) ) ;
#4988 = DIRECTION ( 'NONE',  ( -0.7753593898631647718, -0.6315202423921348895, 0.000000000000000000 ) ) ;
#4989 = AXIS2_PLACEMENT_3D ( 'NONE', #165, #5064, #109 ) ;
#4990 = EDGE_CURVE ( 'NONE', #3353, #280, #2501, .T. ) ;
#4991 = VERTEX_POINT ( 'NONE', #3738 ) ;
#4992 = ORIENTED_EDGE ( 'NONE', *, *, #541, .T. ) ;
#4993 = CARTESIAN_POINT ( 'NONE',  ( -0.008702294046323928375, -0.06227549747734179714, 0.02173594796369969842 ) ) ;
#4994 = VERTEX_POINT ( 'NONE', #1708 ) ;
#4995 = CARTESIAN_POINT ( 'NONE',  ( 0.07814006796862089932, 0.03619384939407049862, -0.002000000000000000042 ) ) ;
#4996 = CIRCLE ( 'NONE', #2090, 0.004575000000000002676 ) ;
#4997 = CARTESIAN_POINT ( 'NONE',  ( -0.01047332598861979922, -0.09572674167349019825, 0.01533333333333330127 ) ) ;
#4998 = CARTESIAN_POINT ( 'NONE',  ( -0.02814605640893292834, -0.07064487222412157985, 0.01625798088043544851 ) ) ;
#4999 = AXIS2_PLACEMENT_3D ( 'NONE', #4932, #5181, #868 ) ;
#5000 = ORIENTED_EDGE ( 'NONE', *, *, #797, .T. ) ;
#5001 = CARTESIAN_POINT ( 'NONE',  ( -0.05265816407471340249, 0.007186098374114705499, 0.02434327783669044259 ) ) ;
#5002 = CARTESIAN_POINT ( 'NONE',  ( -0.06221351950796229907, -0.004697210456059522886, 0.02031194203454544239 ) ) ;
#5003 = DIRECTION ( 'NONE',  ( -1.000000000000000000, 0.000000000000000000, 0.000000000000000000 ) ) ;
#5004 = VECTOR ( 'NONE', #213, 1.000000000000000000 ) ;
#5005 = CARTESIAN_POINT ( 'NONE',  ( -0.006490742190221212779, -0.07105449907271804699, 0.01614024443766391356 ) ) ;
#5006 = ORIENTED_EDGE ( 'NONE', *, *, #1034, .F. ) ;
#5007 = ORIENTED_EDGE ( 'NONE', *, *, #3872, .T. ) ;
#5008 = DIRECTION ( 'NONE',  ( 0.000000000000000000, 0.000000000000000000, 1.000000000000000000 ) ) ;
#5009 = DIRECTION ( 'NONE',  ( -1.000000000000000000, 0.000000000000000000, 0.000000000000000000 ) ) ;
#5010 = EDGE_CURVE ( 'NONE', #4280, #1117, #3341, .T. ) ;
#5011 = LINE ( 'NONE', #518, #48 ) ;
#5012 = AXIS2_PLACEMENT_3D ( 'NONE', #1499, #2757, #3132 ) ;
#5013 = ORIENTED_EDGE ( 'NONE', *, *, #4958, .F. ) ;
#5014 = ORIENTED_EDGE ( 'NONE', *, *, #1483, .T. ) ;
#5015 = CARTESIAN_POINT ( 'NONE',  ( 0.02664840817066804757, -0.004327861059531853093, 0.02110765725810640273 ) ) ;
#5016 = CARTESIAN_POINT ( 'NONE',  ( -0.02728156989282766801, -0.06238654758628327940, 0.02131918905689420690 ) ) ;
#5017 = EDGE_CURVE ( 'NONE', #1970, #991, #4658, .T. ) ;
#5018 = CARTESIAN_POINT ( 'NONE',  ( -0.007350893052492159761, -0.1182179959438969946, 0.01533333333333330127 ) ) ;
#5019 = ORIENTED_EDGE ( 'NONE', *, *, #3348, .F. ) ;
#5020 = ORIENTED_EDGE ( 'NONE', *, *, #2805, .T. ) ;
#5021 = CARTESIAN_POINT ( 'NONE',  ( -0.05781460103718847471, -0.01879803548144664410, 0.03070061782732021530 ) ) ;
#5022 = FACE_OUTER_BOUND ( 'NONE', #3206, .T. ) ;
#5023 = CARTESIAN_POINT ( 'NONE',  ( -0.01728390250005419973, -0.04591182421324879748, 0.03533333333333329995 ) ) ;
#5024 = CARTESIAN_POINT ( 'NONE',  ( -0.04229799554999370825, -0.04948199572427870035, 0.03137067417127336472 ) ) ;
#5025 = EDGE_CURVE ( 'NONE', #2656, #1311, #4712, .T. ) ;
#5026 = ORIENTED_EDGE ( 'NONE', *, *, #3431, .T. ) ;
#5027 = AXIS2_PLACEMENT_3D ( 'NONE', #994, #5008, #943 ) ;
#5028 = CARTESIAN_POINT ( 'NONE',  ( -0.05286956357100214970, 0.005071448145758399376, 0.02605735290059309553 ) ) ;
#5029 = CARTESIAN_POINT ( 'NONE',  ( 0.002006527283736587747, 0.01786182107178154940, 0.03083933279154658230 ) ) ;
#5030 = CARTESIAN_POINT ( 'NONE',  ( 0.03280647906499156025, -0.001654705488125440913, 0.01673352920844514355 ) ) ;
#5031 = CARTESIAN_POINT ( 'NONE',  ( -0.003957578797741290351, -0.05536146537138360302, -0.002000000000000000042 ) ) ;
#5032 = AXIS2_PLACEMENT_3D ( 'NONE', #1214, #3176, #4082 ) ;
#5033 = VECTOR ( 'NONE', #4365, 1.000000000000000000 ) ;
#5034 = ORIENTED_EDGE ( 'NONE', *, *, #3000, .F. ) ;
#5035 = VERTEX_POINT ( 'NONE', #3953 ) ;
#5036 = DIRECTION ( 'NONE',  ( 0.000000000000000000, 0.000000000000000000, -1.000000000000000000 ) ) ;
#5037 = CIRCLE ( 'NONE', #1105, 0.002874999999999999951 ) ;
#5038 = AXIS2_PLACEMENT_3D ( 'NONE', #3632, #2019, #3686 ) ;
#5039 = DIRECTION ( 'NONE',  ( 0.000000000000000000, 0.000000000000000000, -1.000000000000000000 ) ) ;
#5040 = DIRECTION ( 'NONE',  ( 0.000000000000000000, 0.000000000000000000, 1.000000000000000000 ) ) ;
#5041 = EDGE_LOOP ( 'NONE', ( #1976, #1997, #70, #4135 ) ) ;
#5042 = ADVANCED_FACE ( 'NONE', ( #5126 ), #3519, .T. ) ;
#5043 = DIRECTION ( 'NONE',  ( 0.000000000000000000, 0.000000000000000000, 1.000000000000000000 ) ) ;
#5044 = DIRECTION ( 'NONE',  ( 0.3878284186334243766, 0.9217315865805497666, 0.000000000000000000 ) ) ;
#5045 = CARTESIAN_POINT ( 'NONE',  ( 0.03216800759879958477, -0.01077289560001534578, 0.01804434715359542682 ) ) ;
#5046 = ADVANCED_FACE ( 'NONE', ( #2607 ), #3036, .F. ) ;
#5047 = UNCERTAINTY_MEASURE_WITH_UNIT (LENGTH_MEASURE( 1.000000000000000082E-05 ), #1642, 'distance_accuracy_value', 'NONE');
#5048 = EDGE_LOOP ( 'NONE', ( #1626, #270, #4821, #162 ) ) ;
#5049 = DIRECTION ( 'NONE',  ( 0.000000000000000000, 0.000000000000000000, 1.000000000000000000 ) ) ;
#5050 = ORIENTED_EDGE ( 'NONE', *, *, #4449, .T. ) ;
#5051 = DIRECTION ( 'NONE',  ( -1.000000000000000000, 0.000000000000000000, 0.000000000000000000 ) ) ;
#5052 = CARTESIAN_POINT ( 'NONE',  ( -0.03802405547520964352, -0.05419874096238444516, 0.02676839289571186081 ) ) ;
#5053 = CARTESIAN_POINT ( 'NONE',  ( -0.02812665349857376360, -0.07076516992793892291, 0.01622255335173851398 ) ) ;
#5054 = ORIENTED_EDGE ( 'NONE', *, *, #1022, .F. ) ;
#5055 = CARTESIAN_POINT ( 'NONE',  ( -0.05286654178559978962, 0.005083568151833792181, 0.02604972884044988099 ) ) ;
#5056 = EDGE_CURVE ( 'NONE', #514, #934, #2632, .T. ) ;
#5057 = ORIENTED_EDGE ( 'NONE', *, *, #4624, .T. ) ;
#5058 = CARTESIAN_POINT ( 'NONE',  ( 0.0006540146213500144801, 0.01808649425752319878, 0.03334488505871046476 ) ) ;
#5059 = CARTESIAN_POINT ( 'NONE',  ( 0.001716097499945689860, 0.008100675786751171045, 0.03533333333333329995 ) ) ;
#5060 = CARTESIAN_POINT ( 'NONE',  ( -0.006149475421157014378, -0.06894033978715091715, 0.01674288848319577250 ) ) ;
#5061 = ORIENTED_EDGE ( 'NONE', *, *, #3739, .T. ) ;
#5062 = ORIENTED_EDGE ( 'NONE', *, *, #5273, .F. ) ;
#5063 = PLANE ( 'NONE',  #153 ) ;
#5064 = DIRECTION ( 'NONE',  ( 0.000000000000000000, 0.000000000000000000, 1.000000000000000000 ) ) ;
#5065 = DIRECTION ( 'NONE',  ( -1.000000000000000000, 0.000000000000000000, 0.000000000000000000 ) ) ;
#5066 = ORIENTED_EDGE ( 'NONE', *, *, #936, .T. ) ;
#5067 = ORIENTED_EDGE ( 'NONE', *, *, #2336, .T. ) ;
#5068 = CARTESIAN_POINT ( 'NONE',  ( 0.07329550651410969564, 0.02272492286139949844, 0.01533333333333330127 ) ) ;
#5069 = CARTESIAN_POINT ( 'NONE',  ( -0.02781958211036746412, -0.06264631557948643903, 0.02094743394226302249 ) ) ;
#5070 = CARTESIAN_POINT ( 'NONE',  ( -0.005794393988147580367, -0.06372115708424490321, 0.01981788607984840550 ) ) ;
#5071 = EDGE_CURVE ( 'NONE', #621, #4494, #987, .T. ) ;
#5072 = ORIENTED_EDGE ( 'NONE', *, *, #5209, .T. ) ;
#5073 = DIRECTION ( 'NONE',  ( -3.791745302681550511E-16, -1.000000000000000000, 0.000000000000000000 ) ) ;
#5074 = DIRECTION ( 'NONE',  ( -0.000000000000000000, -0.000000000000000000, 1.000000000000000000 ) ) ;
#5075 = DIRECTION ( 'NONE',  ( -1.000000000000000000, 0.000000000000000000, 0.000000000000000000 ) ) ;
#5076 = EDGE_CURVE ( 'NONE', #4002, #768, #46, .T. ) ;
#5077 = DIRECTION ( 'NONE',  ( 0.000000000000000000, 0.000000000000000000, 1.000000000000000000 ) ) ;
#5078 = ORIENTED_EDGE ( 'NONE', *, *, #1115, .F. ) ;
#5079 = CARTESIAN_POINT ( 'NONE',  ( -0.05271001203693084086, 0.005922709328456644655, 0.02544997632194721804 ) ) ;
#5080 = AXIS2_PLACEMENT_3D ( 'NONE', #2547, #1290, #2977 ) ;
#5081 = CARTESIAN_POINT ( 'NONE',  ( 0.001475893292770232360, 0.01791904568326101524, 0.03180413193295090341 ) ) ;
#5082 = CARTESIAN_POINT ( 'NONE',  ( -0.02601838095739940002, -0.08383642269516329570, 0.01533333333333330127 ) ) ;
#5083 = CARTESIAN_POINT ( 'NONE',  ( 0.006291097499945689717, -0.04133682421324889888, 0.007333333333333339268 ) ) ;
#5084 = AXIS2_PLACEMENT_3D ( 'NONE', #1150, #1178, #3270 ) ;
#5085 = VERTEX_POINT ( 'NONE', #4033 ) ;
#5086 = CYLINDRICAL_SURFACE ( 'NONE', #407, 0.002666666666666657470 ) ;
#5087 = VECTOR ( 'NONE', #4548, 1.000000000000000000 ) ;
#5088 = FACE_BOUND ( 'NONE', #3100, .T. ) ;
#5089 = FACE_OUTER_BOUND ( 'NONE', #2300, .T. ) ;
#5090 = EDGE_CURVE ( 'NONE', #4682, #2780, #792, .T. ) ;
#5091 =( GEOMETRIC_REPRESENTATION_CONTEXT ( 3 ) GLOBAL_UNCERTAINTY_ASSIGNED_CONTEXT ( ( #5047 ) ) GLOBAL_UNIT_ASSIGNED_CONTEXT ( ( #1642, #3277, #1235 ) ) REPRESENTATION_CONTEXT ( 'NONE', 'WORKASPACE' ) );
#5092 = AXIS2_PLACEMENT_3D ( 'NONE', #1400, #1753, #3029 ) ;
#5093 = VERTEX_POINT ( 'NONE', #2416 ) ;
#5094 = APPLICATION_CONTEXT ( 'automotive_design' ) ;
#5095 = ORIENTED_EDGE ( 'NONE', *, *, #2599, .T. ) ;
#5096 = DIRECTION ( 'NONE',  ( 0.000000000000000000, 0.000000000000000000, -1.000000000000000000 ) ) ;
#5097 = CARTESIAN_POINT ( 'NONE',  ( -0.02719778588739922565, -0.06235757499637141488, 0.02136603505841503173 ) ) ;
#5098 = AXIS2_PLACEMENT_3D ( 'NONE', #2785, #2055, #3694 ) ;
#5099 = CARTESIAN_POINT ( 'NONE',  ( -0.006218697726824881124, -0.06310628380591366826, 0.02041741815413584613 ) ) ;
#5100 = AXIS2_PLACEMENT_3D ( 'NONE', #1140, #2342, #1216 ) ;
#5101 = ORIENTED_EDGE ( 'NONE', *, *, #4830, .T. ) ;
#5102 = CARTESIAN_POINT ( 'NONE',  ( -0.02900521001857279957, -0.06531813491755900092, -0.002000000000000000042 ) ) ;
#5103 = CARTESIAN_POINT ( 'NONE',  ( 0.008578597499945729218, -0.03676182421324890315, 0.007333333333333339268 ) ) ;
#5104 = CARTESIAN_POINT ( 'NONE',  ( -0.03717530432857852479, -0.05653109397964254518, 0.02392288042718823324 ) ) ;
#5105 = CARTESIAN_POINT ( 'NONE',  ( -0.03673090592057873943, 0.01785300526833614315, 0.03055844990252121890 ) ) ;
#5106 = ORIENTED_EDGE ( 'NONE', *, *, #4958, .T. ) ;
#5107 = CARTESIAN_POINT ( 'NONE',  ( -0.07987338147798370147, 0.02362532283077529993, -0.002000000000000000042 ) ) ;
#5108 = CARTESIAN_POINT ( 'NONE',  ( 0.01867649267523725440, 0.003953325330298793246, 0.02659884380025593839 ) ) ;
#5109 = CARTESIAN_POINT ( 'NONE',  ( -0.02344621988434190257, -0.08329881133058389397, 0.01533333333333330127 ) ) ;
#5110 = DIRECTION ( 'NONE',  ( 0.000000000000000000, 0.000000000000000000, -1.000000000000000000 ) ) ;
#5111 = VERTEX_POINT ( 'NONE', #3977 ) ;
#5112 = ADVANCED_FACE ( 'NONE', ( #2365 ), #5175, .F. ) ;
#5113 = CARTESIAN_POINT ( 'NONE',  ( -0.01728890371317540198, -0.1381228489526480085, -0.002000000000000000042 ) ) ;
#5114 = CARTESIAN_POINT ( 'NONE',  ( 0.01825212487898095551, 0.008346995470014285587, 0.02320604338145240003 ) ) ;
#5115 = CIRCLE ( 'NONE', #2379, 0.002666666666666662241 ) ;
#5116 = CYLINDRICAL_SURFACE ( 'NONE', #3647, 0.002666666666666660940 ) ;
#5117 = ORIENTED_EDGE ( 'NONE', *, *, #4420, .F. ) ;
#5118 = AXIS2_PLACEMENT_3D ( 'NONE', #3093, #4343, #4713 ) ;
#5119 = ORIENTED_EDGE ( 'NONE', *, *, #576, .T. ) ;
#5120 = AXIS2_PLACEMENT_3D ( 'NONE', #4261, #3794, #4656 ) ;
#5121 = VERTEX_POINT ( 'NONE', #710 ) ;
#5122 = CARTESIAN_POINT ( 'NONE',  ( 0.01899051029057839679, 0.01367329908378140009, 0.01533333333333330127 ) ) ;
#5123 = EDGE_CURVE ( 'NONE', #1154, #5237, #3603, .T. ) ;
#5124 = ADVANCED_FACE ( 'NONE', ( #378 ), #3174, .F. ) ;
#5125 = CARTESIAN_POINT ( 'NONE',  ( -0.01728890371215159941, -0.1256818337813389863, -0.002000000000000000042 ) ) ;
#5126 = FACE_OUTER_BOUND ( 'NONE', #2953, .T. ) ;
#5127 = FACE_OUTER_BOUND ( 'NONE', #2335, .T. ) ;
#5128 = DIRECTION ( 'NONE',  ( 0.000000000000000000, 0.000000000000000000, 1.000000000000000000 ) ) ;
#5129 = DIRECTION ( 'NONE',  ( 0.000000000000000000, 0.000000000000000000, -1.000000000000000000 ) ) ;
#5130 = DIRECTION ( 'NONE',  ( 0.000000000000000000, 0.000000000000000000, 1.000000000000000000 ) ) ;
#5131 = CARTESIAN_POINT ( 'NONE',  ( -0.03681294219340447427, 0.01784946044490103370, 0.03041283266732061272 ) ) ;
#5132 = VERTEX_POINT ( 'NONE', #1212 ) ;
#5133 = PLANE ( 'NONE',  #3843 ) ;
#5134 = CARTESIAN_POINT ( 'NONE',  ( 0.01856800795251728475, 0.004232533978245916692, 0.02649124988372925787 ) ) ;
#5135 = CARTESIAN_POINT ( 'NONE',  ( -0.09883367192800469880, 0.03376142891895640014, -0.002000000000000000042 ) ) ;
#5136 = LINE ( 'NONE', #3104, #3560 ) ;
#5137 = ORIENTED_EDGE ( 'NONE', *, *, #3970, .F. ) ;
#5138 = DIRECTION ( 'NONE',  ( 0.000000000000000000, 0.000000000000000000, -1.000000000000000000 ) ) ;
#5139 = CARTESIAN_POINT ( 'NONE',  ( -0.04085890250005420193, -0.03676182421324890315, 0.007333333333333339268 ) ) ;
#5140 = DIRECTION ( 'NONE',  ( 0.4146207579513699337, 0.9099943005732681334, 0.000000000000000000 ) ) ;
#5141 = EDGE_CURVE ( 'NONE', #3568, #4939, #3405, .T. ) ;
#5142 = ORIENTED_EDGE ( 'NONE', *, *, #3682, .F. ) ;
#5143 = ORIENTED_EDGE ( 'NONE', *, *, #1492, .T. ) ;
#5144 = CARTESIAN_POINT ( 'NONE',  ( -0.01728390250005419973, -0.01776182421324879954, 0.02173594796369979903 ) ) ;
#5145 = LINE ( 'NONE', #1831, #4345 ) ;
#5146 = DIRECTION ( 'NONE',  ( -1.826024711554529969E-16, -1.000000000000000000, 0.000000000000000000 ) ) ;
#5147 = CARTESIAN_POINT ( 'NONE',  ( 0.02688264055650051512, -0.01507775902118902757, 0.02287507043147972083 ) ) ;
#5148 = CARTESIAN_POINT ( 'NONE',  ( 0.07618006796862089591, 0.03619384939407049862, 0.01533333333333330127 ) ) ;
#5149 = LINE ( 'NONE', #4805, #4432 ) ;
#5150 = CARTESIAN_POINT ( 'NONE',  ( 0.02328294629275247385, -0.01872763996430503591, 0.03055844990238674314 ) ) ;
#5151 = CARTESIAN_POINT ( 'NONE',  ( -0.03845835209212364325, -0.05353713737519957827, 0.02755406398685212102 ) ) ;
#5152 = EDGE_CURVE ( 'NONE', #3545, #4647, #5271, .T. ) ;
#5153 = CARTESIAN_POINT ( 'NONE',  ( -0.03859987814047335236, 0.01801160762792875306, 0.02735856500143626566 ) ) ;
#5154 = EDGE_CURVE ( 'NONE', #1580, #4307, #1969, .T. ) ;
#5155 = ORIENTED_EDGE ( 'NONE', *, *, #181, .T. ) ;
#5156 = ORIENTED_EDGE ( 'NONE', *, *, #4596, .F. ) ;
#5157 = CARTESIAN_POINT ( 'NONE',  ( -0.05323000230672955690, 0.009649964605618895769, 0.02187399780072748351 ) ) ;
#5158 = CARTESIAN_POINT ( 'NONE',  ( 0.01842865980039641582, 0.004626313017814550135, 0.02631270490089766129 ) ) ;
#5159 = DIRECTION ( 'NONE',  ( -1.000000000000000000, 0.000000000000000000, 0.000000000000000000 ) ) ;
#5160 = LINE ( 'NONE', #2735, #568 ) ;
#5161 = VECTOR ( 'NONE', #4686, 1.000000000000000000 ) ;
#5162 = VERTEX_POINT ( 'NONE', #1619 ) ;
#5163 = CARTESIAN_POINT ( 'NONE',  ( -0.09763615849037690642, 0.04043887151547410214, -0.002000000000000000042 ) ) ;
#5164 = FACE_BOUND ( 'NONE', #999, .T. ) ;
#5165 = CIRCLE ( 'NONE', #4224, 0.006666666666666670564 ) ;
#5166 = DIRECTION ( 'NONE',  ( 0.1131229827474394961, -0.9935809935653571179, 0.000000000000000000 ) ) ;
#5167 = EDGE_LOOP ( 'NONE', ( #1770, #1557, #2157, #4370, #1648, #524 ) ) ;
#5168 = ORIENTED_EDGE ( 'NONE', *, *, #3492, .F. ) ;
#5169 = CARTESIAN_POINT ( 'NONE',  ( -0.0003407797996382779947, 0.01847255991507119888, 0.01533333333333330127 ) ) ;
#5170 = CIRCLE ( 'NONE', #3548, 0.006666666666666673166 ) ;
#5172 = ADVANCED_FACE ( 'NONE', ( #5225 ), #2849, .F. ) ;
#5171 = CYLINDRICAL_SURFACE ( 'NONE', #4254, 0.002666666666666660940 ) ;
#5173 = DIRECTION ( 'NONE',  ( 0.000000000000000000, 0.000000000000000000, -1.000000000000000000 ) ) ;
#5174 = VECTOR ( 'NONE', #1043, 1.000000000000000000 ) ;
#5175 = CYLINDRICAL_SURFACE ( 'NONE', #3038, 0.007206576865976088708 ) ;
#5176 = ORIENTED_EDGE ( 'NONE', *, *, #144, .F. ) ;
#5178 = ADVANCED_FACE ( 'NONE', ( #2445 ), #1914, .F. ) ;
#5177 = CARTESIAN_POINT ( 'NONE',  ( -0.04085890250005420193, 0.005813175786751169707, 0.03533333333333329995 ) ) ;
#5179 = CIRCLE ( 'NONE', #480, 0.001649999999999998690 ) ;
#5180 = CARTESIAN_POINT ( 'NONE',  ( -0.01728890371215159941, -0.1256818337813389863, 0.01533333333333330127 ) ) ;
#5181 = DIRECTION ( 'NONE',  ( -0.9872410498803384504, -0.1592328779843130981, 0.000000000000000000 ) ) ;
#5182 = CARTESIAN_POINT ( 'NONE',  ( -0.03704999020577320196, 0.02451203951586400018, 0.01533333333333330127 ) ) ;
#5183 = VERTEX_POINT ( 'NONE', #4421 ) ;
#5184 = VERTEX_POINT ( 'NONE', #4368 ) ;
#5185 = DIRECTION ( 'NONE',  ( 0.000000000000000000, 0.000000000000000000, 1.000000000000000000 ) ) ;
#5186 = DIRECTION ( 'NONE',  ( -0.000000000000000000, 1.000000000000000000, 0.000000000000000000 ) ) ;
#5187 = PRODUCT_DEFINITION_FORMATION_WITH_SPECIFIED_SOURCE ( 'ANY', '', #944, .NOT_KNOWN. ) ;
#5188 = EDGE_CURVE ( 'NONE', #4619, #4639, #3138, .T. ) ;
#5189 = FACE_OUTER_BOUND ( 'NONE', #2616, .T. ) ;
#5190 = DIRECTION ( 'NONE',  ( 0.000000000000000000, 0.000000000000000000, -1.000000000000000000 ) ) ;
#5191 = ORIENTED_EDGE ( 'NONE', *, *, #4950, .F. ) ;
#5192 = CARTESIAN_POINT ( 'NONE',  ( -0.05098453640313357904, 0.01296894441539074572, 0.02144332701465026872 ) ) ;
#5193 = CARTESIAN_POINT ( 'NONE',  ( 0.01808813323708353266, 0.006821157510619470753, 0.02467666623337364668 ) ) ;
#5194 = LINE ( 'NONE', #2655, #3903 ) ;
#5195 = ORIENTED_EDGE ( 'NONE', *, *, #2638, .F. ) ;
#5196 = ORIENTED_EDGE ( 'NONE', *, *, #5154, .F. ) ;
#5197 = DIRECTION ( 'NONE',  ( 1.000000000000000000, 0.000000000000000000, 0.000000000000000000 ) ) ;
#5198 = AXIS2_PLACEMENT_3D ( 'NONE', #266, #5217, #1502 ) ;
#5199 = CARTESIAN_POINT ( 'NONE',  ( -0.06797095890774756954, -0.009764220682544523175, 0.01729649467844417837 ) ) ;
#5200 = CARTESIAN_POINT ( 'NONE',  ( -0.04085890250005420193, -0.04133682421324889888, 0.003000000000000002665 ) ) ;
#5201 = CARTESIAN_POINT ( 'NONE',  ( -0.04375472378108979932, -0.05760620925064510039, -0.002000000000000000042 ) ) ;
#5202 = ORIENTED_EDGE ( 'NONE', *, *, #2336, .F. ) ;
#5203 = AXIS2_PLACEMENT_3D ( 'NONE', #4213, #5049, #2103 ) ;
#5204 = ORIENTED_EDGE ( 'NONE', *, *, #4295, .F. ) ;
#5205 = FACE_OUTER_BOUND ( 'NONE', #3318, .T. ) ;
#5206 = AXIS2_PLACEMENT_3D ( 'NONE', #431, #4126, #1232 ) ;
#5207 = DIRECTION ( 'NONE',  ( 0.000000000000000000, 0.000000000000000000, -1.000000000000000000 ) ) ;
#5208 = LINE ( 'NONE', #3180, #2193 ) ;
#5209 = EDGE_CURVE ( 'NONE', #184, #1309, #2394, .T. ) ;
#5210 = ORIENTED_EDGE ( 'NONE', *, *, #2839, .T. ) ;
#5211 = ORIENTED_EDGE ( 'NONE', *, *, #2371, .T. ) ;
#5212 = CARTESIAN_POINT ( 'NONE',  ( -0.05288771997956762116, 0.008680877116468990740, 0.02287397033050302120 ) ) ;
#5213 = LINE ( 'NONE', #668, #2380 ) ;
#5214 = CARTESIAN_POINT ( 'NONE',  ( 0.02555758307304119986, -0.002938928915574720146, 0.02173594796369979903 ) ) ;
#5215 = DIRECTION ( 'NONE',  ( 0.000000000000000000, 0.000000000000000000, -1.000000000000000000 ) ) ;
#5216 = ORIENTED_EDGE ( 'NONE', *, *, #993, .F. ) ;
#5217 = DIRECTION ( 'NONE',  ( 0.000000000000000000, 0.000000000000000000, -1.000000000000000000 ) ) ;
#5218 = DIRECTION ( 'NONE',  ( 0.000000000000000000, 0.000000000000000000, -1.000000000000000000 ) ) ;
#5219 = LINE ( 'NONE', #2679, #1931 ) ;
#5220 = ORIENTED_EDGE ( 'NONE', *, *, #4100, .T. ) ;
#5221 = VERTEX_POINT ( 'NONE', #5249 ) ;
#5222 = ORIENTED_EDGE ( 'NONE', *, *, #1217, .F. ) ;
#5223 = CARTESIAN_POINT ( 'NONE',  ( -0.06585966373764964854, -0.01148428443097121963, 0.01864168594058762327 ) ) ;
#5224 = LINE ( 'NONE', #4446, #2254 ) ;
#5225 = FACE_OUTER_BOUND ( 'NONE', #2868, .T. ) ;
#5226 = ORIENTED_EDGE ( 'NONE', *, *, #1382, .T. ) ;
#5227 = CARTESIAN_POINT ( 'NONE',  ( -0.02328390250005419812, 0.02178561565332149882, 0.03533333333333329995 ) ) ;
#5228 = CYLINDRICAL_SURFACE ( 'NONE', #4093, 0.04000000000000000777 ) ;
#5229 = CARTESIAN_POINT ( 'NONE',  ( 0.04046023399220810557, 0.008018444707213030764, -0.002000000000000000042 ) ) ;
#5230 = ORIENTED_EDGE ( 'NONE', *, *, #38, .F. ) ;
#5231 = ORIENTED_EDGE ( 'NONE', *, *, #3575, .F. ) ;
#5232 = CARTESIAN_POINT ( 'NONE',  ( 0.06617438331510140659, 0.02880026209783720023, -0.002000000000000000042 ) ) ;
#5233 = DIRECTION ( 'NONE',  ( 0.000000000000000000, 0.000000000000000000, -1.000000000000000000 ) ) ;
#5234 = EDGE_CURVE ( 'NONE', #3670, #4680, #737, .T. ) ;
#5235 = LINE ( 'NONE', #1578, #4311 ) ;
#5236 = CARTESIAN_POINT ( 'NONE',  ( 0.001280572767296676504, -0.06474577050283748803, 0.01770201833888086426 ) ) ;
#5237 = VERTEX_POINT ( 'NONE', #892 ) ;
#5238 = CARTESIAN_POINT ( 'NONE',  ( -0.05804731317361402909, -0.0001529814838397506314, 0.02281301906984316633 ) ) ;
#5239 = DIRECTION ( 'NONE',  ( 0.000000000000000000, 0.000000000000000000, 1.000000000000000000 ) ) ;
#5240 = CARTESIAN_POINT ( 'NONE',  ( 0.01697526513554530048, 0.01192690334505919908, -0.002000000000000000042 ) ) ;
#5241 = AXIS2_PLACEMENT_3D ( 'NONE', #3409, #996, #5039 ) ;
#5242 = ORIENTED_EDGE ( 'NONE', *, *, #427, .F. ) ;
#5243 = VERTEX_POINT ( 'NONE', #2067 ) ;
#5244 = CARTESIAN_POINT ( 'NONE',  ( -0.05328972908013270005, 0.009782532076213899808, 0.02173594796369979903 ) ) ;
#5245 = CARTESIAN_POINT ( 'NONE',  ( -0.07558014236059010238, -0.003565049293469639904, 0.01533333333333330127 ) ) ;
#5246 = VECTOR ( 'NONE', #2281, 1.000000000000000000 ) ;
#5247 = DIRECTION ( 'NONE',  ( 0.9345922678472772249, -0.3557208074882370896, 0.000000000000000000 ) ) ;
#5248 = EDGE_CURVE ( 'NONE', #1551, #399, #1700, .T. ) ;
#5249 = CARTESIAN_POINT ( 'NONE',  ( 0.006291097499945689717, 0.001238175786751180042, 0.03533333333333329995 ) ) ;
#5250 = DIRECTION ( 'NONE',  ( -0.3877126804389318671, 0.9217802761107760645, 0.000000000000000000 ) ) ;
#5251 = CARTESIAN_POINT ( 'NONE',  ( 0.07618006796862089591, 0.03619384939407049862, -0.002000000000000000042 ) ) ;
#5252 = AXIS2_PLACEMENT_3D ( 'NONE', #581, #3446, #5075 ) ;
#5253 = CARTESIAN_POINT ( 'NONE',  ( -0.09859364826557089068, 0.02722262204431919949, 0.01533333333333330127 ) ) ;
#5254 = ORIENTED_EDGE ( 'NONE', *, *, #1121, .F. ) ;
#5255 = ORIENTED_EDGE ( 'NONE', *, *, #5248, .F. ) ;
#5256 = PLANE ( 'NONE',  #2032 ) ;
#5257 = DIRECTION ( 'NONE',  ( -1.000000000000000000, 0.000000000000000000, 0.000000000000000000 ) ) ;
#5258 = DIRECTION ( 'NONE',  ( 0.000000000000000000, 0.000000000000000000, 1.000000000000000000 ) ) ;
#5259 = AXIS2_PLACEMENT_3D ( 'NONE', #2321, #5190, #1419 ) ;
#5260 = CARTESIAN_POINT ( 'NONE',  ( 0.001460246236846485029, -0.06363268722473215677, 0.01827740444513399967 ) ) ;
#5261 = ORIENTED_EDGE ( 'NONE', *, *, #4673, .T. ) ;
#5262 = CARTESIAN_POINT ( 'NONE',  ( -0.05092985620457804452, 0.01321652934911335918, 0.02131491556512552649 ) ) ;
#5263 = VECTOR ( 'NONE', #2071, 1.000000000000000000 ) ;
#5264 = DIRECTION ( 'NONE',  ( -1.000000000000000000, 0.000000000000000000, 0.000000000000000000 ) ) ;
#5265 = DIRECTION ( 'NONE',  ( -0.7752800883440450486, 0.6316175936571509775, 0.000000000000000000 ) ) ;
#5266 = EDGE_CURVE ( 'NONE', #514, #2969, #1292, .T. ) ;
#5267 = VERTEX_POINT ( 'NONE', #3683 ) ;
#5268 = ORIENTED_EDGE ( 'NONE', *, *, #3851, .F. ) ;
#5269 = FACE_OUTER_BOUND ( 'NONE', #3311, .T. ) ;
#5270 = CARTESIAN_POINT ( 'NONE',  ( 0.01663801428876237817, 0.01495613361753398221, 0.02001632974651048821 ) ) ;
#5271 = LINE ( 'NONE', #816, #3832 ) ;
#5272 = AXIS2_PLACEMENT_3D ( 'NONE', #594, #2221, #3053 ) ;
#5273 = EDGE_CURVE ( 'NONE', #243, #1366, #2246, .T. ) ;
#5274 = EDGE_CURVE ( 'NONE', #23, #2400, #1516, .T. ) ;
#5275 = LINE ( 'NONE', #4881, #3927 ) ;
#5276 = CARTESIAN_POINT ( 'NONE',  ( -0.04085890250005420193, -0.04133682421324889888, 0.03533333333333329995 ) ) ;
#5277 = AXIS2_PLACEMENT_3D ( 'NONE', #1943, #4009, #4502 ) ;
#5278 = AXIS2_PLACEMENT_3D ( 'NONE', #4518, #53, #2918 ) ;
#5279 = DIRECTION ( 'NONE',  ( -1.000000000000000000, 0.000000000000000000, 0.000000000000000000 ) ) ;
#5280 = ORIENTED_EDGE ( 'NONE', *, *, #3164, .F. ) ;
#5281 = ORIENTED_EDGE ( 'NONE', *, *, #863, .F. ) ;
#5282 = AXIS2_PLACEMENT_3D ( 'NONE', #2178, #1783, #4183 ) ;
#5283 = DIRECTION ( 'NONE',  ( 0.000000000000000000, 0.000000000000000000, 1.000000000000000000 ) ) ;
#5284 = AXIS2_PLACEMENT_3D ( 'NONE', #3419, #3822, #3465 ) ;
#5285 = CYLINDRICAL_SURFACE ( 'NONE', #2893, 0.002666666666666660940 ) ;
#5286 = DIRECTION ( 'NONE',  ( 0.000000000000000000, 0.000000000000000000, -1.000000000000000000 ) ) ;
#5287 = DIRECTION ( 'NONE',  ( 0.8039048897712641750, 0.5947578735938277017, 0.000000000000000000 ) ) ;
#5288 = ORIENTED_EDGE ( 'NONE', *, *, #793, .F. ) ;
ENDSEC;
END-ISO-10303-21;
