ISO-10303-21;
HEADER;
FILE_DESCRIPTION (( 'STEP AP214' ),
    '1' );
FILE_NAME ('tilt-pulley-mount2.STEP',
    '2026-05-02T00:47:58',
    ( '' ),
    ( '' ),
    'SwSTEP 2.0',
    'SolidWorks 2026',
    '' );
FILE_SCHEMA (( 'AUTOMOTIVE_DESIGN' ));
ENDSEC;

DATA;
#1 = AXIS2_PLACEMENT_3D ( 'NONE', #810, #767, #749 ) ;
#2 = CARTESIAN_POINT ( 'NONE',  ( -0.02356519639825395418, -0.03782423924542837462, 0.2283715764128778358 ) ) ;
#3 = AXIS2_PLACEMENT_3D ( 'NONE', #1697, #3485, #1426 ) ;
#4 = DIRECTION ( 'NONE',  ( 1.000000000000000000, 0.000000000000000000, 1.073081856240829922E-16 ) ) ;
#5 = LINE ( 'NONE', #1174, #3667 ) ;
#6 = DIRECTION ( 'NONE',  ( 1.000000000000000000, 0.000000000000000000, 0.000000000000000000 ) ) ;
#7 = ORIENTED_EDGE ( 'NONE', *, *, #826, .F. ) ;
#8 = CARTESIAN_POINT ( 'NONE',  ( -0.01223781788348459951, -0.03466232424600759754, 0.2207769233528390218 ) ) ;
#9 = DIRECTION ( 'NONE',  ( 0.000000000000000000, -1.000000000000000000, 0.000000000000000000 ) ) ;
#10 = ADVANCED_FACE ( 'NONE', ( #2507 ), #2203, .F. ) ;
#11 = EDGE_CURVE ( 'NONE', #2228, #3561, #2778, .T. ) ;
#12 = DIRECTION ( 'NONE',  ( 0.000000000000000000, 1.000000000000000000, 0.000000000000000000 ) ) ;
#13 = ORIENTED_EDGE ( 'NONE', *, *, #2068, .F. ) ;
#14 = PLANE ( 'NONE',  #651 ) ;
#15 = VECTOR ( 'NONE', #578, 1.000000000000000000 ) ;
#16 = EDGE_CURVE ( 'NONE', #1692, #2652, #205, .T. ) ;
#17 = ORIENTED_EDGE ( 'NONE', *, *, #1037, .F. ) ;
#18 = ORIENTED_EDGE ( 'NONE', *, *, #2142, .F. ) ;
#19 = CARTESIAN_POINT ( 'NONE',  ( 0.01020278103975690021, -0.03566232424600759843, 0.2240137836320239828 ) ) ;
#20 = CARTESIAN_POINT ( 'NONE',  ( -0.02329721896024300118, -0.03566232424600759843, 0.2326628942726980120 ) ) ;
#21 = LINE ( 'NONE', #1468, #3119 ) ;
#22 = VERTEX_POINT ( 'NONE', #2539 ) ;
#23 = CARTESIAN_POINT ( 'NONE',  ( -0.02329721896024300118, -0.03654856314307609877, 0.2298117426031570099 ) ) ;
#24 = CARTESIAN_POINT ( 'NONE',  ( -0.01729721896024299932, -0.05366232424600769768, 0.2200137836320239793 ) ) ;
#25 = DIRECTION ( 'NONE',  ( 0.000000000000000000, 1.000000000000000000, 0.000000000000000000 ) ) ;
#26 = ORIENTED_EDGE ( 'NONE', *, *, #1487, .T. ) ;
#27 = CARTESIAN_POINT ( 'NONE',  ( -0.009795155079146132190, -0.03888209068831679355, 0.2267307312328517288 ) ) ;
#28 = LINE ( 'NONE', #3515, #3241 ) ;
#29 = VERTEX_POINT ( 'NONE', #2031 ) ;
#30 = FACE_BOUND ( 'NONE', #2310, .T. ) ;
#31 = ORIENTED_EDGE ( 'NONE', *, *, #3398, .T. ) ;
#32 = ORIENTED_EDGE ( 'NONE', *, *, #1428, .F. ) ;
#33 = DIRECTION ( 'NONE',  ( 0.8660254037844387076, 0.000000000000000000, 0.4999999999999998890 ) ) ;
#34 = DIRECTION ( 'NONE',  ( 0.000000000000000000, -1.000000000000000000, 0.000000000000000000 ) ) ;
#35 = ADVANCED_FACE ( 'NONE', ( #3718 ), #3488, .T. ) ;
#36 = EDGE_CURVE ( 'NONE', #1333, #912, #574, .T. ) ;
#37 = FACE_OUTER_BOUND ( 'NONE', #3716, .T. ) ;
#38 = ORIENTED_EDGE ( 'NONE', *, *, #3071, .T. ) ;
#39 = DIRECTION ( 'NONE',  ( 0.000000000000000000, -1.000000000000000000, 0.000000000000000000 ) ) ;
#40 = VECTOR ( 'NONE', #3661, 1.000000000000000000 ) ;
#41 = CARTESIAN_POINT ( 'NONE',  ( -0.01129721896024309807, -0.03603998061770929268, 0.2306843819315943234 ) ) ;
#42 = DIRECTION ( 'NONE',  ( 0.000000000000000000, -1.000000000000000000, 0.000000000000000000 ) ) ;
#43 = VERTEX_POINT ( 'NONE', #2610 ) ;
#44 = AXIS2_PLACEMENT_3D ( 'NONE', #2118, #970, #1902 ) ;
#45 = CARTESIAN_POINT ( 'NONE',  ( 0.002702781039756939948, 0.04228996209459180006, 0.2200137836320239793 ) ) ;
#46 = AXIS2_PLACEMENT_3D ( 'NONE', #3637, #3027, #3301 ) ;
#47 = CARTESIAN_POINT ( 'NONE',  ( -0.03527649301807930099, -0.03246232424600770106, 0.2165137836320239761 ) ) ;
#48 = DIRECTION ( 'NONE',  ( -0.4999999999999998890, 0.000000000000000000, 0.8660254037844387076 ) ) ;
#49 = ORIENTED_EDGE ( 'NONE', *, *, #2231, .T. ) ;
#50 = DIRECTION ( 'NONE',  ( 0.000000000000000000, 1.000000000000000000, 0.000000000000000000 ) ) ;
#51 = ORIENTED_EDGE ( 'NONE', *, *, #3331, .F. ) ;
#52 = VERTEX_POINT ( 'NONE', #3787 ) ;
#53 = ORIENTED_EDGE ( 'NONE', *, *, #122, .F. ) ;
#54 = LINE ( 'NONE', #2676, #2269 ) ;
#55 = DIRECTION ( 'NONE',  ( -1.779203565104419840E-16, 0.000000000000000000, 1.000000000000000000 ) ) ;
#56 = CIRCLE ( 'NONE', #3352, 0.002200000000000000566 ) ;
#57 = DIRECTION ( 'NONE',  ( 0.000000000000000000, -1.000000000000000000, 0.000000000000000000 ) ) ;
#58 = ADVANCED_FACE ( 'NONE', ( #456, #2799 ), #1168, .F. ) ;
#59 = EDGE_CURVE ( 'NONE', #3625, #1682, #147, .T. ) ;
#60 = CARTESIAN_POINT ( 'NONE',  ( -0.02360967502293119524, -0.03794701196769225543, 0.2282618955877697142 ) ) ;
#61 = TOROIDAL_SURFACE ( 'NONE', #2689, 0.01400000000000000029, 0.004000000000000000083 ) ;
#62 = ORIENTED_EDGE ( 'NONE', *, *, #3701, .F. ) ;
#63 = CIRCLE ( 'NONE', #3116, 0.005625329094090220083 ) ;
#64 = CARTESIAN_POINT ( 'NONE',  ( -0.01129721896024309981, -0.03573809732333533412, 0.2316556878644730200 ) ) ;
#65 = LINE ( 'NONE', #2619, #2880 ) ;
#66 = CARTESIAN_POINT ( 'NONE',  ( -0.01931794490240680215, -0.03246232424600770106, 0.2435137836320240001 ) ) ;
#67 = ORIENTED_EDGE ( 'NONE', *, *, #2704, .T. ) ;
#68 = AXIS2_PLACEMENT_3D ( 'NONE', #3575, #2150, #3282 ) ;
#69 = AXIS2_PLACEMENT_3D ( 'NONE', #661, #1921, #1346 ) ;
#70 = DIRECTION ( 'NONE',  ( 1.000000000000000000, 0.000000000000000000, 0.000000000000000000 ) ) ;
#71 = CARTESIAN_POINT ( 'NONE',  ( 0.01020278103975690021, -0.03566232424600759843, 0.2200137836320239793 ) ) ;
#72 = ORIENTED_EDGE ( 'NONE', *, *, #415, .T. ) ;
#73 = DIRECTION ( 'NONE',  ( 6.438491137444970658E-16, 0.000000000000000000, -1.000000000000000000 ) ) ;
#74 = ORIENTED_EDGE ( 'NONE', *, *, #356, .T. ) ;
#75 = ORIENTED_EDGE ( 'NONE', *, *, #1763, .T. ) ;
#76 = CARTESIAN_POINT ( 'NONE',  ( -0.02436957592844640058, -0.03066232424600760093, 0.2270861406002269989 ) ) ;
#77 = EDGE_CURVE ( 'NONE', #912, #1438, #625, .T. ) ;
#78 = CARTESIAN_POINT ( 'NONE',  ( -0.02129721896024299940, -0.03566232424600759843, 0.2455137836320240019 ) ) ;
#79 = ORIENTED_EDGE ( 'NONE', *, *, #898, .T. ) ;
#80 = EDGE_CURVE ( 'NONE', #3531, #2316, #1279, .T. ) ;
#81 = PLANE ( 'NONE',  #68 ) ;
#82 = LINE ( 'NONE', #1247, #2428 ) ;
#83 = DIRECTION ( 'NONE',  ( 1.000000000000000000, 0.000000000000000000, 0.000000000000000000 ) ) ;
#84 = CARTESIAN_POINT ( 'NONE',  ( 0.002702781039756929973, -0.03246232424600770106, 0.2235137836320239824 ) ) ;
#85 = VERTEX_POINT ( 'NONE', #1778 ) ;
#86 = VERTEX_POINT ( 'NONE', #607 ) ;
#87 = CYLINDRICAL_SURFACE ( 'NONE', #2930, 0.002000000000000000042 ) ;
#88 = DIRECTION ( 'NONE',  ( 1.000000000000000000, 0.000000000000000000, 0.000000000000000000 ) ) ;
#89 = DIRECTION ( 'NONE',  ( 0.000000000000000000, -1.000000000000000000, 0.000000000000000000 ) ) ;
#90 = ORIENTED_EDGE ( 'NONE', *, *, #3533, .T. ) ;
#91 = DIRECTION ( 'NONE',  ( 0.000000000000000000, 1.000000000000000000, 0.000000000000000000 ) ) ;
#92 = CARTESIAN_POINT ( 'NONE',  ( -0.01129721896024309113, -0.03672534053595884196, 0.2104728869206404507 ) ) ;
#93 = DIRECTION ( 'NONE',  ( -1.000000000000000000, 0.000000000000000000, 0.000000000000000000 ) ) ;
#94 = EDGE_CURVE ( 'NONE', #470, #935, #322, .T. ) ;
#95 = ADVANCED_FACE ( 'NONE', ( #37 ), #3259, .F. ) ;
#96 = VECTOR ( 'NONE', #2358, 1.000000000000000000 ) ;
#97 = FACE_OUTER_BOUND ( 'NONE', #1080, .T. ) ;
#98 = DIRECTION ( 'NONE',  ( -0.000000000000000000, 1.000000000000000000, 0.000000000000000000 ) ) ;
#99 = AXIS2_PLACEMENT_3D ( 'NONE', #1824, #2425, #1580 ) ;
#100 = ORIENTED_EDGE ( 'NONE', *, *, #2327, .T. ) ;
#101 = EDGE_LOOP ( 'NONE', ( #3612, #413, #1723, #2140, #183, #1694, #2807, #1004, #2847 ) ) ;
#102 = CARTESIAN_POINT ( 'NONE',  ( 0.008202781039756950471, -0.03566232424600759843, 0.2240137836320239828 ) ) ;
#103 = LINE ( 'NONE', #1273, #359 ) ;
#104 = DIRECTION ( 'NONE',  ( 0.000000000000000000, 1.000000000000000000, 0.000000000000000000 ) ) ;
#105 = ORIENTED_EDGE ( 'NONE', *, *, #1788, .T. ) ;
#106 = AXIS2_PLACEMENT_3D ( 'NONE', #3114, #1089, #2235 ) ;
#107 = CYLINDRICAL_SURFACE ( 'NONE', #2562, 0.004000000000000000083 ) ;
#108 = CARTESIAN_POINT ( 'NONE',  ( -0.01042630994552302438, -0.03919196118934160922, 0.2127250459535587612 ) ) ;
#109 = VECTOR ( 'NONE', #1190, 1.000000000000000000 ) ;
#110 = FACE_OUTER_BOUND ( 'NONE', #3367, .T. ) ;
#111 = CARTESIAN_POINT ( 'NONE',  ( -0.01015436181738589919, -0.03966232424600769912, 0.2130152415097870122 ) ) ;
#112 = CARTESIAN_POINT ( 'NONE',  ( -0.01729721896024299932, -0.03316232424600759621, 0.1965137836320239861 ) ) ;
#113 = ORIENTED_EDGE ( 'NONE', *, *, #1309, .F. ) ;
#114 = FACE_BOUND ( 'NONE', #564, .T. ) ;
#115 = AXIS2_PLACEMENT_3D ( 'NONE', #1683, #1397, #2564 ) ;
#116 = EDGE_CURVE ( 'NONE', #3108, #1971, #2933, .T. ) ;
#117 = EDGE_CURVE ( 'NONE', #2024, #505, #21, .T. ) ;
#118 = AXIS2_PLACEMENT_3D ( 'NONE', #2470, #2690, #3303 ) ;
#119 = VECTOR ( 'NONE', #136, 1.000000000000000000 ) ;
#120 = ORIENTED_EDGE ( 'NONE', *, *, #3006, .T. ) ;
#121 = ORIENTED_EDGE ( 'NONE', *, *, #529, .F. ) ;
#122 = EDGE_CURVE ( 'NONE', #831, #904, #915, .T. ) ;
#123 = CARTESIAN_POINT ( 'NONE',  ( -0.01426613004699749977, -0.03246232424600770106, 0.1982637836320239877 ) ) ;
#124 = CARTESIAN_POINT ( 'NONE',  ( -0.01729721896024299932, -0.03246232424600770106, 0.2000137836320239892 ) ) ;
#125 = LINE ( 'NONE', #2792, #187 ) ;
#126 = DIRECTION ( 'NONE',  ( 0.000000000000000000, 0.000000000000000000, -1.000000000000000000 ) ) ;
#127 = PRODUCT_DEFINITION ( 'UNKNOWN', '', #1042, #1891 ) ;
#128 = ORIENTED_EDGE ( 'NONE', *, *, #933, .F. ) ;
#129 = CARTESIAN_POINT ( 'NONE',  ( -0.02729721896024309841, -0.03966232424600769912, 0.2200137836320239793 ) ) ;
#130 = CARTESIAN_POINT ( 'NONE',  ( -0.01129721896024310154, -0.03654856314307609877, 0.2102158246608909764 ) ) ;
#131 = LINE ( 'NONE', #374, #1403 ) ;
#132 = CARTESIAN_POINT ( 'NONE',  ( -0.01022486199203980102, -0.03954156905908690067, 0.2129414266638210151 ) ) ;
#133 = LINE ( 'NONE', #2745, #1773 ) ;
#134 = ORIENTED_EDGE ( 'NONE', *, *, #2451, .T. ) ;
#135 = CARTESIAN_POINT ( 'NONE',  ( -0.02032830787348859775, -0.03316232424600759621, 0.2417637836320239986 ) ) ;
#136 = DIRECTION ( 'NONE',  ( 0.000000000000000000, -1.000000000000000000, 0.000000000000000000 ) ) ;
#137 = ORIENTED_EDGE ( 'NONE', *, *, #3247, .T. ) ;
#138 = ORIENTED_EDGE ( 'NONE', *, *, #251, .T. ) ;
#139 = DIRECTION ( 'NONE',  ( 0.000000000000000000, -1.000000000000000000, 0.000000000000000000 ) ) ;
#140 = ADVANCED_FACE ( 'NONE', ( #881, #2044 ), #3214, .T. ) ;
#141 = ORIENTED_EDGE ( 'NONE', *, *, #3046, .F. ) ;
#142 = EDGE_CURVE ( 'NONE', #1987, #3419, #1186, .T. ) ;
#143 = PLANE ( 'NONE',  #1584 ) ;
#144 = CARTESIAN_POINT ( 'NONE',  ( -0.007499259989110439693, -0.03066232424600760093, 0.2300137836320239881 ) ) ;
#145 = CARTESIAN_POINT ( 'NONE',  ( -0.02004721896024300176, -0.05366232424600769768, 0.2200137836320239793 ) ) ;
#146 = CARTESIAN_POINT ( 'NONE',  ( -0.01127152736448012484, -0.03693111963433511058, 0.2107347610402300619 ) ) ;
#147 = LINE ( 'NONE', #1342, #3491 ) ;
#148 = DIRECTION ( 'NONE',  ( 0.000000000000000000, 0.000000000000000000, -1.000000000000000000 ) ) ;
#149 = FACE_OUTER_BOUND ( 'NONE', #3564, .T. ) ;
#150 = DIRECTION ( 'NONE',  ( -1.000000000000000000, 0.000000000000000000, 0.000000000000000000 ) ) ;
#151 = CARTESIAN_POINT ( 'NONE',  ( -0.02356393470190562903, -0.03782069372189850176, 0.2116527459046610160 ) ) ;
#152 = CARTESIAN_POINT ( 'NONE',  ( -0.02547284738162706660, -0.03802987220605325708, 0.2263575353320832761 ) ) ;
#153 = AXIS2_PLACEMENT_3D ( 'NONE', #179, #2233, #775 ) ;
#154 = ORIENTED_EDGE ( 'NONE', *, *, #3707, .T. ) ;
#155 = ORIENTED_EDGE ( 'NONE', *, *, #876, .T. ) ;
#156 = VECTOR ( 'NONE', #150, 1.000000000000000000 ) ;
#157 = DIRECTION ( 'NONE',  ( 0.000000000000000000, -1.000000000000000000, 0.000000000000000000 ) ) ;
#158 = VECTOR ( 'NONE', #2991, 1.000000000000000000 ) ;
#159 = ORIENTED_EDGE ( 'NONE', *, *, #2183, .F. ) ;
#160 = CARTESIAN_POINT ( 'NONE',  ( 0.01020278103975690021, -0.03066232424600760093, 0.2240137836320239828 ) ) ;
#161 = DIRECTION ( 'NONE',  ( 1.000000000000000000, 0.000000000000000000, 0.000000000000000000 ) ) ;
#162 = ADVANCED_FACE ( 'NONE', ( #2075 ), #1768, .T. ) ;
#163 = EDGE_CURVE ( 'NONE', #3513, #3169, #1458, .T. ) ;
#164 = VERTEX_POINT ( 'NONE', #2644 ) ;
#165 = DIRECTION ( 'NONE',  ( 0.000000000000000000, -1.000000000000000000, 0.000000000000000000 ) ) ;
#166 = CARTESIAN_POINT ( 'NONE',  ( 0.008202781039756950471, -0.03066232424600760093, 0.2260137836320239846 ) ) ;
#167 = DIRECTION ( 'NONE',  ( 0.000000000000000000, 1.000000000000000000, 0.000000000000000000 ) ) ;
#168 = AXIS2_PLACEMENT_3D ( 'NONE', #3751, #575, #900 ) ;
#169 = CARTESIAN_POINT ( 'NONE',  ( -0.01129721896024310154, -0.03066232424600760093, 0.2022637836320239912 ) ) ;
#170 = FACE_OUTER_BOUND ( 'NONE', #492, .T. ) ;
#171 = CARTESIAN_POINT ( 'NONE',  ( -0.02729721896024300126, -0.03066232424600760093, 0.2298117426031570099 ) ) ;
#172 = CARTESIAN_POINT ( 'NONE',  ( -0.02400936854085247360, -0.03887946721790053184, 0.2125060078687787124 ) ) ;
#173 = CIRCLE ( 'NONE', #2081, 0.004000000000000000083 ) ;
#174 = CARTESIAN_POINT ( 'NONE',  ( -0.01737751865587182018, -0.03316232424600759621, 0.2455906413658638932 ) ) ;
#175 = VECTOR ( 'NONE', #91, 1.000000000000000000 ) ;
#176 = ORIENTED_EDGE ( 'NONE', *, *, #2869, .T. ) ;
#177 = ORIENTED_EDGE ( 'NONE', *, *, #2626, .F. ) ;
#178 = DIRECTION ( 'NONE',  ( -1.000000000000000000, 0.000000000000000000, 0.000000000000000000 ) ) ;
#179 = CARTESIAN_POINT ( 'NONE',  ( -0.01329721896024309985, -0.03066232424600760093, 0.1945137836320239844 ) ) ;
#180 = ORIENTED_EDGE ( 'NONE', *, *, #1833, .F. ) ;
#181 = LINE ( 'NONE', #2774, #3602 ) ;
#182 = LINE ( 'NONE', #2534, #2759 ) ;
#183 = ORIENTED_EDGE ( 'NONE', *, *, #334, .F. ) ;
#184 = PLANE ( 'NONE',  #1529 ) ;
#185 = EDGE_CURVE ( 'NONE', #3323, #2569, #1615, .T. ) ;
#186 = ORIENTED_EDGE ( 'NONE', *, *, #3195, .T. ) ;
#187 = VECTOR ( 'NONE', #2430, 1.000000000000000000 ) ;
#188 = ORIENTED_EDGE ( 'NONE', *, *, #3079, .T. ) ;
#189 = DIRECTION ( 'NONE',  ( 1.000000000000000000, 0.000000000000000000, 0.000000000000000000 ) ) ;
#190 = DIRECTION ( 'NONE',  ( 0.000000000000000000, 1.000000000000000000, 0.000000000000000000 ) ) ;
#191 = EDGE_CURVE ( 'NONE', #380, #3243, #2627, .T. ) ;
#192 = CARTESIAN_POINT ( 'NONE',  ( -0.01129721896024310154, -0.03654856314307609877, 0.2102158246608909764 ) ) ;
#193 = ADVANCED_FACE ( 'NONE', ( #2098 ), #1802, .F. ) ;
#194 = EDGE_LOOP ( 'NONE', ( #798, #1579, #1993, #2050 ) ) ;
#195 = ORIENTED_EDGE ( 'NONE', *, *, #1265, .T. ) ;
#196 = VERTEX_POINT ( 'NONE', #2305 ) ;
#197 = CARTESIAN_POINT ( 'NONE',  ( -0.04279721896024300115, -0.03566232424600759843, 0.2140137836320240017 ) ) ;
#198 = CYLINDRICAL_SURFACE ( 'NONE', #2304, 0.004000000000000000951 ) ;
#199 = ORIENTED_EDGE ( 'NONE', *, *, #2231, .F. ) ;
#200 = DIRECTION ( 'NONE',  ( 0.000000000000000000, -1.000000000000000000, 0.000000000000000000 ) ) ;
#201 = CARTESIAN_POINT ( 'NONE',  ( -0.02048781788348449928, -0.03466232424600759754, 0.2240137836320239828 ) ) ;
#202 = VERTEX_POINT ( 'NONE', #2036 ) ;
#203 = DIRECTION ( 'NONE',  ( -0.4999999999999998890, 0.000000000000000000, 0.8660254037844387076 ) ) ;
#204 = ORIENTED_EDGE ( 'NONE', *, *, #2576, .F. ) ;
#205 = LINE ( 'NONE', #1958, #2999 ) ;
#206 = FACE_OUTER_BOUND ( 'NONE', #235, .T. ) ;
#207 = DIRECTION ( 'NONE',  ( -1.000000000000000000, 0.000000000000000000, 0.000000000000000000 ) ) ;
#208 = PLANE ( 'NONE',  #1634 ) ;
#209 = EDGE_CURVE ( 'NONE', #164, #893, #2019, .T. ) ;
#210 = ADVANCED_FACE ( 'NONE', ( #3226 ), #846, .F. ) ;
#211 = DIRECTION ( 'NONE',  ( 0.000000000000000000, 0.000000000000000000, 1.000000000000000000 ) ) ;
#212 = DIRECTION ( 'NONE',  ( 0.000000000000000000, -1.000000000000000000, 0.000000000000000000 ) ) ;
#213 = EDGE_LOOP ( 'NONE', ( #601, #1189, #3224, #1446 ) ) ;
#214 = ORIENTED_EDGE ( 'NONE', *, *, #826, .T. ) ;
#215 = ORIENTED_EDGE ( 'NONE', *, *, #2183, .T. ) ;
#216 = VECTOR ( 'NONE', #2785, 1.000000000000000000 ) ;
#217 = CARTESIAN_POINT ( 'NONE',  ( -0.03931794490240669848, -0.03316232424600759621, 0.2165137836320239761 ) ) ;
#218 = ORIENTED_EDGE ( 'NONE', *, *, #3348, .F. ) ;
#219 = CIRCLE ( 'NONE', #1812, 0.005625329094090220083 ) ;
#220 = CARTESIAN_POINT ( 'NONE',  ( -0.01454721896024310096, -0.1117833592535820014, 0.2247769233528379984 ) ) ;
#221 = CARTESIAN_POINT ( 'NONE',  ( -0.02329721896024300465, -0.03626003416322565870, 0.2302313093268989475 ) ) ;
#222 = VECTOR ( 'NONE', #3553, 1.000000000000000000 ) ;
#223 = DIRECTION ( 'NONE',  ( 1.000000000000000000, 0.000000000000000000, 0.000000000000000000 ) ) ;
#224 = EDGE_LOOP ( 'NONE', ( #303, #2095, #2326, #138 ) ) ;
#225 = CIRCLE ( 'NONE', #1204, 0.002749999999999998973 ) ;
#226 = B_SPLINE_CURVE_WITH_KNOTS ( 'NONE', 3,
 ( #23, #3490, #1203, #2032, #558, #3261, #2357, #2, #3525, #3199, #1724, #626, #1798, #60, #3328, #994, #1293, #957, #977 ),
 .UNSPECIFIED., .F., .F.,
 ( 4, 2, 2, 1, 1, 1, 1, 1, 2, 2, 2, 4 ),
 ( 0.000000000000000000, 0.2499999999996998512, 0.3749999999995585753, 0.4374999999994879651, 0.4687499999994507727, 0.4843749999994251265, 0.4921874999994179656, 0.4960937499994180766, 0.4980468749994181876, 0.4999999999994182431, 0.7499999999997090105, 1.000000000000000000 ),
 .UNSPECIFIED. ) ;
#227 = FACE_OUTER_BOUND ( 'NONE', #2445, .T. ) ;
#228 = CARTESIAN_POINT ( 'NONE',  ( -0.004648108319569640469, -0.03566232424600759843, 0.2260137836320239846 ) ) ;
#229 = CARTESIAN_POINT ( 'NONE',  ( -0.01042626925561272212, -0.03919203180563991806, 0.2273024776043530149 ) ) ;
#230 = APPLICATION_PROTOCOL_DEFINITION ( 'draft international standard', 'automotive_design', 1998, #2259 ) ;
#231 = ORIENTED_EDGE ( 'NONE', *, *, #1431, .F. ) ;
#232 = DIRECTION ( 'NONE',  ( 1.000000000000000000, 0.000000000000000000, 0.000000000000000000 ) ) ;
#233 = CYLINDRICAL_SURFACE ( 'NONE', #2374, 0.005625329094090220083 ) ;
#234 = ORIENTED_EDGE ( 'NONE', *, *, #2482, .F. ) ;
#235 = EDGE_LOOP ( 'NONE', ( #2866, #894, #2899, #1021, #2586, #1124 ) ) ;
#236 = ORIENTED_EDGE ( 'NONE', *, *, #2349, .T. ) ;
#237 = CIRCLE ( 'NONE', #299, 0.01000000000000000021 ) ;
#238 = ADVANCED_FACE ( 'NONE', ( #2904 ), #273, .F. ) ;
#239 = ADVANCED_FACE ( 'NONE', ( #2114 ), #1844, .T. ) ;
#240 = VECTOR ( 'NONE', #1900, 1.000000000000000000 ) ;
#241 = CARTESIAN_POINT ( 'NONE',  ( -0.02709517793137570033, -0.03066232424600760093, 0.2140137836320240017 ) ) ;
#242 = ORIENTED_EDGE ( 'NONE', *, *, #80, .F. ) ;
#243 = DIRECTION ( 'NONE',  ( 1.000000000000000000, 0.000000000000000000, 0.000000000000000000 ) ) ;
#244 = ADVANCED_FACE ( 'NONE', ( #1858 ), #81, .F. ) ;
#245 = DIRECTION ( 'NONE',  ( -1.000000000000000000, 0.000000000000000000, -6.438491137444970658E-16 ) ) ;
#246 = CIRCLE ( 'NONE', #2390, 0.002000000000000001776 ) ;
#247 = VECTOR ( 'NONE', #203, 1.000000000000000000 ) ;
#248 = VERTEX_POINT ( 'NONE', #690 ) ;
#249 = CARTESIAN_POINT ( 'NONE',  ( -0.009067901724814595235, -0.03796837366447494699, 0.2136933645231807177 ) ) ;
#250 = VERTEX_POINT ( 'NONE', #3028 ) ;
#251 = EDGE_CURVE ( 'NONE', #2889, #470, #131, .T. ) ;
#252 = B_SPLINE_CURVE_WITH_KNOTS ( 'NONE', 3,
 ( #3527, #2614, #64, #41, #2970, #2380 ),
 .UNSPECIFIED., .F., .F.,
 ( 4, 2, 4 ),
 ( 0.000000000000000000, 0.5000000000000000000, 1.000000000000000000 ),
 .UNSPECIFIED. ) ;
#253 = CARTESIAN_POINT ( 'NONE',  ( 0.002702781039756939948, -0.03246232424600770106, 0.2165137836320239761 ) ) ;
#254 = DIRECTION ( 'NONE',  ( -0.4999999999999998890, 0.000000000000000000, 0.8660254037844387076 ) ) ;
#255 = ORIENTED_EDGE ( 'NONE', *, *, #3190, .F. ) ;
#256 = DIRECTION ( 'NONE',  ( 0.000000000000000000, -1.000000000000000000, 0.000000000000000000 ) ) ;
#257 = EDGE_LOOP ( 'NONE', ( #3274, #264 ) ) ;
#258 = FACE_OUTER_BOUND ( 'NONE', #1424, .T. ) ;
#259 = ORIENTED_EDGE ( 'NONE', *, *, #3314, .T. ) ;
#260 = ORIENTED_EDGE ( 'NONE', *, *, #116, .T. ) ;
#261 = DIRECTION ( 'NONE',  ( 0.000000000000000000, 1.000000000000000000, 0.000000000000000000 ) ) ;
#262 = DIRECTION ( 'NONE',  ( -0.8660254037844387076, 0.000000000000000000, -0.4999999999999998890 ) ) ;
#263 = ORIENTED_EDGE ( 'NONE', *, *, #2648, .F. ) ;
#264 = ORIENTED_EDGE ( 'NONE', *, *, #3349, .T. ) ;
#265 = CARTESIAN_POINT ( 'NONE',  ( -0.02709517793137580094, -0.03066232424600760093, 0.2260137836320239846 ) ) ;
#266 = PLANE ( 'NONE',  #316 ) ;
#267 = EDGE_CURVE ( 'NONE', #1310, #86, #406, .T. ) ;
#268 = EDGE_CURVE ( 'NONE', #794, #3757, #2167, .T. ) ;
#269 = DIRECTION ( 'NONE',  ( -0.8660254037844387076, 0.000000000000000000, 0.4999999999999998890 ) ) ;
#270 = VERTEX_POINT ( 'NONE', #2405 ) ;
#271 = DIRECTION ( 'NONE',  ( 1.000000000000000000, 0.000000000000000000, 0.000000000000000000 ) ) ;
#272 = DIRECTION ( 'NONE',  ( 0.4999999999999998890, 0.000000000000000000, 0.8660254037844387076 ) ) ;
#273 = PLANE ( 'NONE',  #3552 ) ;
#274 = ORIENTED_EDGE ( 'NONE', *, *, #730, .T. ) ;
#275 = DIRECTION ( 'NONE',  ( 0.000000000000000000, -1.000000000000000000, 0.000000000000000000 ) ) ;
#276 = ORIENTED_EDGE ( 'NONE', *, *, #1672, .F. ) ;
#277 = CARTESIAN_POINT ( 'NONE',  ( -0.02480491913522685915, -0.03887957596723493059, 0.2133015813984081299 ) ) ;
#278 = EDGE_LOOP ( 'NONE', ( #2129, #1092, #365, #2911, #3270, #159 ) ) ;
#279 = FACE_OUTER_BOUND ( 'NONE', #2131, .T. ) ;
#280 = CARTESIAN_POINT ( 'NONE',  ( -0.01729721896024309993, -0.03966232424600769912, 0.2200137836320239793 ) ) ;
#281 = LINE ( 'NONE', #19, #2748 ) ;
#282 = DIRECTION ( 'NONE',  ( 0.4999999999999998890, 0.000000000000000000, 0.8660254037844387076 ) ) ;
#283 = AXIS2_PLACEMENT_3D ( 'NONE', #1173, #1979, #271 ) ;
#284 = PLANE ( 'NONE',  #1518 ) ;
#285 = ADVANCED_FACE ( 'NONE', ( #3013 ), #1556, .T. ) ;
#286 = ADVANCED_FACE ( 'NONE', ( #392 ), #2454, .T. ) ;
#287 = VECTOR ( 'NONE', #139, 1.000000000000000000 ) ;
#288 = DIRECTION ( 'NONE',  ( 0.000000000000000000, 0.000000000000000000, -1.000000000000000000 ) ) ;
#289 = VECTOR ( 'NONE', #2396, 1.000000000000000000 ) ;
#290 = DIRECTION ( 'NONE',  ( 0.000000000000000000, -1.000000000000000000, 0.000000000000000000 ) ) ;
#291 = LINE ( 'NONE', #1536, #1695 ) ;
#292 = DIRECTION ( 'NONE',  ( 0.000000000000000000, -1.000000000000000000, 0.000000000000000000 ) ) ;
#293 = EDGE_LOOP ( 'NONE', ( #1784, #399, #959, #887 ) ) ;
#294 = CARTESIAN_POINT ( 'NONE',  ( -0.02553917231367775278, -0.03795400935755427474, 0.2136987325186949505 ) ) ;
#295 = ORIENTED_EDGE ( 'NONE', *, *, #1111, .T. ) ;
#296 = CARTESIAN_POINT ( 'NONE',  ( -0.01729721896024299932, -0.03566232424600759843, 0.2200137836320239793 ) ) ;
#297 = B_SPLINE_CURVE_WITH_KNOTS ( 'NONE', 3,
 ( #3283, #393, #2994, #3029, #985, #1558 ),
 .UNSPECIFIED., .F., .F.,
 ( 4, 2, 4 ),
 ( 0.000000000000000000, 0.5000000000000000000, 1.000000000000000000 ),
 .UNSPECIFIED. ) ;
#298 = ADVANCED_FACE ( 'NONE', ( #110 ), #3590, .F. ) ;
#299 = AXIS2_PLACEMENT_3D ( 'NONE', #2703, #2450, #3616 ) ;
#300 = LINE ( 'NONE', #2352, #1896 ) ;
#301 = VECTOR ( 'NONE', #1984, 1.000000000000000000 ) ;
#302 = CARTESIAN_POINT ( 'NONE',  ( -0.01454721896024310096, -0.03466232424600759754, 0.2247769233528379984 ) ) ;
#303 = ORIENTED_EDGE ( 'NONE', *, *, #94, .T. ) ;
#304 = VECTOR ( 'NONE', #1376, 1.000000000000000000 ) ;
#305 = CARTESIAN_POINT ( 'NONE',  ( -0.02032830787348859775, -0.03246232424600770106, 0.2382637836320239955 ) ) ;
#306 = EDGE_CURVE ( 'NONE', #2901, #1924, #246, .T. ) ;
#307 = SURFACE_STYLE_USAGE ( .BOTH. , #1227 ) ;
#308 = CARTESIAN_POINT ( 'NONE',  ( -0.01729721896024299932, -0.03316232424600759621, 0.2365137836320239939 ) ) ;
#309 = VERTEX_POINT ( 'NONE', #2993 ) ;
#310 = CARTESIAN_POINT ( 'NONE',  ( -0.03729721896024299627, 0.04228996209459180006, 0.2200137836320239793 ) ) ;
#311 = CARTESIAN_POINT ( 'NONE',  ( -0.008731682505899415400, -0.03760225392556550833, 0.2262079813862377109 ) ) ;
#312 = EDGE_CURVE ( 'NONE', #1861, #1651, #554, .T. ) ;
#313 = ADVANCED_FACE ( 'NONE', ( #707 ), #1246, .F. ) ;
#314 = CARTESIAN_POINT ( 'NONE',  ( -0.02458794520170192593, -0.03918874825381368082, 0.2131447259465886201 ) ) ;
#315 = ORIENTED_EDGE ( 'NONE', *, *, #3356, .F. ) ;
#316 = AXIS2_PLACEMENT_3D ( 'NONE', #3732, #1091, #1372 ) ;
#317 = PLANE ( 'NONE',  #407 ) ;
#318 = VECTOR ( 'NONE', #3369, 1.000000000000000000 ) ;
#319 = ORIENTED_EDGE ( 'NONE', *, *, #514, .T. ) ;
#320 = ORIENTED_EDGE ( 'NONE', *, *, #2956, .T. ) ;
#321 = FACE_OUTER_BOUND ( 'NONE', #3280, .T. ) ;
#322 = LINE ( 'NONE', #2086, #860 ) ;
#323 = FACE_OUTER_BOUND ( 'NONE', #1108, .T. ) ;
#324 = PLANE ( 'NONE',  #1400 ) ;
#325 = PLANE ( 'NONE',  #2502 ) ;
#326 = CARTESIAN_POINT ( 'NONE',  ( -0.01223781788348459951, -0.03466232424600759754, 0.2112506439112100121 ) ) ;
#327 = ORIENTED_EDGE ( 'NONE', *, *, #849, .F. ) ;
#328 = DIRECTION ( 'NONE',  ( 0.8660254037844387076, 0.000000000000000000, 0.4999999999999998890 ) ) ;
#329 = CARTESIAN_POINT ( 'NONE',  ( -0.01022486199203970041, -0.03954156905908690067, 0.2270861406002269989 ) ) ;
#330 = DIRECTION ( 'NONE',  ( 0.000000000000000000, 1.000000000000000000, 0.000000000000000000 ) ) ;
#331 = CARTESIAN_POINT ( 'NONE',  ( -0.02709517793137570033, -0.03654856314307609877, 0.2140137836320240017 ) ) ;
#332 = ORIENTED_EDGE ( 'NONE', *, *, #3165, .F. ) ;
#333 = DIRECTION ( 'NONE',  ( 1.000000000000000000, 0.000000000000000000, 0.000000000000000000 ) ) ;
#334 = EDGE_CURVE ( 'NONE', #3019, #309, #1040, .T. ) ;
#335 = EDGE_CURVE ( 'NONE', #2547, #2022, #3670, .T. ) ;
#336 = EDGE_LOOP ( 'NONE', ( #852, #2782, #476, #1581 ) ) ;
#337 = ORIENTED_EDGE ( 'NONE', *, *, #1060, .F. ) ;
#338 = EDGE_LOOP ( 'NONE', ( #1137, #3209, #847, #188, #3425, #2702 ) ) ;
#339 = CARTESIAN_POINT ( 'NONE',  ( -0.02376446918200688860, -0.03834841968212404639, 0.2121064802377611025 ) ) ;
#340 = DIRECTION ( 'NONE',  ( 0.000000000000000000, -1.000000000000000000, 0.000000000000000000 ) ) ;
#341 = ORIENTED_EDGE ( 'NONE', *, *, #633, .T. ) ;
#342 = CARTESIAN_POINT ( 'NONE',  ( -0.01129721896024310154, -0.03566232424600759843, 0.1945137836320239844 ) ) ;
#343 = VECTOR ( 'NONE', #1698, 1.000000000000000000 ) ;
#344 = DIRECTION ( 'NONE',  ( 0.000000000000000000, 0.000000000000000000, -1.000000000000000000 ) ) ;
#345 = DIRECTION ( 'NONE',  ( 0.000000000000000000, 0.000000000000000000, -1.000000000000000000 ) ) ;
#346 = VERTEX_POINT ( 'NONE', #2763 ) ;
#347 = AXIS2_PLACEMENT_3D ( 'NONE', #658, #2473, #1862 ) ;
#348 = LINE ( 'NONE', #888, #3717 ) ;
#349 = CARTESIAN_POINT ( 'NONE',  ( -0.04279721896024300115, -0.03066232424600760093, 0.2240137836320239828 ) ) ;
#350 = VECTOR ( 'NONE', #157, 1.000000000000000000 ) ;
#351 = CARTESIAN_POINT ( 'NONE',  ( -0.02279721896024300073, -0.05366232424600769768, 0.2200137836320239793 ) ) ;
#352 = DIRECTION ( 'NONE',  ( 0.000000000000000000, -1.000000000000000000, 0.000000000000000000 ) ) ;
#353 = ORIENTED_EDGE ( 'NONE', *, *, #1090, .T. ) ;
#354 = FACE_BOUND ( 'NONE', #3061, .T. ) ;
#355 = ORIENTED_EDGE ( 'NONE', *, *, #3399, .T. ) ;
#356 = EDGE_CURVE ( 'NONE', #1640, #2786, #1166, .T. ) ;
#357 = ORIENTED_EDGE ( 'NONE', *, *, #312, .T. ) ;
#358 = CARTESIAN_POINT ( 'NONE',  ( -0.03949721896024299683, -0.03246232424600770106, 0.2200137836320239793 ) ) ;
#359 = VECTOR ( 'NONE', #1836, 1.000000000000000000 ) ;
#360 = DIRECTION ( 'NONE',  ( 0.000000000000000000, 0.000000000000000000, -1.000000000000000000 ) ) ;
#361 = EDGE_CURVE ( 'NONE', #3582, #2263, #1348, .T. ) ;
#362 = ORIENTED_EDGE ( 'NONE', *, *, #2597, .T. ) ;
#363 = LINE ( 'NONE', #2429, #2137 ) ;
#364 = CIRCLE ( 'NONE', #3605, 0.005625329094090220083 ) ;
#365 = ORIENTED_EDGE ( 'NONE', *, *, #251, .F. ) ;
#366 = CARTESIAN_POINT ( 'NONE',  ( -0.02329721896024300118, -0.03566232424600759843, 0.1945137836320239844 ) ) ;
#367 =( GEOMETRIC_REPRESENTATION_CONTEXT ( 3 ) GLOBAL_UNCERTAINTY_ASSIGNED_CONTEXT ( ( #2279 ) ) GLOBAL_UNIT_ASSIGNED_CONTEXT ( ( #1470, #2070, #628 ) ) REPRESENTATION_CONTEXT ( 'NONE', 'WORKASPACE' ) );
#368 = CARTESIAN_POINT ( 'NONE',  ( -0.007297218960243059827, -0.03066232424600760093, 0.2102158246608909764 ) ) ;
#369 = DIRECTION ( 'NONE',  ( 1.000000000000000000, 0.000000000000000000, 5.633679745264349572E-16 ) ) ;
#370 = VERTEX_POINT ( 'NONE', #1232 ) ;
#371 = AXIS2_PLACEMENT_3D ( 'NONE', #1134, #256, #1729 ) ;
#372 = DIRECTION ( 'NONE',  ( -1.000000000000000000, 0.000000000000000000, 0.000000000000000000 ) ) ;
#373 = CIRCLE ( 'NONE', #3000, 0.002200000000000000566 ) ;
#374 = CARTESIAN_POINT ( 'NONE',  ( -0.02032830787348859775, -0.03246232424600770106, 0.2417637836320239986 ) ) ;
#375 = DIRECTION ( 'NONE',  ( 0.000000000000000000, 1.000000000000000000, 0.000000000000000000 ) ) ;
#376 = DIRECTION ( 'NONE',  ( 0.000000000000000000, -1.000000000000000000, 0.000000000000000000 ) ) ;
#377 = ORIENTED_EDGE ( 'NONE', *, *, #3378, .F. ) ;
#378 = CARTESIAN_POINT ( 'NONE',  ( -0.01729721896024299932, -0.03066232424600760093, 0.2200137836320239793 ) ) ;
#379 = VERTEX_POINT ( 'NONE', #1614 ) ;
#380 = VERTEX_POINT ( 'NONE', #1560 ) ;
#381 = CARTESIAN_POINT ( 'NONE',  ( 0.004723506981920630454, -0.03246232424600770106, 0.2165137836320239761 ) ) ;
#382 = CARTESIAN_POINT ( 'NONE',  ( -0.01022486199203970041, -0.03066232424600760093, 0.2270861406002269989 ) ) ;
#383 = ORIENTED_EDGE ( 'NONE', *, *, #1763, .F. ) ;
#384 = DIRECTION ( 'NONE',  ( -0.000000000000000000, -1.000000000000000000, -0.000000000000000000 ) ) ;
#385 = CARTESIAN_POINT ( 'NONE',  ( -0.01729721896024299932, -0.03246232424600770106, 0.2365137836320239939 ) ) ;
#386 = EDGE_CURVE ( 'NONE', #1365, #1436, #2781, .T. ) ;
#387 = EDGE_CURVE ( 'NONE', #470, #618, #1684, .T. ) ;
#388 = ORIENTED_EDGE ( 'NONE', *, *, #1111, .F. ) ;
#389 = FACE_OUTER_BOUND ( 'NONE', #739, .T. ) ;
#390 = EDGE_LOOP ( 'NONE', ( #792, #1127 ) ) ;
#391 = CARTESIAN_POINT ( 'NONE',  ( -0.01527649301807934568, -0.03316232424600759621, 0.2365137836320239939 ) ) ;
#392 = FACE_OUTER_BOUND ( 'NONE', #522, .T. ) ;
#393 = CARTESIAN_POINT ( 'NONE',  ( -0.01129721896024310501, -0.03626003416318704375, 0.2097962579370928615 ) ) ;
#394 = DIRECTION ( 'NONE',  ( 0.000000000000000000, -1.000000000000000000, 0.000000000000000000 ) ) ;
#395 = FACE_BOUND ( 'NONE', #2678, .T. ) ;
#396 = VERTEX_POINT ( 'NONE', #1452 ) ;
#397 = VERTEX_POINT ( 'NONE', #3512 ) ;
#398 = CARTESIAN_POINT ( 'NONE',  ( -0.04279721896024300115, -0.03066232424600760093, 0.2160137836320239757 ) ) ;
#399 = ORIENTED_EDGE ( 'NONE', *, *, #468, .F. ) ;
#400 = DIRECTION ( 'NONE',  ( -1.000000000000000000, 0.000000000000000000, 0.000000000000000000 ) ) ;
#401 = LINE ( 'NONE', #3318, #3733 ) ;
#402 = EDGE_CURVE ( 'NONE', #2901, #1752, #3222, .T. ) ;
#403 = ADVANCED_FACE ( 'NONE', ( #2092, #2659 ), #3204, .T. ) ;
#404 = DIRECTION ( 'NONE',  ( 0.000000000000000000, 1.000000000000000000, 0.000000000000000000 ) ) ;
#405 = CIRCLE ( 'NONE', #1198, 0.001999999999999998307 ) ;
#406 = LINE ( 'NONE', #424, #2330 ) ;
#407 = AXIS2_PLACEMENT_3D ( 'NONE', #296, #2080, #2909 ) ;
#408 = DIRECTION ( 'NONE',  ( -1.000000000000000000, 0.000000000000000000, 0.000000000000000000 ) ) ;
#409 = EDGE_LOOP ( 'NONE', ( #2314, #2475 ) ) ;
#410 = EDGE_CURVE ( 'NONE', #2889, #3668, #3570, .T. ) ;
#411 = DIRECTION ( 'NONE',  ( 0.4999999999999998890, 0.000000000000000000, -0.8660254037844387076 ) ) ;
#412 = AXIS2_PLACEMENT_3D ( 'NONE', #1843, #1298, #2469 ) ;
#413 = ORIENTED_EDGE ( 'NONE', *, *, #2409, .F. ) ;
#414 = ORIENTED_EDGE ( 'NONE', *, *, #2550, .T. ) ;
#415 = EDGE_CURVE ( 'NONE', #3256, #433, #1744, .T. ) ;
#416 = B_SPLINE_CURVE_WITH_KNOTS ( 'NONE', 3,
 ( #3433, #1393, #2559, #1030, #1113, #1992, #3157, #3371, #609, #2339, #249, #1187, #3509, #1489, #2087, #863, #2594, #883, #2379, #2915 ),
 .UNSPECIFIED., .F., .F.,
 ( 4, 2, 2, 2, 1, 1, 1, 1, 2, 2, 2, 4 ),
 ( 0.000000000000000000, 0.2499999999992874034, 0.3749999999989310773, 0.4374999999987472799, 0.4687499999986554089, 0.4843749999986131094, 0.4921874999985944021, 0.4960937499985912380, 0.4980468749985933474, 0.4999999999985954569, 0.7499999999992976729, 1.000000000000000000 ),
 .UNSPECIFIED. ) ;
#417 = CYLINDRICAL_SURFACE ( 'NONE', #3599, 0.002000000000000001776 ) ;
#418 = CARTESIAN_POINT ( 'NONE',  ( -0.01509721896024299875, 0.04228996209459180006, 0.2400137836320239970 ) ) ;
#419 = CARTESIAN_POINT ( 'NONE',  ( -0.01527649301807939945, -0.03246232424600770106, 0.2435137836320240001 ) ) ;
#420 = AXIS2_PLACEMENT_3D ( 'NONE', #2949, #2373, #2043 ) ;
#421 = CARTESIAN_POINT ( 'NONE',  ( -0.04279721896024300115, -0.03066232424600760093, 0.2140137836320240017 ) ) ;
#422 = CARTESIAN_POINT ( 'NONE',  ( -0.01058027135932228940, -0.03888209068853684669, 0.2125117197510688893 ) ) ;
#423 = AXIS2_PLACEMENT_3D ( 'NONE', #1301, #2472, #3067 ) ;
#424 = CARTESIAN_POINT ( 'NONE',  ( -0.01325576707591570071, -0.03246232424600770106, 0.2400137836320239970 ) ) ;
#425 = CARTESIAN_POINT ( 'NONE',  ( -0.01527649301807929884, -0.03246232424600770106, 0.2365137836320239939 ) ) ;
#426 = DIRECTION ( 'NONE',  ( 0.000000000000000000, -1.000000000000000000, 0.000000000000000000 ) ) ;
#427 = ORIENTED_EDGE ( 'NONE', *, *, #3683, .F. ) ;
#428 = DIRECTION ( 'NONE',  ( 1.000000000000000000, 0.000000000000000000, 0.000000000000000000 ) ) ;
#429 = MECHANICAL_DESIGN_GEOMETRIC_PRESENTATION_REPRESENTATION (  '', ( #2018 ), #367 ) ;
#430 = EDGE_CURVE ( 'NONE', #2981, #1943, #1228, .T. ) ;
#431 = EDGE_CURVE ( 'NONE', #1731, #1907, #943, .T. ) ;
#432 = AXIS2_PLACEMENT_3D ( 'NONE', #747, #1375, #1917 ) ;
#433 = VERTEX_POINT ( 'NONE', #629 ) ;
#434 = VERTEX_POINT ( 'NONE', #2620 ) ;
#435 = FACE_OUTER_BOUND ( 'NONE', #2806, .T. ) ;
#436 = DIRECTION ( 'NONE',  ( 0.000000000000000000, 1.000000000000000000, 0.000000000000000000 ) ) ;
#437 = CARTESIAN_POINT ( 'NONE',  ( -0.01916602111376010040, -0.03466232424600759754, 0.2152506439112099879 ) ) ;
#438 = CARTESIAN_POINT ( 'NONE',  ( -0.02436957592844640058, -0.03954156905908690067, 0.2129414266638210151 ) ) ;
#439 = CARTESIAN_POINT ( 'NONE',  ( -0.0003283078734885970041, -0.03316232424600759621, 0.2217637836320239808 ) ) ;
#440 = DIRECTION ( 'NONE',  ( -0.000000000000000000, 1.000000000000000000, 0.000000000000000000 ) ) ;
#441 = CARTESIAN_POINT ( 'NONE',  ( -0.01737751865587182018, -0.03316232424600759621, 0.2343399831776834530 ) ) ;
#442 = DIRECTION ( 'NONE',  ( 1.000000000000000000, 0.000000000000000000, 0.000000000000000000 ) ) ;
#443 = VERTEX_POINT ( 'NONE', #2049 ) ;
#444 = PLANE ( 'NONE',  #1508 ) ;
#445 = CYLINDRICAL_SURFACE ( 'NONE', #3434, 0.002200000000000000566 ) ;
#446 = ORIENTED_EDGE ( 'NONE', *, *, #2205, .F. ) ;
#447 = ORIENTED_EDGE ( 'NONE', *, *, #611, .F. ) ;
#448 = EDGE_CURVE ( 'NONE', #641, #799, #1115, .T. ) ;
#449 = EDGE_CURVE ( 'NONE', #1358, #3418, #1782, .T. ) ;
#450 = DIRECTION ( 'NONE',  ( -1.000000000000000000, 0.000000000000000000, 0.000000000000000000 ) ) ;
#451 = VERTEX_POINT ( 'NONE', #1492 ) ;
#452 = CARTESIAN_POINT ( 'NONE',  ( -0.01129721896024310154, -0.03066232424600760093, 0.1945137836320239844 ) ) ;
#453 = DIRECTION ( 'NONE',  ( 1.000000000000000000, 0.000000000000000000, 0.000000000000000000 ) ) ;
#454 = DIRECTION ( 'NONE',  ( 0.000000000000000000, 1.000000000000000000, 0.000000000000000000 ) ) ;
#455 = DIRECTION ( 'NONE',  ( 0.000000000000000000, -1.000000000000000000, 0.000000000000000000 ) ) ;
#456 = FACE_BOUND ( 'NONE', #2953, .T. ) ;
#457 = DIRECTION ( 'NONE',  ( 0.000000000000000000, -1.000000000000000000, 0.000000000000000000 ) ) ;
#458 = LINE ( 'NONE', #2801, #304 ) ;
#459 = CARTESIAN_POINT ( 'NONE',  ( -0.01129721896024319869, -0.03672536841240483380, 0.2295546398066507232 ) ) ;
#460 = CARTESIAN_POINT ( 'NONE',  ( -0.02129721896024299940, -0.03566232424600759843, 0.1925137836320239826 ) ) ;
#461 = DIRECTION ( 'NONE',  ( 0.000000000000000000, 1.000000000000000000, 0.000000000000000000 ) ) ;
#462 = AXIS2_PLACEMENT_3D ( 'NONE', #351, #330, #1515 ) ;
#463 = CARTESIAN_POINT ( 'NONE',  ( -0.01801132057538079936, -0.03466232424600759754, 0.2267769233528380002 ) ) ;
#464 = ORIENTED_EDGE ( 'NONE', *, *, #1789, .T. ) ;
#465 = ORIENTED_EDGE ( 'NONE', *, *, #3503, .F. ) ;
#466 = VECTOR ( 'NONE', #2630, 1.000000000000000000 ) ;
#467 = LINE ( 'NONE', #1065, #2484 ) ;
#468 = EDGE_CURVE ( 'NONE', #2715, #379, #3317, .T. ) ;
#469 = VECTOR ( 'NONE', #746, 1.000000000000000000 ) ;
#470 = VERTEX_POINT ( 'NONE', #66 ) ;
#471 = DIRECTION ( 'NONE',  ( 1.000000000000000000, 0.000000000000000000, 1.779203565104409733E-16 ) ) ;
#472 = LINE ( 'NONE', #201, #1171 ) ;
#473 = EDGE_CURVE ( 'NONE', #309, #696, #3017, .T. ) ;
#474 = FACE_OUTER_BOUND ( 'NONE', #542, .T. ) ;
#475 = EDGE_LOOP ( 'NONE', ( #3704, #2996, #3597, #3394, #1317, #1501, #1488 ) ) ;
#476 = ORIENTED_EDGE ( 'NONE', *, *, #3630, .F. ) ;
#477 = VECTOR ( 'NONE', #1429, 1.000000000000000000 ) ;
#478 = DIRECTION ( 'NONE',  ( 0.4999999999999998890, 0.000000000000000000, 0.8660254037844387076 ) ) ;
#479 = PLANE ( 'NONE',  #3174 ) ;
#480 = CARTESIAN_POINT ( 'NONE',  ( -0.005654997144847167395, -0.03573788479981385158, 0.2260137836320239568 ) ) ;
#481 = CARTESIAN_POINT ( 'NONE',  ( -0.01729721896024309993, -0.03566232424600759843, 0.2200137836320239793 ) ) ;
#482 = VERTEX_POINT ( 'NONE', #2402 ) ;
#483 = ORIENTED_EDGE ( 'NONE', *, *, #3348, .T. ) ;
#484 = ORIENTED_EDGE ( 'NONE', *, *, #2377, .T. ) ;
#485 = VECTOR ( 'NONE', #589, 1.000000000000000000 ) ;
#486 = CARTESIAN_POINT ( 'NONE',  ( -0.02729721896024300126, -0.05366232424600769768, 0.2200137836320239793 ) ) ;
#487 = ORIENTED_EDGE ( 'NONE', *, *, #527, .F. ) ;
#488 = CARTESIAN_POINT ( 'NONE',  ( -0.01685662003700160241, -0.03466232424600759754, 0.2192506439112099914 ) ) ;
#489 = LINE ( 'NONE', #3404, #2827 ) ;
#490 = EDGE_LOOP ( 'NONE', ( #612, #214, #2120, #38 ) ) ;
#491 = DIRECTION ( 'NONE',  ( 0.4999999999999998890, 0.000000000000000000, 0.8660254037844387076 ) ) ;
#492 = EDGE_LOOP ( 'NONE', ( #934, #3296, #218, #1404 ) ) ;
#493 = EDGE_CURVE ( 'NONE', #2058, #828, #1569, .T. ) ;
#494 = EDGE_CURVE ( 'NONE', #2058, #1982, #997, .T. ) ;
#495 = VERTEX_POINT ( 'NONE', #1840 ) ;
#496 = CYLINDRICAL_SURFACE ( 'NONE', #3645, 0.002200000000000000566 ) ;
#497 = DIRECTION ( 'NONE',  ( 0.000000000000000000, -1.000000000000000000, 0.000000000000000000 ) ) ;
#498 = CARTESIAN_POINT ( 'NONE',  ( -0.01098340589024176389, -0.03795066769924988065, 0.2282586735874772566 ) ) ;
#499 = DIRECTION ( 'NONE',  ( 1.000000000000000000, 0.000000000000000000, 0.000000000000000000 ) ) ;
#500 = ORIENTED_EDGE ( 'NONE', *, *, #1361, .T. ) ;
#501 = CARTESIAN_POINT ( 'NONE',  ( -0.04279721896024300115, -0.03066232424600760093, 0.2260137836320239846 ) ) ;
#502 = DIRECTION ( 'NONE',  ( 1.000000000000000000, 0.000000000000000000, 0.000000000000000000 ) ) ;
#503 = VERTEX_POINT ( 'NONE', #2740 ) ;
#504 = VERTEX_POINT ( 'NONE', #1864 ) ;
#505 = VERTEX_POINT ( 'NONE', #1521 ) ;
#506 = DIRECTION ( 'NONE',  ( 0.000000000000000000, -1.000000000000000000, 0.000000000000000000 ) ) ;
#507 = ORIENTED_EDGE ( 'NONE', *, *, #1224, .T. ) ;
#508 = LINE ( 'NONE', #780, #1825 ) ;
#509 = DIRECTION ( 'NONE',  ( 0.000000000000000000, 1.000000000000000000, 0.000000000000000000 ) ) ;
#510 = ORIENTED_EDGE ( 'NONE', *, *, #2625, .F. ) ;
#511 = CARTESIAN_POINT ( 'NONE',  ( -0.01729721896024299932, -0.03316232424600759621, 0.2000137836320239892 ) ) ;
#512 = VERTEX_POINT ( 'NONE', #2411 ) ;
#513 = ADVANCED_FACE ( 'NONE', ( #2121 ), #3563, .F. ) ;
#514 = EDGE_CURVE ( 'NONE', #1289, #869, #3008, .T. ) ;
#515 = PLANE ( 'NONE',  #115 ) ;
#516 = CARTESIAN_POINT ( 'NONE',  ( -0.01093910250251061908, -0.03806668585033072538, 0.2281577210845303350 ) ) ;
#517 = ORIENTED_EDGE ( 'NONE', *, *, #1266, .F. ) ;
#518 = CARTESIAN_POINT ( 'NONE',  ( -0.02550881265541476983, -0.03798859641008343196, 0.2263418099746559997 ) ) ;
#519 = CARTESIAN_POINT ( 'NONE',  ( -0.01329721896024309985, -0.03566232424600759843, 0.1945137836320239844 ) ) ;
#520 = ADVANCED_FACE ( 'NONE', ( #1312 ), #3676, .F. ) ;
#521 = ORIENTED_EDGE ( 'NONE', *, *, #2423, .T. ) ;
#522 = EDGE_LOOP ( 'NONE', ( #911, #1384, #1285, #2528 ) ) ;
#523 = ORIENTED_EDGE ( 'NONE', *, *, #2506, .F. ) ;
#524 = VECTOR ( 'NONE', #2958, 1.000000000000000000 ) ;
#525 = LINE ( 'NONE', #856, #966 ) ;
#526 = ORIENTED_EDGE ( 'NONE', *, *, #3025, .T. ) ;
#527 = EDGE_CURVE ( 'NONE', #3543, #3689, #2572, .T. ) ;
#528 = CIRCLE ( 'NONE', #3771, 0.004000000000000000083 ) ;
#529 = EDGE_CURVE ( 'NONE', #2865, #451, #3329, .T. ) ;
#530 = CARTESIAN_POINT ( 'NONE',  ( 0.005733869953002479827, -0.03246232424600770106, 0.2182637836320239777 ) ) ;
#531 = CIRCLE ( 'NONE', #46, 0.002200000000000000566 ) ;
#532 = CARTESIAN_POINT ( 'NONE',  ( -0.0003283078734885970041, -0.03246232424600770106, 0.2217637836320239808 ) ) ;
#533 = CARTESIAN_POINT ( 'NONE',  ( -0.02129721896024299940, -0.03566232424600759843, 0.2475137836320239759 ) ) ;
#534 = ORIENTED_EDGE ( 'NONE', *, *, #1885, .F. ) ;
#535 = CARTESIAN_POINT ( 'NONE',  ( -0.007499259989110519491, -0.03066232424600760093, 0.2140137836320240017 ) ) ;
#536 = DIRECTION ( 'NONE',  ( -0.8660254037844387076, 0.000000000000000000, 0.4999999999999998890 ) ) ;
#537 = CARTESIAN_POINT ( 'NONE',  ( -0.02329721896024300118, -0.03066232424600760093, 0.2455137836320240019 ) ) ;
#538 = EDGE_LOOP ( 'NONE', ( #1082, #1482 ) ) ;
#539 = AXIS2_PLACEMENT_3D ( 'NONE', #1049, #1972, #3058 ) ;
#540 = EDGE_LOOP ( 'NONE', ( #2368, #1717, #550, #1620 ) ) ;
#541 = LINE ( 'NONE', #1708, #1519 ) ;
#542 = EDGE_LOOP ( 'NONE', ( #137, #851, #3001, #544 ) ) ;
#543 = ORIENTED_EDGE ( 'NONE', *, *, #1313, .T. ) ;
#544 = ORIENTED_EDGE ( 'NONE', *, *, #2328, .T. ) ;
#545 = AXIS2_PLACEMENT_3D ( 'NONE', #3186, #565, #2329 ) ;
#546 = ADVANCED_FACE ( 'NONE', ( #3039 ), #1852, .F. ) ;
#547 = ADVANCED_FACE ( 'NONE', ( #3618 ), #1607, .T. ) ;
#548 = VECTOR ( 'NONE', #190, 1.000000000000000000 ) ;
#549 = DIRECTION ( 'NONE',  ( -0.000000000000000000, -1.000000000000000000, -0.000000000000000000 ) ) ;
#550 = ORIENTED_EDGE ( 'NONE', *, *, #808, .F. ) ;
#551 = EDGE_LOOP ( 'NONE', ( #3123, #2666, #3134, #1999, #2372 ) ) ;
#552 = DIRECTION ( 'NONE',  ( 0.4999999999999998890, 0.000000000000000000, 0.8660254037844387076 ) ) ;
#553 = PLANE ( 'NONE',  #1231 ) ;
#554 = CIRCLE ( 'NONE', #2695, 0.01000000000000000021 ) ;
#555 = VECTOR ( 'NONE', #454, 1.000000000000000000 ) ;
#556 =( GEOMETRIC_REPRESENTATION_CONTEXT ( 3 ) GLOBAL_UNCERTAINTY_ASSIGNED_CONTEXT ( ( #1627 ) ) GLOBAL_UNIT_ASSIGNED_CONTEXT ( ( #643, #1059, #1077 ) ) REPRESENTATION_CONTEXT ( 'NONE', 'WORKASPACE' ) );
#557 = CARTESIAN_POINT ( 'NONE',  ( -0.01426613004699749977, -0.03246232424600770106, 0.2417637836320239986 ) ) ;
#558 = CARTESIAN_POINT ( 'NONE',  ( -0.02343269325086883362, -0.03740620404669388332, 0.2287725376515943043 ) ) ;
#559 = ORIENTED_EDGE ( 'NONE', *, *, #2554, .T. ) ;
#560 = LINE ( 'NONE', #1727, #1015 ) ;
#561 = DIRECTION ( 'NONE',  ( 0.000000000000000000, -0.000000000000000000, -1.000000000000000000 ) ) ;
#562 = EDGE_LOOP ( 'NONE', ( #1269, #3742, #1459, #1374 ) ) ;
#563 = CARTESIAN_POINT ( 'NONE',  ( -0.008939426179386582294, -0.03782423924542390598, 0.2262817610700350313 ) ) ;
#564 = EDGE_LOOP ( 'NONE', ( #3355, #3153 ) ) ;
#565 = DIRECTION ( 'NONE',  ( -0.000000000000000000, -1.000000000000000000, -0.000000000000000000 ) ) ;
#566 = EDGE_LOOP ( 'NONE', ( #507, #1749, #3196, #2529 ) ) ;
#567 = ORIENTED_EDGE ( 'NONE', *, *, #3092, .F. ) ;
#568 = CARTESIAN_POINT ( 'NONE',  ( 0.002702781039756940382, -0.03316232424600759621, 0.2200137836320239793 ) ) ;
#569 = CARTESIAN_POINT ( 'NONE',  ( 0.005733869953002469419, -0.03246232424600770106, 0.2217637836320239808 ) ) ;
#570 = EDGE_CURVE ( 'NONE', #1863, #1364, #3741, .T. ) ;
#571 = EDGE_CURVE ( 'NONE', #1022, #29, #687, .T. ) ;
#572 = CYLINDRICAL_SURFACE ( 'NONE', #736, 0.005625329094090220083 ) ;
#573 = CARTESIAN_POINT ( 'NONE',  ( -0.02048781788348449928, -0.03466232424600759754, 0.2160137836320239757 ) ) ;
#574 = LINE ( 'NONE', #1736, #1106 ) ;
#575 = DIRECTION ( 'NONE',  ( 0.000000000000000000, -1.000000000000000000, 0.000000000000000000 ) ) ;
#576 = CARTESIAN_POINT ( 'NONE',  ( 0.002702781039756939948, -0.03066232424600760093, 0.2200137836320239793 ) ) ;
#577 = CARTESIAN_POINT ( 'NONE',  ( -0.01729721896024309993, -0.05366232424600769768, 0.2247769233528379984 ) ) ;
#578 = DIRECTION ( 'NONE',  ( 0.000000000000000000, -1.000000000000000000, 0.000000000000000000 ) ) ;
#579 = ORIENTED_EDGE ( 'NONE', *, *, #2026, .F. ) ;
#580 = EDGE_CURVE ( 'NONE', #29, #2889, #2162, .T. ) ;
#581 = DIRECTION ( 'NONE',  ( -1.000000000000000000, 0.000000000000000000, 0.000000000000000000 ) ) ;
#582 = CARTESIAN_POINT ( 'NONE',  ( -0.007499259989110439693, -0.03654856314307609877, 0.2260137836320239846 ) ) ;
#583 = CARTESIAN_POINT ( 'NONE',  ( -0.03325576707591569592, -0.03246232424600770106, 0.2200137836320239793 ) ) ;
#584 = VERTEX_POINT ( 'NONE', #3652 ) ;
#585 = FACE_OUTER_BOUND ( 'NONE', #293, .T. ) ;
#586 = ORIENTED_EDGE ( 'NONE', *, *, #683, .T. ) ;
#587 = DIRECTION ( 'NONE',  ( -1.000000000000000000, 0.000000000000000000, 0.000000000000000000 ) ) ;
#588 = ADVANCED_FACE ( 'NONE', ( #1026 ), #3021, .F. ) ;
#589 = DIRECTION ( 'NONE',  ( 0.000000000000000000, 1.000000000000000000, 0.000000000000000000 ) ) ;
#590 = AXIS2_PLACEMENT_3D ( 'NONE', #2779, #3639, #457 ) ;
#591 = CARTESIAN_POINT ( 'NONE',  ( -0.01179721896024310199, -0.05366232424600769768, 0.2152506439112099879 ) ) ;
#592 = VECTOR ( 'NONE', #2747, 1.000000000000000000 ) ;
#593 = ADVANCED_FACE ( 'NONE', ( #1547 ), #807, .F. ) ;
#594 = EDGE_CURVE ( 'NONE', #3362, #1985, #3065, .T. ) ;
#595 = VECTOR ( 'NONE', #938, 1.000000000000000000 ) ;
#596 = CARTESIAN_POINT ( 'NONE',  ( -0.01737751865587182018, -0.03316232424600759621, 0.2399653122717736731 ) ) ;
#597 = CARTESIAN_POINT ( 'NONE',  ( -0.03504721896024300121, -0.03066232424600760093, 0.2140137836320240017 ) ) ;
#598 = DIRECTION ( 'NONE',  ( 0.000000000000000000, -1.000000000000000000, 0.000000000000000000 ) ) ;
#599 = CARTESIAN_POINT ( 'NONE',  ( -0.008538464940661450592, -0.03740620404668042187, 0.2261492579226494215 ) ) ;
#600 = CARTESIAN_POINT ( 'NONE',  ( -0.02554163060968578022, -0.03795121390851347032, 0.2136997695922462082 ) ) ;
#601 = ORIENTED_EDGE ( 'NONE', *, *, #1386, .F. ) ;
#602 = CARTESIAN_POINT ( 'NONE',  ( -0.03527649301807939813, -0.03246232424600770106, 0.2235137836320239824 ) ) ;
#603 = EDGE_LOOP ( 'NONE', ( #1791, #2079 ) ) ;
#604 = EDGE_LOOP ( 'NONE', ( #141, #3129, #3426, #263, #1327, #388 ) ) ;
#605 = FACE_BOUND ( 'NONE', #2247, .T. ) ;
#606 = AXIS2_PLACEMENT_3D ( 'NONE', #2153, #3594, #83 ) ;
#607 = CARTESIAN_POINT ( 'NONE',  ( -0.01325576707591565387, -0.03316232424600759621, 0.2400137836320239970 ) ) ;
#608 = CIRCLE ( 'NONE', #735, 0.002200000000000000566 ) ;
#609 = CARTESIAN_POINT ( 'NONE',  ( -0.009121590538963214936, -0.03802987220616859537, 0.2136700319319152219 ) ) ;
#610 = DIRECTION ( 'NONE',  ( 0.000000000000000000, 0.000000000000000000, -1.000000000000000000 ) ) ;
#611 = EDGE_CURVE ( 'NONE', #2893, #1455, #125, .T. ) ;
#612 = ORIENTED_EDGE ( 'NONE', *, *, #1665, .T. ) ;
#613 = EDGE_CURVE ( 'NONE', #3736, #1863, #2338, .T. ) ;
#614 = DIRECTION ( 'NONE',  ( -0.4999999999999998890, 0.000000000000000000, 0.8660254037844387076 ) ) ;
#615 = CARTESIAN_POINT ( 'NONE',  ( -0.009209923267643358932, -0.03812948041189882092, 0.2263939675766118431 ) ) ;
#616 = CARTESIAN_POINT ( 'NONE',  ( -0.01685662003700160241, -0.03066232424600760093, 0.2192506439112099914 ) ) ;
#617 = CARTESIAN_POINT ( 'NONE',  ( -0.02436957592844640058, -0.03954156905908690067, 0.2129414266638210151 ) ) ;
#618 = VERTEX_POINT ( 'NONE', #419 ) ;
#619 = DIRECTION ( 'NONE',  ( 0.000000000000000000, 1.000000000000000000, 0.000000000000000000 ) ) ;
#620 = VECTOR ( 'NONE', #1587, 1.000000000000000000 ) ;
#621 = ORIENTED_EDGE ( 'NONE', *, *, #1338, .T. ) ;
#622 = ORIENTED_EDGE ( 'NONE', *, *, #3313, .T. ) ;
#623 = VERTEX_POINT ( 'NONE', #1294 ) ;
#624 = DIRECTION ( 'NONE',  ( 0.000000000000000000, 0.000000000000000000, -1.000000000000000000 ) ) ;
#625 = LINE ( 'NONE', #2654, #920 ) ;
#626 = CARTESIAN_POINT ( 'NONE',  ( -0.02360688090437129336, -0.03793946763408835576, 0.2282685529087173093 ) ) ;
#627 = DIRECTION ( 'NONE',  ( -1.000000000000000000, 0.000000000000000000, 0.000000000000000000 ) ) ;
#628 =( NAMED_UNIT ( * ) SI_UNIT ( $, .STERADIAN. ) SOLID_ANGLE_UNIT ( ) );
#629 = CARTESIAN_POINT ( 'NONE',  ( -0.01325576707591565387, -0.03316232424600759621, 0.2000137836320239892 ) ) ;
#630 = ORIENTED_EDGE ( 'NONE', *, *, #919, .T. ) ;
#631 = CARTESIAN_POINT ( 'NONE',  ( 0.01020278103975690021, -0.03566232424600759843, 0.2240137836320239828 ) ) ;
#632 = CARTESIAN_POINT ( 'NONE',  ( -0.009049107004497420476, -0.03794701196769161011, 0.2263262396947124944 ) ) ;
#633 = EDGE_CURVE ( 'NONE', #2013, #1601, #3617, .T. ) ;
#634 = EDGE_CURVE ( 'NONE', #2924, #3243, #182, .T. ) ;
#635 = PLANE ( 'NONE',  #3339 ) ;
#636 = LINE ( 'NONE', #1804, #1826 ) ;
#637 = DIRECTION ( 'NONE',  ( 1.000000000000000000, 0.000000000000000000, 7.511572993685800087E-16 ) ) ;
#638 = ORIENTED_EDGE ( 'NONE', *, *, #2041, .F. ) ;
#639 = DIRECTION ( 'NONE',  ( -0.000000000000000000, -1.000000000000000000, -0.000000000000000000 ) ) ;
#640 = EDGE_CURVE ( 'NONE', #248, #3543, #489, .T. ) ;
#641 = VERTEX_POINT ( 'NONE', #3140 ) ;
#642 = ORIENTED_EDGE ( 'NONE', *, *, #3478, .T. ) ;
#643 =( LENGTH_UNIT ( ) NAMED_UNIT ( * ) SI_UNIT ( $, .METRE. ) );
#644 = EDGE_CURVE ( 'NONE', #164, #2317, #472, .T. ) ;
#645 = LINE ( 'NONE', #1565, #786 ) ;
#646 = AXIS2_PLACEMENT_3D ( 'NONE', #253, #1149, #4 ) ;
#647 = ORIENTED_EDGE ( 'NONE', *, *, #3254, .T. ) ;
#648 = CARTESIAN_POINT ( 'NONE',  ( -0.01129721896024310154, -0.03566232424600759843, 0.2455137836320240019 ) ) ;
#649 = DIRECTION ( 'NONE',  ( 1.000000000000000000, 0.000000000000000000, 0.000000000000000000 ) ) ;
#650 = ORIENTED_EDGE ( 'NONE', *, *, #3379, .F. ) ;
#651 = AXIS2_PLACEMENT_3D ( 'NONE', #1441, #2606, #1750 ) ;
#652 = DIRECTION ( 'NONE',  ( -1.779203565104419840E-16, 0.000000000000000000, 1.000000000000000000 ) ) ;
#653 = AXIS2_PLACEMENT_3D ( 'NONE', #1328, #506, #3136 ) ;
#654 = CARTESIAN_POINT ( 'NONE',  ( -0.01129721896024310154, -0.03066232424600760093, 0.2102158246608909764 ) ) ;
#655 = CARTESIAN_POINT ( 'NONE',  ( -0.02659850431643402680, -0.03689011723525864594, 0.2140137836320240017 ) ) ;
#656 = PLANE ( 'NONE',  #1316 ) ;
#657 = EDGE_LOOP ( 'NONE', ( #121, #2261, #2629, #3230 ) ) ;
#658 = CARTESIAN_POINT ( 'NONE',  ( -0.01454721896024310096, -0.03466232424600759754, 0.2247769233528379984 ) ) ;
#659 = ORIENTED_EDGE ( 'NONE', *, *, #580, .T. ) ;
#660 = ORIENTED_EDGE ( 'NONE', *, *, #3730, .F. ) ;
#661 = CARTESIAN_POINT ( 'NONE',  ( -0.01729721896024299932, -0.03066232424600760093, 0.2000137836320239892 ) ) ;
#662 = ADVANCED_FACE ( 'NONE', ( #1069 ), #553, .T. ) ;
#663 = ADVANCED_FACE ( 'NONE', ( #1427 ), #838, .T. ) ;
#664 = B_SPLINE_CURVE_WITH_KNOTS ( 'NONE', 3,
 ( #3115, #221, #2010, #1930, #3096, #20 ),
 .UNSPECIFIED., .F., .F.,
 ( 4, 2, 4 ),
 ( 0.000000000000000000, 0.5000000000000000000, 1.000000000000000000 ),
 .UNSPECIFIED. ) ;
#665 = VECTOR ( 'NONE', #2145, 1.000000000000000000 ) ;
#666 = CARTESIAN_POINT ( 'NONE',  ( -0.007297218960242999111, -0.05366232424600769768, 0.2200137836320239793 ) ) ;
#667 = ORIENTED_EDGE ( 'NONE', *, *, #1202, .F. ) ;
#668 = CARTESIAN_POINT ( 'NONE',  ( -0.02133867084457050090, -0.03246232424600770106, 0.2000137836320239892 ) ) ;
#669 = DIRECTION ( 'NONE',  ( 0.000000000000000000, 0.000000000000000000, 1.000000000000000000 ) ) ;
#670 = VECTOR ( 'NONE', #1460, 1.000000000000000000 ) ;
#671 = ORIENTED_EDGE ( 'NONE', *, *, #2159, .F. ) ;
#672 = DIRECTION ( 'NONE',  ( 1.000000000000000000, 0.000000000000000000, 0.000000000000000000 ) ) ;
#673 = DIRECTION ( 'NONE',  ( 0.000000000000000000, -1.000000000000000000, 0.000000000000000000 ) ) ;
#674 = ORIENTED_EDGE ( 'NONE', *, *, #11, .T. ) ;
#675 = CARTESIAN_POINT ( 'NONE',  ( -0.01091703501560571145, -0.03812948041203457344, 0.2119264879395432177 ) ) ;
#676 = DIRECTION ( 'NONE',  ( 1.000000000000000000, 0.000000000000000000, 0.000000000000000000 ) ) ;
#677 = DIRECTION ( 'NONE',  ( 0.000000000000000000, 1.000000000000000000, 0.000000000000000000 ) ) ;
#678 = DIRECTION ( 'NONE',  ( 1.000000000000000000, 0.000000000000000000, 0.000000000000000000 ) ) ;
#679 = ORIENTED_EDGE ( 'NONE', *, *, #2577, .F. ) ;
#680 = ORIENTED_EDGE ( 'NONE', *, *, #493, .T. ) ;
#681 = AXIS2_PLACEMENT_3D ( 'NONE', #1331, #1274, #1869 ) ;
#682 = LINE ( 'NONE', #2125, #595 ) ;
#683 = EDGE_CURVE ( 'NONE', #765, #858, #1663, .T. ) ;
#684 = ADVANCED_FACE ( 'NONE', ( #3448, #3464 ), #2555, .F. ) ;
#685 = ORIENTED_EDGE ( 'NONE', *, *, #410, .T. ) ;
#686 = DIRECTION ( 'NONE',  ( 0.000000000000000000, 1.000000000000000000, 0.000000000000000000 ) ) ;
#687 = LINE ( 'NONE', #385, #1471 ) ;
#688 = LINE ( 'NONE', #2435, #1276 ) ;
#689 = CARTESIAN_POINT ( 'NONE',  ( -0.01100713588492382988, -0.03788599651459073625, 0.2117115278510073584 ) ) ;
#690 = CARTESIAN_POINT ( 'NONE',  ( -0.03509721896024299570, -0.03066232424600760093, 0.2200137836320239793 ) ) ;
#691 = DIRECTION ( 'NONE',  ( 1.000000000000000000, 0.000000000000000000, 1.073081856240829922E-16 ) ) ;
#692 = LINE ( 'NONE', #1036, #3549 ) ;
#693 = ADVANCED_FACE ( 'NONE', ( #821, #2297 ), #266, .T. ) ;
#694 = EDGE_LOOP ( 'NONE', ( #1914, #2272, #500, #1251 ) ) ;
#695 = FACE_BOUND ( 'NONE', #409, .T. ) ;
#696 = VERTEX_POINT ( 'NONE', #1355 ) ;
#697 = EDGE_LOOP ( 'NONE', ( #3234, #1234 ) ) ;
#698 = DIRECTION ( 'NONE',  ( 0.000000000000000000, 1.000000000000000000, 0.000000000000000000 ) ) ;
#699 = LINE ( 'NONE', #2466, #3660 ) ;
#700 = DIRECTION ( 'NONE',  ( 0.000000000000000000, 1.000000000000000000, 0.000000000000000000 ) ) ;
#701 = EDGE_CURVE ( 'NONE', #1987, #3054, #2519, .T. ) ;
#702 = LINE ( 'NONE', #1551, #916 ) ;
#703 = ADVANCED_FACE ( 'NONE', ( #3713 ), #1991, .F. ) ;
#704 = EDGE_CURVE ( 'NONE', #904, #584, #1110, .T. ) ;
#705 = FACE_OUTER_BOUND ( 'NONE', #1539, .T. ) ;
#706 = CIRCLE ( 'NONE', #3219, 0.002000000000000000042 ) ;
#707 = FACE_OUTER_BOUND ( 'NONE', #490, .T. ) ;
#708 = DIRECTION ( 'NONE',  ( -0.4999999999999998890, 0.000000000000000000, 0.8660254037844387076 ) ) ;
#709 = CIRCLE ( 'NONE', #2857, 0.005625329094090220083 ) ;
#710 = DIRECTION ( 'NONE',  ( 1.000000000000000000, 0.000000000000000000, -0.000000000000000000 ) ) ;
#711 = ORIENTED_EDGE ( 'NONE', *, *, #16, .T. ) ;
#712 = CARTESIAN_POINT ( 'NONE',  ( 0.0005027810397569398154, 0.04228996209459180006, 0.2200137836320239793 ) ) ;
#713 = VECTOR ( 'NONE', #797, 1.000000000000000000 ) ;
#714 = LINE ( 'NONE', #754, #2862 ) ;
#715 = ORIENTED_EDGE ( 'NONE', *, *, #1946, .T. ) ;
#716 = ORIENTED_EDGE ( 'NONE', *, *, #1361, .F. ) ;
#717 = VECTOR ( 'NONE', #1557, 1.000000000000000000 ) ;
#718 = CARTESIAN_POINT ( 'NONE',  ( 0.0005027810397569398154, -0.03066232424600760093, 0.2200137836320239793 ) ) ;
#719 = CARTESIAN_POINT ( 'NONE',  ( -0.02329721896024300118, -0.03654856314307609877, 0.2102158246608909764 ) ) ;
#720 = DIRECTION ( 'NONE',  ( 0.000000000000000000, -1.000000000000000000, 0.000000000000000000 ) ) ;
#721 = VECTOR ( 'NONE', #3121, 1.000000000000000000 ) ;
#722 = DIRECTION ( 'NONE',  ( 0.000000000000000000, -1.000000000000000000, 0.000000000000000000 ) ) ;
#723 = VECTOR ( 'NONE', #2637, 1.000000000000000000 ) ;
#724 = DIRECTION ( 'NONE',  ( 0.000000000000000000, -1.000000000000000000, 0.000000000000000000 ) ) ;
#725 = CARTESIAN_POINT ( 'NONE',  ( -0.02329721896024300118, -0.03066232424600760093, 0.2022637836320239912 ) ) ;
#726 = LINE ( 'NONE', #1315, #1574 ) ;
#727 = DIRECTION ( 'NONE',  ( 1.000000000000000000, 0.000000000000000000, 0.000000000000000000 ) ) ;
#728 = LINE ( 'NONE', #3126, #1255 ) ;
#729 = EDGE_CURVE ( 'NONE', #250, #2228, #2874, .T. ) ;
#730 = EDGE_CURVE ( 'NONE', #3381, #3588, #2236, .T. ) ;
#731 = CARTESIAN_POINT ( 'NONE',  ( 0.0006820550975932499838, -0.03246232424600770106, 0.2165137836320239761 ) ) ;
#732 = ORIENTED_EDGE ( 'NONE', *, *, #3657, .F. ) ;
#733 = DIRECTION ( 'NONE',  ( -0.4999999999999998890, 0.000000000000000000, -0.8660254037844387076 ) ) ;
#734 = LINE ( 'NONE', #2983, #2697 ) ;
#735 = AXIS2_PLACEMENT_3D ( 'NONE', #867, #3474, #2685 ) ;
#736 = AXIS2_PLACEMENT_3D ( 'NONE', #2609, #3765, #2592 ) ;
#737 = DIRECTION ( 'NONE',  ( 0.000000000000000000, -1.000000000000000000, 0.000000000000000000 ) ) ;
#738 = ORIENTED_EDGE ( 'NONE', *, *, #2596, .T. ) ;
#739 = EDGE_LOOP ( 'NONE', ( #523, #1621, #2082, #521 ) ) ;
#740 = FACE_OUTER_BOUND ( 'NONE', #1302, .T. ) ;
#741 = ORIENTED_EDGE ( 'NONE', *, *, #1308, .F. ) ;
#742 = CARTESIAN_POINT ( 'NONE',  ( -0.01685662003700160241, -0.03466232424600759754, 0.2287769233528390012 ) ) ;
#743 = CARTESIAN_POINT ( 'NONE',  ( -0.01729721896024299932, -0.03246232424600770106, 0.2365137836320239939 ) ) ;
#744 = ORIENTED_EDGE ( 'NONE', *, *, #925, .T. ) ;
#745 = DIRECTION ( 'NONE',  ( 0.000000000000000000, 0.000000000000000000, -1.000000000000000000 ) ) ;
#746 = DIRECTION ( 'NONE',  ( 0.4999999999999998890, 0.000000000000000000, -0.8660254037844387076 ) ) ;
#747 = CARTESIAN_POINT ( 'NONE',  ( -0.01729721896024299932, 0.04228996209459180006, 0.2000137836320239892 ) ) ;
#748 = CARTESIAN_POINT ( 'NONE',  ( -0.01729721896024299932, -0.03316232424600759621, 0.2035137836320239924 ) ) ;
#749 = DIRECTION ( 'NONE',  ( 1.000000000000000000, 0.000000000000000000, 0.000000000000000000 ) ) ;
#750 = CARTESIAN_POINT ( 'NONE',  ( -0.01729721896024299932, -0.03246232424600770106, 0.1965137836320239861 ) ) ;
#751 = CARTESIAN_POINT ( 'NONE',  ( -0.02416623487062983730, -0.03918867575425802330, 0.2127230125188520338 ) ) ;
#752 = EDGE_CURVE ( 'NONE', #765, #2102, #1126, .T. ) ;
#753 = CARTESIAN_POINT ( 'NONE',  ( 0.0004527810397569399553, -0.03066232424600760093, 0.2260137836320239846 ) ) ;
#754 = CARTESIAN_POINT ( 'NONE',  ( 0.002702781039756940382, -0.03316232424600759621, 0.2143884545379337592 ) ) ;
#755 = CARTESIAN_POINT ( 'NONE',  ( -0.01729721896024299932, -0.03316232424600759621, 0.1943884545379337692 ) ) ;
#756 = ORIENTED_EDGE ( 'NONE', *, *, #808, .T. ) ;
#757 = ORIENTED_EDGE ( 'NONE', *, *, #1505, .T. ) ;
#758 = EDGE_CURVE ( 'NONE', #1048, #3450, #664, .T. ) ;
#759 = PLANE ( 'NONE',  #2006 ) ;
#760 = DIRECTION ( 'NONE',  ( -0.4999999999999998890, 0.000000000000000000, -0.8660254037844387076 ) ) ;
#761 = DIRECTION ( 'NONE',  ( -0.4999999999999998890, 0.000000000000000000, 0.8660254037844387076 ) ) ;
#762 = EDGE_CURVE ( 'NONE', #1642, #815, #2030, .T. ) ;
#763 = CARTESIAN_POINT ( 'NONE',  ( -0.01454721896024310096, -0.03466232424600759754, 0.2247769233528379984 ) ) ;
#764 = EDGE_LOOP ( 'NONE', ( #3692, #1794, #1479, #3193, #1809, #3572 ) ) ;
#765 = VERTEX_POINT ( 'NONE', #573 ) ;
#766 = DIRECTION ( 'NONE',  ( -1.000000000000000000, 0.000000000000000000, 0.000000000000000000 ) ) ;
#767 = DIRECTION ( 'NONE',  ( 0.000000000000000000, -1.000000000000000000, 0.000000000000000000 ) ) ;
#768 = CARTESIAN_POINT ( 'NONE',  ( -0.01109073195176551660, -0.03766154677245565213, 0.2285134953621090481 ) ) ;
#769 = CARTESIAN_POINT ( 'NONE',  ( -0.02509883250399665491, -0.03848393184725414085, 0.2265466806559617019 ) ) ;
#770 = VERTEX_POINT ( 'NONE', #1757 ) ;
#771 = ORIENTED_EDGE ( 'NONE', *, *, #2550, .F. ) ;
#772 = ORIENTED_EDGE ( 'NONE', *, *, #142, .T. ) ;
#773 = AXIS2_PLACEMENT_3D ( 'NONE', #1792, #261, #1772 ) ;
#774 = CYLINDRICAL_SURFACE ( 'NONE', #963, 0.005625329094090220083 ) ;
#775 = DIRECTION ( 'NONE',  ( 1.000000000000000000, 0.000000000000000000, 0.000000000000000000 ) ) ;
#776 = VECTOR ( 'NONE', #1866, 1.000000000000000000 ) ;
#777 = EDGE_CURVE ( 'NONE', #3450, #2212, #2336, .T. ) ;
#778 = ORIENTED_EDGE ( 'NONE', *, *, #1244, .F. ) ;
#779 = EDGE_CURVE ( 'NONE', #3019, #1651, #1619, .T. ) ;
#780 = CARTESIAN_POINT ( 'NONE',  ( -0.01108311734510530021, -0.03066232424600760093, 0.2132506439112100138 ) ) ;
#781 = B_SPLINE_CURVE_WITH_KNOTS ( 'NONE', 3,
 ( #1546, #2128, #3295, #1223, #3345, #2161 ),
 .UNSPECIFIED., .F., .F.,
 ( 4, 2, 4 ),
 ( 0.000000000000000000, 0.5000000000000000000, 1.000000000000000000 ),
 .UNSPECIFIED. ) ;
#782 = CARTESIAN_POINT ( 'NONE',  ( -0.01454721896024310096, -0.1117833592535820014, 0.2152506439112099879 ) ) ;
#783 = CYLINDRICAL_SURFACE ( 'NONE', #3180, 0.002749999999999998973 ) ;
#784 = ORIENTED_EDGE ( 'NONE', *, *, #3775, .F. ) ;
#785 = ORIENTED_EDGE ( 'NONE', *, *, #1095, .F. ) ;
#786 = VECTOR ( 'NONE', #2107, 1.000000000000000000 ) ;
#787 = CARTESIAN_POINT ( 'NONE',  ( -0.02741602111376000017, -0.03466232424600759754, 0.2200137836320239793 ) ) ;
#788 = DIRECTION ( 'NONE',  ( 0.000000000000000000, 1.000000000000000000, 0.000000000000000000 ) ) ;
#789 = CARTESIAN_POINT ( 'NONE',  ( 0.008202781039756950471, -0.03066232424600760093, 0.2260137836320239846 ) ) ;
#790 = ORIENTED_EDGE ( 'NONE', *, *, #925, .F. ) ;
#791 = LINE ( 'NONE', #753, #2443 ) ;
#792 = ORIENTED_EDGE ( 'NONE', *, *, #1261, .T. ) ;
#793 = CIRCLE ( 'NONE', #2755, 0.005625329094090220083 ) ;
#794 = VERTEX_POINT ( 'NONE', #3395 ) ;
#795 = EDGE_LOOP ( 'NONE', ( #790, #3411, #3459, #2418 ) ) ;
#796 = VECTOR ( 'NONE', #3475, 1.000000000000000000 ) ;
#797 = DIRECTION ( 'NONE',  ( 0.000000000000000000, 0.000000000000000000, 1.000000000000000000 ) ) ;
#798 = ORIENTED_EDGE ( 'NONE', *, *, #3254, .F. ) ;
#799 = VERTEX_POINT ( 'NONE', #755 ) ;
#800 = CYLINDRICAL_SURFACE ( 'NONE', #2612, 0.002749999999999998973 ) ;
#801 = CARTESIAN_POINT ( 'NONE',  ( 0.002702781039756929973, -0.03316232424600759621, 0.2235137836320239824 ) ) ;
#802 = B_SPLINE_CURVE_WITH_KNOTS ( 'NONE', 3,
 ( #2937, #1742, #2918, #3220, #1450, #2618 ),
 .UNSPECIFIED., .F., .F.,
 ( 4, 2, 4 ),
 ( 0.000000000000000000, 0.5000000000000000000, 1.000000000000000000 ),
 .UNSPECIFIED. ) ;
#803 = EDGE_CURVE ( 'NONE', #2228, #3446, #1923, .T. ) ;
#804 = ADVANCED_FACE ( 'NONE', ( #3149 ), #656, .F. ) ;
#805 = CARTESIAN_POINT ( 'NONE',  ( -0.01729721896024309993, -0.03566232424600759843, 0.2200137836320239793 ) ) ;
#806 = ORIENTED_EDGE ( 'NONE', *, *, #1608, .T. ) ;
#807 = TOROIDAL_SURFACE ( 'NONE', #1783, 0.01400000000000000029, 0.004000000000000000083 ) ;
#808 = EDGE_CURVE ( 'NONE', #3446, #2427, #2714, .T. ) ;
#809 = DIRECTION ( 'NONE',  ( 0.8660254037844387076, 0.000000000000000000, 0.4999999999999998890 ) ) ;
#810 = CARTESIAN_POINT ( 'NONE',  ( -0.03729721896024299627, -0.03066232424600760093, 0.2200137836320239793 ) ) ;
#811 = LINE ( 'NONE', #1981, #2057 ) ;
#812 = PLANE ( 'NONE',  #2194 ) ;
#813 = CARTESIAN_POINT ( 'NONE',  ( -0.02554721896024299971, -0.1117833592535820014, 0.2200137836320239793 ) ) ;
#814 = EDGE_CURVE ( 'NONE', #434, #1326, #2976, .T. ) ;
#815 = VERTEX_POINT ( 'NONE', #648 ) ;
#816 = VERTEX_POINT ( 'NONE', #2683 ) ;
#817 = EDGE_LOOP ( 'NONE', ( #3760, #806, #1967, #1296 ) ) ;
#818 = CYLINDRICAL_SURFACE ( 'NONE', #2797, 0.002000000000000000042 ) ;
#819 = ORIENTED_EDGE ( 'NONE', *, *, #814, .F. ) ;
#820 = FACE_OUTER_BOUND ( 'NONE', #1465, .T. ) ;
#821 = FACE_BOUND ( 'NONE', #538, .T. ) ;
#822 = CARTESIAN_POINT ( 'NONE',  ( -0.007499259989110519491, -0.03066232424600760093, 0.2140137836320240017 ) ) ;
#823 = ORIENTED_EDGE ( 'NONE', *, *, #1060, .T. ) ;
#824 = CARTESIAN_POINT ( 'NONE',  ( -0.04279721896024300115, -0.03566232424600759843, 0.2260137836320239846 ) ) ;
#825 = CARTESIAN_POINT ( 'NONE',  ( -0.02709517793137570033, -0.03654856314307609877, 0.2140137836320240017 ) ) ;
#826 = EDGE_CURVE ( 'NONE', #3724, #3582, #2434, .T. ) ;
#827 = EDGE_CURVE ( 'NONE', #495, #3541, #2175, .T. ) ;
#828 = VERTEX_POINT ( 'NONE', #366 ) ;
#829 = CARTESIAN_POINT ( 'NONE',  ( -0.03504721896024300121, -0.03566232424600759843, 0.2260137836320239846 ) ) ;
#830 = EDGE_LOOP ( 'NONE', ( #31, #1730, #357, #3669, #3497, #3388 ) ) ;
#831 = VERTEX_POINT ( 'NONE', #1532 ) ;
#832 = ORIENTED_EDGE ( 'NONE', *, *, #306, .F. ) ;
#833 = VECTOR ( 'NONE', #245, 1.000000000000000000 ) ;
#834 = DIRECTION ( 'NONE',  ( 0.000000000000000000, -1.000000000000000000, 0.000000000000000000 ) ) ;
#835 = ORIENTED_EDGE ( 'NONE', *, *, #2253, .T. ) ;
#836 = AXIS2_PLACEMENT_3D ( 'NONE', #3672, #1887, #3090 ) ;
#837 = CARTESIAN_POINT ( 'NONE',  ( 0.004723506981920630454, -0.03246232424600770106, 0.2235137836320239824 ) ) ;
#838 = CYLINDRICAL_SURFACE ( 'NONE', #1287, 0.001999999999999998307 ) ;
#839 = CIRCLE ( 'NONE', #1941, 0.005625329094090220083 ) ;
#840 = CARTESIAN_POINT ( 'NONE',  ( -0.01949721896024299989, -0.03246232424600770106, 0.2400137836320239970 ) ) ;
#841 = B_SPLINE_CURVE_WITH_KNOTS ( 'NONE', 3,
 ( #2841, #3162, #3684, #2509, #2859, #1704 ),
 .UNSPECIFIED., .F., .F.,
 ( 4, 2, 4 ),
 ( 0.000000000000000000, 0.5000000000000000000, 1.000000000000000000 ),
 .UNSPECIFIED. ) ;
#842 = CARTESIAN_POINT ( 'NONE',  ( -0.02943739131611986665, -0.03566232424600760537, 0.2260137836320239291 ) ) ;
#843 = EDGE_LOOP ( 'NONE', ( #3642, #3542, #1865, #2174, #464, #1849 ) ) ;
#844 = DIRECTION ( 'NONE',  ( -0.8660254037844387076, 0.000000000000000000, -0.4999999999999998890 ) ) ;
#845 = EDGE_LOOP ( 'NONE', ( #362, #1989, #2394, #586 ) ) ;
#846 = PLANE ( 'NONE',  #2942 ) ;
#847 = ORIENTED_EDGE ( 'NONE', *, *, #777, .F. ) ;
#848 = EDGE_CURVE ( 'NONE', #443, #2820, #3691, .T. ) ;
#849 = EDGE_CURVE ( 'NONE', #1289, #2448, #889, .T. ) ;
#850 = CARTESIAN_POINT ( 'NONE',  ( -0.01509721896024299875, 0.04228996209459180006, 0.2000137836320239892 ) ) ;
#851 = ORIENTED_EDGE ( 'NONE', *, *, #1953, .T. ) ;
#852 = ORIENTED_EDGE ( 'NONE', *, *, #3092, .T. ) ;
#853 = CARTESIAN_POINT ( 'NONE',  ( -0.01931794490240680215, -0.03246232424600770106, 0.2035137836320239924 ) ) ;
#854 = CIRCLE ( 'NONE', #1161, 0.01400000000000000029 ) ;
#855 = CIRCLE ( 'NONE', #2391, 0.002200000000000000566 ) ;
#856 = CARTESIAN_POINT ( 'NONE',  ( -0.01129721896024310154, -0.03566232424600759843, 0.2022637836320239912 ) ) ;
#857 = ORIENTED_EDGE ( 'NONE', *, *, #191, .T. ) ;
#858 = VERTEX_POINT ( 'NONE', #1947 ) ;
#859 = CYLINDRICAL_SURFACE ( 'NONE', #420, 0.005625329094090220083 ) ;
#860 = VECTOR ( 'NONE', #340, 1.000000000000000000 ) ;
#861 = DIRECTION ( 'NONE',  ( 0.8660254037844387076, 0.000000000000000000, -0.4999999999999998890 ) ) ;
#862 = EDGE_CURVE ( 'NONE', #1394, #433, #1477, .T. ) ;
#863 = CARTESIAN_POINT ( 'NONE',  ( -0.008797507230157377081, -0.03766154677245434068, 0.2138072966235461669 ) ) ;
#864 = FACE_OUTER_BOUND ( 'NONE', #3528, .T. ) ;
#865 = DIRECTION ( 'NONE',  ( 0.000000000000000000, -1.000000000000000000, 0.000000000000000000 ) ) ;
#866 = DIRECTION ( 'NONE',  ( 0.000000000000000000, -1.000000000000000000, 0.000000000000000000 ) ) ;
#867 = CARTESIAN_POINT ( 'NONE',  ( -0.01729721896024299932, -0.03066232424600760093, 0.2000137836320239892 ) ) ;
#868 = VECTOR ( 'NONE', #6, 1.000000000000000000 ) ;
#869 = VERTEX_POINT ( 'NONE', #2812 ) ;
#870 = DIRECTION ( 'NONE',  ( 0.000000000000000000, -1.000000000000000000, 0.000000000000000000 ) ) ;
#871 = DIRECTION ( 'NONE',  ( -0.8660254037844387076, 0.000000000000000000, -0.4999999999999998890 ) ) ;
#872 = ORIENTED_EDGE ( 'NONE', *, *, #59, .T. ) ;
#873 = CARTESIAN_POINT ( 'NONE',  ( -0.02533566461638225159, -0.03819303412423367267, 0.2136063690900266432 ) ) ;
#874 = ORIENTED_EDGE ( 'NONE', *, *, #1202, .T. ) ;
#875 = LINE ( 'NONE', #2929, #466 ) ;
#876 = EDGE_CURVE ( 'NONE', #1206, #1624, #3284, .T. ) ;
#877 = ORIENTED_EDGE ( 'NONE', *, *, #1182, .F. ) ;
#878 = CARTESIAN_POINT ( 'NONE',  ( -0.01223781788348459951, -0.03466232424600759754, 0.2207769233528390218 ) ) ;
#879 = ADVANCED_FACE ( 'NONE', ( #2832 ), #198, .F. ) ;
#880 = ADVANCED_FACE ( 'NONE', ( #3577 ), #1575, .T. ) ;
#881 = FACE_BOUND ( 'NONE', #2766, .T. ) ;
#882 = LINE ( 'NONE', #532, #2389 ) ;
#883 = CARTESIAN_POINT ( 'NONE',  ( -0.008018251143909801287, -0.03693116855802287130, 0.2139880912104706046 ) ) ;
#884 = DIRECTION ( 'NONE',  ( 0.000000000000000000, -1.000000000000000000, 0.000000000000000000 ) ) ;
#885 = CARTESIAN_POINT ( 'NONE',  ( -0.02133867084457050090, -0.03246232424600770106, 0.2400137836320239970 ) ) ;
#886 = CARTESIAN_POINT ( 'NONE',  ( -0.01325576707591570071, -0.03246232424600770106, 0.2000137836320239892 ) ) ;
#887 = ORIENTED_EDGE ( 'NONE', *, *, #1084, .T. ) ;
#888 = CARTESIAN_POINT ( 'NONE',  ( 0.002702781039756941249, -0.03316232424600759621, 0.2256391127261141993 ) ) ;
#889 = LINE ( 'NONE', #3228, #2730 ) ;
#890 = CARTESIAN_POINT ( 'NONE',  ( -0.02279721896024300073, -0.1117833592535820014, 0.2200137836320239793 ) ) ;
#891 = VERTEX_POINT ( 'NONE', #2152 ) ;
#892 = DIRECTION ( 'NONE',  ( 0.000000000000000000, 1.000000000000000000, 0.000000000000000000 ) ) ;
#893 = VERTEX_POINT ( 'NONE', #929 ) ;
#894 = ORIENTED_EDGE ( 'NONE', *, *, #3591, .T. ) ;
#895 = DIRECTION ( 'NONE',  ( -0.000000000000000000, -1.000000000000000000, -0.000000000000000000 ) ) ;
#896 = AXIS2_PLACEMENT_3D ( 'NONE', #368, #1533, #672 ) ;
#897 = DIRECTION ( 'NONE',  ( 1.000000000000000000, 0.000000000000000000, 0.000000000000000000 ) ) ;
#898 = EDGE_CURVE ( 'NONE', #1520, #2363, #297, .T. ) ;
#899 = EDGE_CURVE ( 'NONE', #3541, #1520, #3536, .T. ) ;
#900 = DIRECTION ( 'NONE',  ( 0.000000000000000000, 0.000000000000000000, -1.000000000000000000 ) ) ;
#901 = VECTOR ( 'NONE', #614, 1.000000000000000000 ) ;
#902 = DIRECTION ( 'NONE',  ( 0.000000000000000000, 1.000000000000000000, 0.000000000000000000 ) ) ;
#903 = VECTOR ( 'NONE', #502, 1.000000000000000000 ) ;
#904 = VERTEX_POINT ( 'NONE', #2712 ) ;
#905 = LINE ( 'NONE', #1208, #2675 ) ;
#906 = CARTESIAN_POINT ( 'NONE',  ( -0.01931794490240675011, -0.03316232424600759621, 0.2435137836320240001 ) ) ;
#907 = CARTESIAN_POINT ( 'NONE',  ( -0.01223781788348459951, -0.03466232424600759754, 0.2287769233528390012 ) ) ;
#908 = VERTEX_POINT ( 'NONE', #47 ) ;
#909 = PLANE ( 'NONE',  #1870 ) ;
#910 = VECTOR ( 'NONE', #1889, 1.000000000000000000 ) ;
#911 = ORIENTED_EDGE ( 'NONE', *, *, #1309, .T. ) ;
#912 = VERTEX_POINT ( 'NONE', #616 ) ;
#913 = CARTESIAN_POINT ( 'NONE',  ( -0.01129721896024310154, -0.03066232424600760093, 0.2298117426031570099 ) ) ;
#914 = VECTOR ( 'NONE', #1334, 1.000000000000000000 ) ;
#915 = LINE ( 'NONE', #2967, #1835 ) ;
#916 = VECTOR ( 'NONE', #724, 1.000000000000000000 ) ;
#917 = LINE ( 'NONE', #2012, #723 ) ;
#918 = ADVANCED_FACE ( 'NONE', ( #1821 ), #1496, .F. ) ;
#919 = EDGE_CURVE ( 'NONE', #22, #2928, #2744, .T. ) ;
#920 = VECTOR ( 'NONE', #1759, 1.000000000000000000 ) ;
#921 = CARTESIAN_POINT ( 'NONE',  ( -0.03729721896024299627, -0.03566232424600759843, 0.2256391127261141993 ) ) ;
#922 = FACE_OUTER_BOUND ( 'NONE', #1406, .T. ) ;
#923 = CARTESIAN_POINT ( 'NONE',  ( -0.01729721896024309993, -0.03966232424600769912, 0.2200137836320239793 ) ) ;
#924 = VERTEX_POINT ( 'NONE', #1211 ) ;
#925 = EDGE_CURVE ( 'NONE', #3341, #1982, #82, .T. ) ;
#926 = DIRECTION ( 'NONE',  ( -0.000000000000000000, -1.000000000000000000, -0.000000000000000000 ) ) ;
#927 = VECTOR ( 'NONE', #1680, 1.000000000000000000 ) ;
#928 = CARTESIAN_POINT ( 'NONE',  ( -0.009022676953845292988, -0.03791712787829419617, 0.2263152162591939298 ) ) ;
#929 = CARTESIAN_POINT ( 'NONE',  ( -0.01817841680672600130, -0.03466232424600759754, 0.2200137836320239793 ) ) ;
#930 = LINE ( 'NONE', #71, #2810 ) ;
#931 = ORIENTED_EDGE ( 'NONE', *, *, #1548, .F. ) ;
#932 = CARTESIAN_POINT ( 'NONE',  ( -0.009928416806726059890, -0.03466232424600759754, 0.2247769233528379984 ) ) ;
#933 = EDGE_CURVE ( 'NONE', #270, #2058, #405, .T. ) ;
#934 = ORIENTED_EDGE ( 'NONE', *, *, #1196, .T. ) ;
#935 = VERTEX_POINT ( 'NONE', #906 ) ;
#936 = VERTEX_POINT ( 'NONE', #968 ) ;
#937 = CARTESIAN_POINT ( 'NONE',  ( -0.02329721896024300118, -0.03066232424600760093, 0.2455137836320240019 ) ) ;
#938 = DIRECTION ( 'NONE',  ( 0.000000000000000000, -1.000000000000000000, 0.000000000000000000 ) ) ;
#939 = DIRECTION ( 'NONE',  ( 0.000000000000000000, 1.000000000000000000, 0.000000000000000000 ) ) ;
#940 = ORIENTED_EDGE ( 'NONE', *, *, #1600, .T. ) ;
#941 = DIRECTION ( 'NONE',  ( 0.000000000000000000, 1.000000000000000000, 0.000000000000000000 ) ) ;
#942 = CARTESIAN_POINT ( 'NONE',  ( -0.02709517793137570033, -0.03066232424600760093, 0.2100137836320239981 ) ) ;
#943 = LINE ( 'NONE', #3244, #1970 ) ;
#944 = ORIENTED_EDGE ( 'NONE', *, *, #779, .T. ) ;
#945 = CYLINDRICAL_SURFACE ( 'NONE', #1020, 0.002200000000000000566 ) ;
#946 = CARTESIAN_POINT ( 'NONE',  ( 0.01020278103975690021, -0.03066232424600760093, 0.2200137836320239793 ) ) ;
#947 = CARTESIAN_POINT ( 'NONE',  ( -0.03729721896024299627, -0.03246232424600770106, 0.2165137836320239761 ) ) ;
#948 = ADVANCED_FACE ( 'NONE', ( #1845 ), #635, .F. ) ;
#949 = EDGE_CURVE ( 'NONE', #2924, #2856, #2600, .T. ) ;
#950 = CARTESIAN_POINT ( 'NONE',  ( -0.03729721896024299627, -0.03566232424600759843, 0.2143884545379337592 ) ) ;
#951 = ORIENTED_EDGE ( 'NONE', *, *, #2115, .T. ) ;
#952 = LINE ( 'NONE', #1249, #2370 ) ;
#953 = ORIENTED_EDGE ( 'NONE', *, *, #3776, .F. ) ;
#954 = EDGE_LOOP ( 'NONE', ( #2458, #2461 ) ) ;
#955 = DIRECTION ( 'NONE',  ( -0.4999999999999998890, 0.000000000000000000, -0.8660254037844387076 ) ) ;
#956 = DIRECTION ( 'NONE',  ( -0.4999999999999998890, 0.000000000000000000, -0.8660254037844387076 ) ) ;
#957 = CARTESIAN_POINT ( 'NONE',  ( -0.02416812797485979464, -0.03919196118913836208, 0.2273025213106001918 ) ) ;
#958 = AXIS2_PLACEMENT_3D ( 'NONE', #2033, #809, #1396 ) ;
#959 = ORIENTED_EDGE ( 'NONE', *, *, #2051, .T. ) ;
#960 = FACE_OUTER_BOUND ( 'NONE', #1800, .T. ) ;
#961 = CARTESIAN_POINT ( 'NONE',  ( 0.002702781039756940382, -0.03316232424600759621, 0.2200137836320239793 ) ) ;
#962 = ORIENTED_EDGE ( 'NONE', *, *, #1926, .T. ) ;
#963 = AXIS2_PLACEMENT_3D ( 'NONE', #3111, #1678, #1107 ) ;
#964 = DIRECTION ( 'NONE',  ( -1.000000000000000000, 0.000000000000000000, 0.000000000000000000 ) ) ;
#965 = DIRECTION ( 'NONE',  ( 1.000000000000000000, 0.000000000000000000, 0.000000000000000000 ) ) ;
#966 = VECTOR ( 'NONE', #1734, 1.000000000000000000 ) ;
#967 = CARTESIAN_POINT ( 'NONE',  ( -0.01949721896024299989, 0.04228996209459180006, 0.2000137836320239892 ) ) ;
#968 = CARTESIAN_POINT ( 'NONE',  ( -0.01179721896024310199, -0.05366232424600769768, 0.2247769233528379984 ) ) ;
#969 = LINE ( 'NONE', #112, #1221 ) ;
#970 = DIRECTION ( 'NONE',  ( 0.000000000000000000, 0.000000000000000000, -1.000000000000000000 ) ) ;
#971 = EDGE_CURVE ( 'NONE', #2908, #2672, #3768, .T. ) ;
#972 = EDGE_CURVE ( 'NONE', #2055, #3381, #1612, .T. ) ;
#973 = CARTESIAN_POINT ( 'NONE',  ( -0.02329721896024300118, -0.03566232424600759843, 0.2377637836320239950 ) ) ;
#974 = ORIENTED_EDGE ( 'NONE', *, *, #3046, .T. ) ;
#975 = ORIENTED_EDGE ( 'NONE', *, *, #993, .F. ) ;
#976 = VECTOR ( 'NONE', #384, 1.000000000000000000 ) ;
#977 = CARTESIAN_POINT ( 'NONE',  ( -0.02436957592844640058, -0.03954156905908699782, 0.2270861406002269989 ) ) ;
#978 = DIRECTION ( 'NONE',  ( 0.000000000000000000, 0.000000000000000000, -1.000000000000000000 ) ) ;
#979 = AXIS2_PLACEMENT_3D ( 'NONE', #2135, #3624, #2728 ) ;
#980 = CARTESIAN_POINT ( 'NONE',  ( -0.01729721896024299932, -0.03566232424600759843, 0.1925137836320239826 ) ) ;
#981 = VECTOR ( 'NONE', #254, 1.000000000000000000 ) ;
#982 = CARTESIAN_POINT ( 'NONE',  ( -0.01949721896024299989, -0.03066232424600760093, 0.2400137836320239970 ) ) ;
#983 = CARTESIAN_POINT ( 'NONE',  ( -0.01099003701897966964, -0.03793275632454219670, 0.2117530846327517202 ) ) ;
#984 = DIRECTION ( 'NONE',  ( 0.000000000000000000, -1.000000000000000000, 0.000000000000000000 ) ) ;
#985 = CARTESIAN_POINT ( 'NONE',  ( -0.01129721896024310501, -0.03566232424600759843, 0.2078739790361642248 ) ) ;
#986 = CARTESIAN_POINT ( 'NONE',  ( -0.01729721896024299932, -0.03566232424600759843, 0.1943884545379337692 ) ) ;
#987 = PLANE ( 'NONE',  #1258 ) ;
#988 = EDGE_LOOP ( 'NONE', ( #3018, #2249, #784, #3562, #199, #3151, #3245, #1121 ) ) ;
#989 = ADVANCED_FACE ( 'NONE', ( #1959 ), #496, .F. ) ;
#990 = ORIENTED_EDGE ( 'NONE', *, *, #2068, .T. ) ;
#991 = AXIS2_PLACEMENT_3D ( 'NONE', #2218, #978, #3059 ) ;
#992 = EDGE_CURVE ( 'NONE', #1206, #3541, #3045, .T. ) ;
#993 = EDGE_CURVE ( 'NONE', #1692, #3308, #2241, .T. ) ;
#994 = CARTESIAN_POINT ( 'NONE',  ( -0.02376869945780706386, -0.03835107712016505577, 0.2279153569068616547 ) ) ;
#995 = DIRECTION ( 'NONE',  ( 0.000000000000000000, 1.000000000000000000, 0.000000000000000000 ) ) ;
#996 = CARTESIAN_POINT ( 'NONE',  ( -0.02329721896024300118, -0.03566232424600759843, 0.2298117426031570099 ) ) ;
#997 = LINE ( 'NONE', #725, #3439 ) ;
#998 = FACE_OUTER_BOUND ( 'NONE', #3559, .T. ) ;
#999 = DIRECTION ( 'NONE',  ( 0.000000000000000000, -1.000000000000000000, 0.000000000000000000 ) ) ;
#1000 = CARTESIAN_POINT ( 'NONE',  ( -0.01426613004699749977, -0.03316232424600759621, 0.2417637836320239986 ) ) ;
#1001 = FACE_OUTER_BOUND ( 'NONE', #830, .T. ) ;
#1002 = ORIENTED_EDGE ( 'NONE', *, *, #3730, .T. ) ;
#1003 = LINE ( 'NONE', #135, #2178 ) ;
#1004 = ORIENTED_EDGE ( 'NONE', *, *, #2205, .T. ) ;
#1005 = ORIENTED_EDGE ( 'NONE', *, *, #1428, .T. ) ;
#1006 = CARTESIAN_POINT ( 'NONE',  ( -0.01329721896024309985, -0.03066232424600760093, 0.2455137836320240019 ) ) ;
#1007 = EDGE_CURVE ( 'NONE', #2102, #2072, #728, .T. ) ;
#1008 = EDGE_CURVE ( 'NONE', #2306, #1358, #1074, .T. ) ;
#1009 = CARTESIAN_POINT ( 'NONE',  ( -0.03729721896024299627, -0.03566232424600759843, 0.2200137836320239793 ) ) ;
#1010 = DIRECTION ( 'NONE',  ( -1.000000000000000000, 0.000000000000000000, -1.073081856240829922E-16 ) ) ;
#1011 = LINE ( 'NONE', #1571, #1510 ) ;
#1012 = VECTOR ( 'NONE', #3374, 1.000000000000000000 ) ;
#1013 = DIRECTION ( 'NONE',  ( 0.000000000000000000, -1.000000000000000000, 0.000000000000000000 ) ) ;
#1014 = CARTESIAN_POINT ( 'NONE',  ( -0.01329721896024309985, -0.03066232424600760093, 0.2475137836320239759 ) ) ;
#1015 = VECTOR ( 'NONE', #865, 1.000000000000000000 ) ;
#1016 = CARTESIAN_POINT ( 'NONE',  ( -0.02279721896024300073, -0.03066232424600760093, 0.2160137836320239757 ) ) ;
#1017 = ORIENTED_EDGE ( 'NONE', *, *, #16, .F. ) ;
#1018 = CARTESIAN_POINT ( 'NONE',  ( -0.02032830787348859775, -0.03316232424600759621, 0.2382637836320239955 ) ) ;
#1019 = DIRECTION ( 'NONE',  ( -1.000000000000000000, 0.000000000000000000, 0.000000000000000000 ) ) ;
#1020 = AXIS2_PLACEMENT_3D ( 'NONE', #310, #3265, #372 ) ;
#1021 = ORIENTED_EDGE ( 'NONE', *, *, #3503, .T. ) ;
#1022 = VERTEX_POINT ( 'NONE', #425 ) ;
#1023 = FACE_OUTER_BOUND ( 'NONE', #3257, .T. ) ;
#1024 = ORIENTED_EDGE ( 'NONE', *, *, #1505, .F. ) ;
#1025 = CARTESIAN_POINT ( 'NONE',  ( -0.02626132057538079975, -0.03466232424600759754, 0.2180137836320239775 ) ) ;
#1026 = FACE_OUTER_BOUND ( 'NONE', #795, .T. ) ;
#1027 = VECTOR ( 'NONE', #2415, 1.000000000000000000 ) ;
#1028 = EDGE_LOOP ( 'NONE', ( #990, #715, #1657, #1250 ) ) ;
#1029 = AXIS2_PLACEMENT_3D ( 'NONE', #1550, #2433, #3262 ) ;
#1030 = CARTESIAN_POINT ( 'NONE',  ( -0.009495605416831840589, -0.03848393184769600961, 0.2134808866078895806 ) ) ;
#1031 = EDGE_CURVE ( 'NONE', #3647, #2399, #3466, .T. ) ;
#1032 = LINE ( 'NONE', #3372, #469 ) ;
#1033 = AXIS2_PLACEMENT_3D ( 'NONE', #2524, #1133, #3699 ) ;
#1034 = ORIENTED_EDGE ( 'NONE', *, *, #1935, .F. ) ;
#1035 = CARTESIAN_POINT ( 'NONE',  ( 0.005733869953002469419, -0.03316232424600759621, 0.2217637836320239808 ) ) ;
#1036 = CARTESIAN_POINT ( 'NONE',  ( -0.02329721896024300118, -0.03566232424600759843, 0.2022637836320239912 ) ) ;
#1037 = EDGE_CURVE ( 'NONE', #1754, #396, #2222, .T. ) ;
#1038 = CARTESIAN_POINT ( 'NONE',  ( -0.01090916127085571861, -0.03814225318517735358, 0.2280932554303829185 ) ) ;
#1039 = CARTESIAN_POINT ( 'NONE',  ( -0.02129721896024299940, -0.03566232424600759843, 0.1945137836320239844 ) ) ;
#1040 = CIRCLE ( 'NONE', #3179, 0.01000000000000000021 ) ;
#1041 = AXIS2_PLACEMENT_3D ( 'NONE', #805, #3141, #223 ) ;
#1042 = PRODUCT_DEFINITION_FORMATION_WITH_SPECIFIED_SOURCE ( 'ANY', '', #1525, .NOT_KNOWN. ) ;
#1043 = CARTESIAN_POINT ( 'NONE',  ( -0.02605555600774542985, -0.03739923618576282416, 0.2261427377171830455 ) ) ;
#1044 = ORIENTED_EDGE ( 'NONE', *, *, #2750, .F. ) ;
#1045 = ORIENTED_EDGE ( 'NONE', *, *, #1504, .F. ) ;
#1046 = EDGE_CURVE ( 'NONE', #482, #816, #1318, .T. ) ;
#1047 = CYLINDRICAL_SURFACE ( 'NONE', #2431, 0.002200000000000000566 ) ;
#1048 = VERTEX_POINT ( 'NONE', #2508 ) ;
#1049 = CARTESIAN_POINT ( 'NONE',  ( -0.01729721896024309993, -0.03966232424600769912, 0.2200137836320239793 ) ) ;
#1050 = DIRECTION ( 'NONE',  ( -1.000000000000000000, 0.000000000000000000, 0.000000000000000000 ) ) ;
#1051 = ORIENTED_EDGE ( 'NONE', *, *, #2772, .T. ) ;
#1052 = DIRECTION ( 'NONE',  ( 0.000000000000000000, -1.000000000000000000, 0.000000000000000000 ) ) ;
#1053 = ORIENTED_EDGE ( 'NONE', *, *, #613, .F. ) ;
#1054 = ORIENTED_EDGE ( 'NONE', *, *, #803, .T. ) ;
#1055 = LINE ( 'NONE', #3412, #1867 ) ;
#1056 = CARTESIAN_POINT ( 'NONE',  ( -0.007499259989110439693, -0.03654856314307609877, 0.2260137836320239846 ) ) ;
#1057 = CARTESIAN_POINT ( 'NONE',  ( -0.02032830787348859775, -0.03316232424600759621, 0.2017637836320239908 ) ) ;
#1058 = CARTESIAN_POINT ( 'NONE',  ( -0.01098053996499757934, -0.03795836567501760517, 0.2282518969680466248 ) ) ;
#1059 =( NAMED_UNIT ( * ) PLANE_ANGLE_UNIT ( ) SI_UNIT ( $, .RADIAN. ) );
#1060 = EDGE_CURVE ( 'NONE', #1155, #3419, #1359, .T. ) ;
#1061 = ADVANCED_FACE ( 'NONE', ( #1878 ), #1918, .F. ) ;
#1062 = ORIENTED_EDGE ( 'NONE', *, *, #2027, .T. ) ;
#1063 = ORIENTED_EDGE ( 'NONE', *, *, #1600, .F. ) ;
#1064 = ORIENTED_EDGE ( 'NONE', *, *, #571, .T. ) ;
#1065 = CARTESIAN_POINT ( 'NONE',  ( -0.01022486199203980102, -0.03954156905908690067, 0.2129414266638210151 ) ) ;
#1066 = CARTESIAN_POINT ( 'NONE',  ( -0.01426613004699749977, -0.03316232424600759621, 0.1982637836320239877 ) ) ;
#1067 = ORIENTED_EDGE ( 'NONE', *, *, #1437, .F. ) ;
#1068 = FACE_OUTER_BOUND ( 'NONE', #1028, .T. ) ;
#1069 = FACE_OUTER_BOUND ( 'NONE', #1913, .T. ) ;
#1070 = ORIENTED_EDGE ( 'NONE', *, *, #644, .T. ) ;
#1071 = CYLINDRICAL_SURFACE ( 'NONE', #3238, 0.005625329094090220083 ) ;
#1072 = ORIENTED_EDGE ( 'NONE', *, *, #1670, .F. ) ;
#1073 = ORIENTED_EDGE ( 'NONE', *, *, #2956, .F. ) ;
#1074 = LINE ( 'NONE', #2471, #1079 ) ;
#1075 = DIRECTION ( 'NONE',  ( 1.000000000000000000, 0.000000000000000000, 6.438491137444970658E-16 ) ) ;
#1076 = CARTESIAN_POINT ( 'NONE',  ( -0.01098318584541078946, -0.03795125886902978030, 0.2282581531258447149 ) ) ;
#1077 =( NAMED_UNIT ( * ) SI_UNIT ( $, .STERADIAN. ) SOLID_ANGLE_UNIT ( ) );
#1078 = VECTOR ( 'NONE', #766, 1.000000000000000000 ) ;
#1079 = VECTOR ( 'NONE', #1283, 1.000000000000000000 ) ;
#1080 = EDGE_LOOP ( 'NONE', ( #1827, #3212, #1942, #674 ) ) ;
#1081 = ORIENTED_EDGE ( 'NONE', *, *, #3349, .F. ) ;
#1082 = ORIENTED_EDGE ( 'NONE', *, *, #2119, .T. ) ;
#1083 = EDGE_CURVE ( 'NONE', #248, #924, #1686, .T. ) ;
#1084 = EDGE_CURVE ( 'NONE', #2513, #2271, #2366, .T. ) ;
#1085 = VECTOR ( 'NONE', #3085, 1.000000000000000000 ) ;
#1086 = FACE_OUTER_BOUND ( 'NONE', #2387, .T. ) ;
#1087 = CIRCLE ( 'NONE', #653, 0.002000000000000000042 ) ;
#1088 = ORIENTED_EDGE ( 'NONE', *, *, #777, .T. ) ;
#1089 = DIRECTION ( 'NONE',  ( 0.000000000000000000, 1.000000000000000000, 0.000000000000000000 ) ) ;
#1090 = EDGE_CURVE ( 'NONE', #86, #2213, #2489, .T. ) ;
#1091 = DIRECTION ( 'NONE',  ( -0.000000000000000000, 1.000000000000000000, 0.000000000000000000 ) ) ;
#1092 = ORIENTED_EDGE ( 'NONE', *, *, #387, .F. ) ;
#1093 = FACE_OUTER_BOUND ( 'NONE', #2721, .T. ) ;
#1094 = EDGE_LOOP ( 'NONE', ( #3211, #1649, #2478, #3744 ) ) ;
#1095 = EDGE_CURVE ( 'NONE', #2072, #2216, #1055, .T. ) ;
#1096 = VECTOR ( 'NONE', #39, 1.000000000000000000 ) ;
#1097 = DIRECTION ( 'NONE',  ( 0.000000000000000000, -1.000000000000000000, 0.000000000000000000 ) ) ;
#1098 = CARTESIAN_POINT ( 'NONE',  ( -0.02439276627602039726, -0.03958181532555000298, 0.2270612312189579929 ) ) ;
#1099 = CARTESIAN_POINT ( 'NONE',  ( -0.01081772093716570383, -0.03836206950162569795, 0.2279117910895279986 ) ) ;
#1100 = AXIS2_PLACEMENT_3D ( 'NONE', #2187, #1248, #3322 ) ;
#1101 = CARTESIAN_POINT ( 'NONE',  ( -0.02553533229627047083, -0.03795836567501244957, 0.2263304626272673037 ) ) ;
#1102 = ORIENTED_EDGE ( 'NONE', *, *, #529, .T. ) ;
#1103 = CIRCLE ( 'NONE', #2264, 0.01000000000000000021 ) ;
#1104 = ORIENTED_EDGE ( 'NONE', *, *, #2062, .F. ) ;
#1105 = ORIENTED_EDGE ( 'NONE', *, *, #1548, .T. ) ;
#1106 = VECTOR ( 'NONE', #282, 1.000000000000000000 ) ;
#1107 = DIRECTION ( 'NONE',  ( 0.000000000000000000, 0.000000000000000000, -1.000000000000000000 ) ) ;
#1108 = EDGE_LOOP ( 'NONE', ( #1002, #1667, #567, #3764 ) ) ;
#1109 = CARTESIAN_POINT ( 'NONE',  ( -0.01129721896024310154, -0.03066232424600760093, 0.2102158246608909764 ) ) ;
#1110 = LINE ( 'NONE', #530, #343 ) ;
#1111 = EDGE_CURVE ( 'NONE', #2928, #1365, #3390, .T. ) ;
#1112 = EDGE_CURVE ( 'NONE', #3419, #503, #706, .T. ) ;
#1113 = CARTESIAN_POINT ( 'NONE',  ( -0.009399211502943148264, -0.03836206950189133963, 0.2135342856088436603 ) ) ;
#1114 = ORIENTED_EDGE ( 'NONE', *, *, #2649, .T. ) ;
#1115 = CIRCLE ( 'NONE', #1176, 0.005625329094090220083 ) ;
#1116 = CYLINDRICAL_SURFACE ( 'NONE', #3035, 0.002000000000000001776 ) ;
#1117 = LINE ( 'NONE', #3436, #1650 ) ;
#1118 = DIRECTION ( 'NONE',  ( 0.4999999999999998890, 0.000000000000000000, 0.8660254037844387076 ) ) ;
#1119 = CARTESIAN_POINT ( 'NONE',  ( -0.02544115641280124060, -0.03806668585027730284, 0.2263719000897279621 ) ) ;
#1120 = ORIENTED_EDGE ( 'NONE', *, *, #876, .F. ) ;
#1121 = ORIENTED_EDGE ( 'NONE', *, *, #971, .T. ) ;
#1122 = ORIENTED_EDGE ( 'NONE', *, *, #163, .T. ) ;
#1123 = LINE ( 'NONE', #1200, #3100 ) ;
#1124 = ORIENTED_EDGE ( 'NONE', *, *, #2026, .T. ) ;
#1125 = FACE_OUTER_BOUND ( 'NONE', #213, .T. ) ;
#1126 = LINE ( 'NONE', #2853, #2921 ) ;
#1127 = ORIENTED_EDGE ( 'NONE', *, *, #3451, .T. ) ;
#1128 = FACE_OUTER_BOUND ( 'NONE', #1295, .T. ) ;
#1129 = ORIENTED_EDGE ( 'NONE', *, *, #1046, .T. ) ;
#1130 = EDGE_CURVE ( 'NONE', #2706, #2216, #2523, .T. ) ;
#1131 = ADVANCED_FACE ( 'NONE', ( #2858 ), #2917, .T. ) ;
#1132 = CARTESIAN_POINT ( 'NONE',  ( -0.01454721896024310096, -0.03066232424600760093, 0.2207769233528390218 ) ) ;
#1133 = DIRECTION ( 'NONE',  ( 0.000000000000000000, -1.000000000000000000, 0.000000000000000000 ) ) ;
#1134 = CARTESIAN_POINT ( 'NONE',  ( 0.002702781039756939948, 0.04228996209459180006, 0.2200137836320239793 ) ) ;
#1135 = ORIENTED_EDGE ( 'NONE', *, *, #3471, .T. ) ;
#1136 = ORIENTED_EDGE ( 'NONE', *, *, #2840, .T. ) ;
#1137 = ORIENTED_EDGE ( 'NONE', *, *, #1313, .F. ) ;
#1138 = CARTESIAN_POINT ( 'NONE',  ( 0.01020278103975690021, -0.03066232424600760093, 0.2200137836320239793 ) ) ;
#1139 = VECTOR ( 'NONE', #55, 1.000000000000000000 ) ;
#1140 = DIRECTION ( 'NONE',  ( 1.000000000000000000, 0.000000000000000000, 0.000000000000000000 ) ) ;
#1141 = AXIS2_PLACEMENT_3D ( 'NONE', #378, #3050, #428 ) ;
#1142 = DIRECTION ( 'NONE',  ( 0.000000000000000000, 1.000000000000000000, 0.000000000000000000 ) ) ;
#1143 = DIRECTION ( 'NONE',  ( 0.000000000000000000, -1.000000000000000000, 0.000000000000000000 ) ) ;
#1144 = CIRCLE ( 'NONE', #3409, 0.01000000000000000021 ) ;
#1145 = ORIENTED_EDGE ( 'NONE', *, *, #2687, .T. ) ;
#1146 = FACE_OUTER_BOUND ( 'NONE', #3696, .T. ) ;
#1147 = FACE_BOUND ( 'NONE', #2188, .T. ) ;
#1148 = DIRECTION ( 'NONE',  ( 0.000000000000000000, 1.000000000000000000, 0.000000000000000000 ) ) ;
#1149 = DIRECTION ( 'NONE',  ( -1.073081856240829922E-16, 0.000000000000000000, 1.000000000000000000 ) ) ;
#1150 = ADVANCED_FACE ( 'NONE', ( #227 ), #2265, .T. ) ;
#1151 = CARTESIAN_POINT ( 'NONE',  ( -0.01933311734510530233, -0.03466232424600759754, 0.2220137836320239810 ) ) ;
#1152 = PLANE ( 'NONE',  #1524 ) ;
#1153 = VECTOR ( 'NONE', #3315, 1.000000000000000000 ) ;
#1154 = DIRECTION ( 'NONE',  ( 1.000000000000000000, 0.000000000000000000, 0.000000000000000000 ) ) ;
#1155 = VERTEX_POINT ( 'NONE', #3435 ) ;
#1156 = LINE ( 'NONE', #850, #301 ) ;
#1157 = ADVANCED_FACE ( 'NONE', ( #3754 ), #2615, .T. ) ;
#1158 = FACE_OUTER_BOUND ( 'NONE', #1243, .T. ) ;
#1159 = ORIENTED_EDGE ( 'NONE', *, *, #3266, .F. ) ;
#1160 = DIRECTION ( 'NONE',  ( 0.000000000000000000, 0.000000000000000000, -1.000000000000000000 ) ) ;
#1161 = AXIS2_PLACEMENT_3D ( 'NONE', #2844, #461, #2805 ) ;
#1162 = CIRCLE ( 'NONE', #3306, 0.004000000000000000083 ) ;
#1163 = VERTEX_POINT ( 'NONE', #3719 ) ;
#1164 = DIRECTION ( 'NONE',  ( 0.000000000000000000, -1.000000000000000000, 0.000000000000000000 ) ) ;
#1165 = ADVANCED_FACE ( 'NONE', ( #3202, #206 ), #2540, .T. ) ;
#1166 = CIRCLE ( 'NONE', #2503, 0.002200000000000000133 ) ;
#1167 = CIRCLE ( 'NONE', #1714, 0.001999999999999998307 ) ;
#1168 = PLANE ( 'NONE',  #1591 ) ;
#1169 = EDGE_LOOP ( 'NONE', ( #1597, #642, #1513, #2426, #79 ) ) ;
#1170 = PLANE ( 'NONE',  #3726 ) ;
#1171 = VECTOR ( 'NONE', #509, 1.000000000000000000 ) ;
#1172 = DIRECTION ( 'NONE',  ( 0.000000000000000000, 1.000000000000000000, 0.000000000000000000 ) ) ;
#1173 = CARTESIAN_POINT ( 'NONE',  ( -0.01729721896024309993, -0.03966232424600769912, 0.2200137836320239793 ) ) ;
#1174 = CARTESIAN_POINT ( 'NONE',  ( -0.02436957592844640058, -0.03954156905908690067, 0.2129414266638210151 ) ) ;
#1175 = DIRECTION ( 'NONE',  ( 0.000000000000000000, -1.000000000000000000, 0.000000000000000000 ) ) ;
#1176 = AXIS2_PLACEMENT_3D ( 'NONE', #1765, #3530, #610 ) ;
#1177 = EDGE_LOOP ( 'NONE', ( #53, #2294, #2122, #2291, #2028, #2590 ) ) ;
#1178 = LINE ( 'NONE', #2097, #3714 ) ;
#1179 = DIRECTION ( 'NONE',  ( -0.4999999999999998890, 0.000000000000000000, 0.8660254037844387076 ) ) ;
#1180 = VERTEX_POINT ( 'NONE', #535 ) ;
#1181 = CARTESIAN_POINT ( 'NONE',  ( -0.007499259989110439693, -0.03066232424600760093, 0.2260137836320239846 ) ) ;
#1182 = EDGE_CURVE ( 'NONE', #2786, #1640, #3094, .T. ) ;
#1183 = EDGE_CURVE ( 'NONE', #309, #2672, #1934, .T. ) ;
#1184 = ORIENTED_EDGE ( 'NONE', *, *, #3195, .F. ) ;
#1185 = DIRECTION ( 'NONE',  ( -0.4999999999999998890, 0.000000000000000000, -0.8660254037844387076 ) ) ;
#1186 = LINE ( 'NONE', #3523, #1222 ) ;
#1187 = CARTESIAN_POINT ( 'NONE',  ( -0.009059105624229577339, -0.03795836567502759024, 0.2136971046367742988 ) ) ;
#1188 = FILL_AREA_STYLE ('',( #3774 ) ) ;
#1189 = ORIENTED_EDGE ( 'NONE', *, *, #3288, .T. ) ;
#1190 = DIRECTION ( 'NONE',  ( 0.000000000000000000, 1.000000000000000000, 0.000000000000000000 ) ) ;
#1191 = ORIENTED_EDGE ( 'NONE', *, *, #3147, .T. ) ;
#1192 = DIRECTION ( 'NONE',  ( -1.000000000000000000, 0.000000000000000000, 0.000000000000000000 ) ) ;
#1193 = VERTEX_POINT ( 'NONE', #2563 ) ;
#1194 = ADVANCED_FACE ( 'NONE', ( #3453 ), #1116, .T. ) ;
#1195 = VERTEX_POINT ( 'NONE', #824 ) ;
#1196 = EDGE_CURVE ( 'NONE', #505, #397, #3772, .T. ) ;
#1197 = CARTESIAN_POINT ( 'NONE',  ( -0.01729721896024299932, -0.03566232424600759843, 0.2200137836320239793 ) ) ;
#1198 = AXIS2_PLACEMENT_3D ( 'NONE', #2099, #3592, #2134 ) ;
#1199 = CARTESIAN_POINT ( 'NONE',  ( -0.02279721896024300073, -0.1117833592535820014, 0.2200137836320239793 ) ) ;
#1200 = CARTESIAN_POINT ( 'NONE',  ( -0.01108311734510530021, -0.03466232424600759754, 0.2172506439112099896 ) ) ;
#1201 = AXIS2_PLACEMENT_3D ( 'NONE', #2189, #2716, #678 ) ;
#1202 = EDGE_CURVE ( 'NONE', #2245, #482, #709, .T. ) ;
#1203 = CARTESIAN_POINT ( 'NONE',  ( -0.02332291055600611840, -0.03693111963435444234, 0.2292928062237964970 ) ) ;
#1204 = AXIS2_PLACEMENT_3D ( 'NONE', #2567, #212, #3758 ) ;
#1205 = DIRECTION ( 'NONE',  ( 1.000000000000000000, 0.000000000000000000, 0.000000000000000000 ) ) ;
#1206 = VERTEX_POINT ( 'NONE', #2300 ) ;
#1207 = ADVANCED_FACE ( 'NONE', ( #1741 ), #2581, .T. ) ;
#1208 = CARTESIAN_POINT ( 'NONE',  ( -0.01685662003700160241, -0.03466232424600759754, 0.2287769233528390012 ) ) ;
#1209 = DIRECTION ( 'NONE',  ( 1.000000000000000000, 0.000000000000000000, 5.633679745264349572E-16 ) ) ;
#1210 = CARTESIAN_POINT ( 'NONE',  ( -0.01729721896024309993, -0.03966232424600769912, 0.2200137836320239793 ) ) ;
#1211 = CARTESIAN_POINT ( 'NONE',  ( -0.03949721896024299683, -0.03066232424600760093, 0.2200137836320239793 ) ) ;
#1212 = DIRECTION ( 'NONE',  ( 0.000000000000000000, 0.000000000000000000, 1.000000000000000000 ) ) ;
#1213 = ORIENTED_EDGE ( 'NONE', *, *, #1789, .F. ) ;
#1214 = CARTESIAN_POINT ( 'NONE',  ( -0.03729721896024299627, -0.03316232424600759621, 0.2200137836320239793 ) ) ;
#1215 = VECTOR ( 'NONE', #2061, 1.000000000000000000 ) ;
#1216 = AXIS2_PLACEMENT_3D ( 'NONE', #2995, #3354, #442 ) ;
#1217 = ORIENTED_EDGE ( 'NONE', *, *, #2802, .F. ) ;
#1218 = ORIENTED_EDGE ( 'NONE', *, *, #971, .F. ) ;
#1219 = ORIENTED_EDGE ( 'NONE', *, *, #992, .F. ) ;
#1220 = DIRECTION ( 'NONE',  ( 0.000000000000000000, -1.000000000000000000, 0.000000000000000000 ) ) ;
#1221 = VECTOR ( 'NONE', #710, 1.000000000000000000 ) ;
#1222 = VECTOR ( 'NONE', #1154, 1.000000000000000000 ) ;
#1223 = CARTESIAN_POINT ( 'NONE',  ( -0.006626620660676478536, -0.03603998061771172129, 0.2140137836320240294 ) ) ;
#1224 = EDGE_CURVE ( 'NONE', #1326, #2893, #560, .T. ) ;
#1225 = ADVANCED_FACE ( 'NONE', ( #1449 ), #1432, .T. ) ;
#1226 = LINE ( 'NONE', #2400, #3052 ) ;
#1227 = SURFACE_SIDE_STYLE ('',( #1764 ) ) ;
#1228 = LINE ( 'NONE', #308, #3619 ) ;
#1229 = VERTEX_POINT ( 'NONE', #3246 ) ;
#1230 = CYLINDRICAL_SURFACE ( 'NONE', #3650, 0.002200000000000000133 ) ;
#1231 = AXIS2_PLACEMENT_3D ( 'NONE', #2835, #2593, #2815 ) ;
#1232 = CARTESIAN_POINT ( 'NONE',  ( -0.01527649301807929884, -0.03246232424600770106, 0.1965137836320239861 ) ) ;
#1233 = CARTESIAN_POINT ( 'NONE',  ( -0.02553548024515742837, -0.03795821052339794222, 0.2136971727844199642 ) ) ;
#1234 = ORIENTED_EDGE ( 'NONE', *, *, #335, .T. ) ;
#1235 = PLANE ( 'NONE',  #1938 ) ;
#1236 = VERTEX_POINT ( 'NONE', #3762 ) ;
#1237 = EDGE_LOOP ( 'NONE', ( #3567, #2963, #3113, #1739 ) ) ;
#1238 = CARTESIAN_POINT ( 'NONE',  ( -0.0003283078734885939683, -0.03246232424600770106, 0.2182637836320239777 ) ) ;
#1239 = CARTESIAN_POINT ( 'NONE',  ( -0.04032830787348859469, -0.03246232424600770106, 0.2182637836320239777 ) ) ;
#1240 = EDGE_LOOP ( 'NONE', ( #1120, #2179, #1747, #1848 ) ) ;
#1241 = DIRECTION ( 'NONE',  ( 1.000000000000000000, 0.000000000000000000, 0.000000000000000000 ) ) ;
#1242 = ADVANCED_FACE ( 'NONE', ( #585 ), #2647, .F. ) ;
#1243 = EDGE_LOOP ( 'NONE', ( #671, #3120, #1543, #2987 ) ) ;
#1244 = EDGE_CURVE ( 'NONE', #893, #1193, #3231, .T. ) ;
#1245 = DIRECTION ( 'NONE',  ( -0.000000000000000000, -1.000000000000000000, -0.000000000000000000 ) ) ;
#1246 = PLANE ( 'NONE',  #2817 ) ;
#1247 = CARTESIAN_POINT ( 'NONE',  ( -0.02329721896024300118, -0.03066232424600760093, 0.2102158246608909764 ) ) ;
#1248 = DIRECTION ( 'NONE',  ( 0.000000000000000000, 1.000000000000000000, 0.000000000000000000 ) ) ;
#1249 = CARTESIAN_POINT ( 'NONE',  ( -0.03504721896024300121, -0.03566232424600759843, 0.2140137836320240017 ) ) ;
#1250 = ORIENTED_EDGE ( 'NONE', *, *, #387, .T. ) ;
#1251 = ORIENTED_EDGE ( 'NONE', *, *, #1926, .F. ) ;
#1252 = CARTESIAN_POINT ( 'NONE',  ( -0.01329721896024309985, -0.03066232424600760093, 0.1945137836320239844 ) ) ;
#1253 = LINE ( 'NONE', #3007, #976 ) ;
#1254 = DIRECTION ( 'NONE',  ( 0.000000000000000000, -1.000000000000000000, 0.000000000000000000 ) ) ;
#1255 = VECTOR ( 'NONE', #1343, 1.000000000000000000 ) ;
#1256 = ORIENTED_EDGE ( 'NONE', *, *, #1553, .T. ) ;
#1257 = DIRECTION ( 'NONE',  ( 0.000000000000000000, 1.000000000000000000, 0.000000000000000000 ) ) ;
#1258 = AXIS2_PLACEMENT_3D ( 'NONE', #84, #73, #2408 ) ;
#1259 = CARTESIAN_POINT ( 'NONE',  ( -0.01729721896024299932, -0.03246232424600770106, 0.2000137836320239892 ) ) ;
#1260 = CARTESIAN_POINT ( 'NONE',  ( 0.002702781039756940382, -0.03316232424600759621, 0.2200137836320239793 ) ) ;
#1261 = EDGE_CURVE ( 'NONE', #1419, #2163, #2538, .T. ) ;
#1262 = CIRCLE ( 'NONE', #412, 0.002749999999999998973 ) ;
#1263 = CARTESIAN_POINT ( 'NONE',  ( 0.002702781039756941249, -0.03316232424600759621, 0.2256391127261141993 ) ) ;
#1264 = DIRECTION ( 'NONE',  ( -0.8660254037844387076, 0.000000000000000000, -0.4999999999999998890 ) ) ;
#1265 = EDGE_CURVE ( 'NONE', #1483, #3506, #3469, .T. ) ;
#1266 = EDGE_CURVE ( 'NONE', #3418, #2718, #2040, .T. ) ;
#1267 = DIRECTION ( 'NONE',  ( -1.779203565104419840E-16, 0.000000000000000000, 1.000000000000000000 ) ) ;
#1268 = ORIENTED_EDGE ( 'NONE', *, *, #3216, .F. ) ;
#1269 = ORIENTED_EDGE ( 'NONE', *, *, #2984, .T. ) ;
#1270 = AXIS2_PLACEMENT_3D ( 'NONE', #1586, #686, #88 ) ;
#1271 = LINE ( 'NONE', #1238, #289 ) ;
#1272 = EDGE_LOOP ( 'NONE', ( #1382, #2254 ) ) ;
#1273 = CARTESIAN_POINT ( 'NONE',  ( -0.01729721896024299932, -0.03246232424600770106, 0.2035137836320239924 ) ) ;
#1274 = DIRECTION ( 'NONE',  ( 0.000000000000000000, -1.000000000000000000, 0.000000000000000000 ) ) ;
#1275 = AXIS2_PLACEMENT_3D ( 'NONE', #1478, #2959, #1179 ) ;
#1276 = VECTOR ( 'NONE', #3603, 1.000000000000000000 ) ;
#1277 = DIRECTION ( 'NONE',  ( -1.000000000000000000, 0.000000000000000000, 0.000000000000000000 ) ) ;
#1278 = CARTESIAN_POINT ( 'NONE',  ( -0.02432006199954389949, -0.03962206974017509764, 0.2128947364280019960 ) ) ;
#1279 = CIRCLE ( 'NONE', #1528, 0.002749999999999998973 ) ;
#1280 = CARTESIAN_POINT ( 'NONE',  ( -0.02129721896024299940, -0.03066232424600760093, 0.1925137836320239826 ) ) ;
#1281 = VECTOR ( 'NONE', #2932, 1.000000000000000000 ) ;
#1282 = CARTESIAN_POINT ( 'NONE',  ( -0.01729721896024309993, -0.03066232424600760093, 0.2200137836320239793 ) ) ;
#1283 = DIRECTION ( 'NONE',  ( -0.4999999999999998890, 0.000000000000000000, -0.8660254037844387076 ) ) ;
#1284 = CARTESIAN_POINT ( 'NONE',  ( -0.01015436181738589919, -0.03966232424600769912, 0.2130152415097870122 ) ) ;
#1285 = ORIENTED_EDGE ( 'NONE', *, *, #2483, .F. ) ;
#1286 = FACE_BOUND ( 'NONE', #1272, .T. ) ;
#1287 = AXIS2_PLACEMENT_3D ( 'NONE', #2257, #1143, #1413 ) ;
#1288 = ORIENTED_EDGE ( 'NONE', *, *, #1527, .F. ) ;
#1289 = VERTEX_POINT ( 'NONE', #602 ) ;
#1290 = VECTOR ( 'NONE', #2920, 1.000000000000000000 ) ;
#1291 = EDGE_CURVE ( 'NONE', #2022, #2547, #2925, .T. ) ;
#1292 = ADVANCED_FACE ( 'NONE', ( #30, #3539 ), #317, .F. ) ;
#1293 = CARTESIAN_POINT ( 'NONE',  ( -0.02401416656103693217, -0.03888209068823374193, 0.2275158475131734692 ) ) ;
#1294 = CARTESIAN_POINT ( 'NONE',  ( -0.01729721896024299932, -0.03566232424600759843, 0.2056391127261142093 ) ) ;
#1295 = EDGE_LOOP ( 'NONE', ( #685, #3654, #1045, #659 ) ) ;
#1296 = ORIENTED_EDGE ( 'NONE', *, *, #3431, .F. ) ;
#1297 = LINE ( 'NONE', #437, #2143 ) ;
#1298 = DIRECTION ( 'NONE',  ( 0.000000000000000000, 1.000000000000000000, 0.000000000000000000 ) ) ;
#1299 = DIRECTION ( 'NONE',  ( 0.000000000000000000, 1.000000000000000000, 0.000000000000000000 ) ) ;
#1300 = CARTESIAN_POINT ( 'NONE',  ( -0.01017817175621980007, -0.03962206974017419558, 0.2129909405927239985 ) ) ;
#1301 = CARTESIAN_POINT ( 'NONE',  ( -0.01329721896024309985, -0.03566232424600759843, 0.2455137836320240019 ) ) ;
#1302 = EDGE_LOOP ( 'NONE', ( #2343, #3286, #3148, #1805 ) ) ;
#1303 = DIRECTION ( 'NONE',  ( 1.000000000000000000, 0.000000000000000000, 0.000000000000000000 ) ) ;
#1304 = CARTESIAN_POINT ( 'NONE',  ( -0.02129721896024299940, -0.03066232424600760093, 0.2455137836320240019 ) ) ;
#1305 = ORIENTED_EDGE ( 'NONE', *, *, #3520, .T. ) ;
#1306 = ORIENTED_EDGE ( 'NONE', *, *, #2141, .T. ) ;
#1307 = FACE_BOUND ( 'NONE', #2837, .T. ) ;
#1308 = EDGE_CURVE ( 'NONE', #1195, #3724, #3097, .T. ) ;
#1309 = EDGE_CURVE ( 'NONE', #504, #3506, #2388, .T. ) ;
#1310 = VERTEX_POINT ( 'NONE', #2311 ) ;
#1311 = CARTESIAN_POINT ( 'NONE',  ( -0.01129721896024310154, -0.03066232424600760093, 0.2022637836320239912 ) ) ;
#1312 = FACE_OUTER_BOUND ( 'NONE', #2850, .T. ) ;
#1313 = EDGE_CURVE ( 'NONE', #3054, #1155, #2369, .T. ) ;
#1314 = CARTESIAN_POINT ( 'NONE',  ( -0.01454721896024310096, -0.1117833592535820014, 0.2247769233528379984 ) ) ;
#1315 = CARTESIAN_POINT ( 'NONE',  ( 0.005733869953002479827, -0.03316232424600759621, 0.2182637836320239777 ) ) ;
#1316 = AXIS2_PLACEMENT_3D ( 'NONE', #2101, #2346, #3269 ) ;
#1317 = ORIENTED_EDGE ( 'NONE', *, *, #1526, .T. ) ;
#1318 = LINE ( 'NONE', #441, #1998 ) ;
#1319 = CARTESIAN_POINT ( 'NONE',  ( -0.02032830787348859775, -0.03316232424600759621, 0.1982637836320239877 ) ) ;
#1320 = ADVANCED_FACE ( 'NONE', ( #2667 ), #909, .T. ) ;
#1321 = ORIENTED_EDGE ( 'NONE', *, *, #3548, .T. ) ;
#1322 = CARTESIAN_POINT ( 'NONE',  ( -0.01108311734510530021, -0.03466232424600759754, 0.2267769233528380002 ) ) ;
#1323 = CARTESIAN_POINT ( 'NONE',  ( -0.02359831758677169780, -0.03791617252724605036, 0.2117384095307006664 ) ) ;
#1324 = AXIS2_PLACEMENT_3D ( 'NONE', #3482, #2870, #1988 ) ;
#1325 = CARTESIAN_POINT ( 'NONE',  ( -0.02553908788626699233, -0.03795409864640046649, 0.2263288732920519242 ) ) ;
#1326 = VERTEX_POINT ( 'NONE', #1422 ) ;
#1327 = ORIENTED_EDGE ( 'NONE', *, *, #386, .F. ) ;
#1328 = CARTESIAN_POINT ( 'NONE',  ( 0.008202781039756950471, -0.03566232424600759843, 0.2160137836320239757 ) ) ;
#1329 = ORIENTED_EDGE ( 'NONE', *, *, #267, .F. ) ;
#1330 = CARTESIAN_POINT ( 'NONE',  ( -0.02709517793137580094, -0.03066232424600760093, 0.2300137836320239881 ) ) ;
#1331 = CARTESIAN_POINT ( 'NONE',  ( -0.007297218960243059827, -0.03066232424600760093, 0.2298117426031570099 ) ) ;
#1332 = AXIS2_PLACEMENT_3D ( 'NONE', #2791, #3077, #1370 ) ;
#1333 = VERTEX_POINT ( 'NONE', #3560 ) ;
#1334 = DIRECTION ( 'NONE',  ( 1.000000000000000000, 0.000000000000000000, 0.000000000000000000 ) ) ;
#1336 = ORIENTED_EDGE ( 'NONE', *, *, #2115, .F. ) ;
#1335 = VECTOR ( 'NONE', #2936, 1.000000000000000000 ) ;
#1337 = DIRECTION ( 'NONE',  ( 1.000000000000000000, 0.000000000000000000, 0.000000000000000000 ) ) ;
#1338 = EDGE_CURVE ( 'NONE', #1964, #2024, #3189, .T. ) ;
#1339 = EDGE_CURVE ( 'NONE', #434, #1455, #3271, .T. ) ;
#1340 = CARTESIAN_POINT ( 'NONE',  ( -0.01098755701611430456, -0.03793946763408770351, 0.2117590143553307047 ) ) ;
#1341 = VECTOR ( 'NONE', #1241, 1.000000000000000000 ) ;
#1342 = CARTESIAN_POINT ( 'NONE',  ( -0.03931794490240669848, -0.03246232424600770106, 0.2165137836320239761 ) ) ;
#1343 = DIRECTION ( 'NONE',  ( 0.000000000000000000, 1.000000000000000000, 0.000000000000000000 ) ) ;
#1344 = LINE ( 'NONE', #2583, #3429 ) ;
#1345 = DIRECTION ( 'NONE',  ( 0.000000000000000000, -1.000000000000000000, 0.000000000000000000 ) ) ;
#1346 = DIRECTION ( 'NONE',  ( 1.000000000000000000, 0.000000000000000000, 0.000000000000000000 ) ) ;
#1347 = VECTOR ( 'NONE', #1164, 1.000000000000000000 ) ;
#1348 = CIRCLE ( 'NONE', #3311, 0.002000000000000001776 ) ;
#1349 = CARTESIAN_POINT ( 'NONE',  ( -0.003297218960243099642, -0.03966232424600769912, 0.2200137836320239793 ) ) ;
#1350 = ORIENTED_EDGE ( 'NONE', *, *, #2687, .F. ) ;
#1351 = VERTEX_POINT ( 'NONE', #853 ) ;
#1352 = CARTESIAN_POINT ( 'NONE',  ( -0.01931794490240680215, -0.03246232424600770106, 0.1965137836320239861 ) ) ;
#1353 = EDGE_LOOP ( 'NONE', ( #1305, #2292, #3034, #2003 ) ) ;
#1354 = CARTESIAN_POINT ( 'NONE',  ( -0.03527649301807930099, -0.03246232424600770106, 0.2165137836320239761 ) ) ;
#1355 = CARTESIAN_POINT ( 'NONE',  ( -0.02436957592844640058, -0.03954156905908690067, 0.2129414266638210151 ) ) ;
#1356 = DIRECTION ( 'NONE',  ( 1.000000000000000000, 0.000000000000000000, 0.000000000000000000 ) ) ;
#1357 = ORIENTED_EDGE ( 'NONE', *, *, #2626, .T. ) ;
#1358 = VERTEX_POINT ( 'NONE', #3502 ) ;
#1359 = LINE ( 'NONE', #1014, #2053 ) ;
#1360 = ADVANCED_FACE ( 'NONE', ( #279 ), #14, .F. ) ;
#1361 = EDGE_CURVE ( 'NONE', #2895, #2332, #875, .T. ) ;
#1362 = CYLINDRICAL_SURFACE ( 'NONE', #1033, 0.004000000000000000083 ) ;
#1363 = CARTESIAN_POINT ( 'NONE',  ( -0.01088758646385627402, -0.03819521913914826483, 0.2280488329062473063 ) ) ;
#1364 = VERTEX_POINT ( 'NONE', #1181 ) ;
#1365 = VERTEX_POINT ( 'NONE', #2348 ) ;
#1366 = ORIENTED_EDGE ( 'NONE', *, *, #3615, .F. ) ;
#1367 = CARTESIAN_POINT ( 'NONE',  ( -0.03729721896024299627, 0.04228996209459180006, 0.2200137836320239793 ) ) ;
#1368 = CARTESIAN_POINT ( 'NONE',  ( -0.007499259989110519491, -0.03066232424600760093, 0.2100137836320239981 ) ) ;
#1369 = EDGE_LOOP ( 'NONE', ( #832, #3106, #3009, #3538 ) ) ;
#1370 = DIRECTION ( 'NONE',  ( 1.000000000000000000, 0.000000000000000000, 0.000000000000000000 ) ) ;
#1371 = EDGE_CURVE ( 'NONE', #3668, #2981, #3517, .T. ) ;
#1372 = DIRECTION ( 'NONE',  ( 1.000000000000000000, 0.000000000000000000, 0.000000000000000000 ) ) ;
#1373 = CARTESIAN_POINT ( 'NONE',  ( -0.02032830787348859775, -0.03246232424600770106, 0.2017637836320239908 ) ) ;
#1374 = ORIENTED_EDGE ( 'NONE', *, *, #849, .T. ) ;
#1375 = DIRECTION ( 'NONE',  ( 0.000000000000000000, -1.000000000000000000, 0.000000000000000000 ) ) ;
#1376 = DIRECTION ( 'NONE',  ( 0.4999999999999998890, 0.000000000000000000, -0.8660254037844387076 ) ) ;
#1377 = CARTESIAN_POINT ( 'NONE',  ( -0.02032830787348859775, -0.03246232424600770106, 0.1982637836320239877 ) ) ;
#1378 = VECTOR ( 'NONE', #2248, 1.000000000000000000 ) ;
#1379 = EDGE_CURVE ( 'NONE', #451, #2276, #2001, .T. ) ;
#1380 = DIRECTION ( 'NONE',  ( 1.000000000000000000, 0.000000000000000000, 0.000000000000000000 ) ) ;
#1381 = VECTOR ( 'NONE', #1192, 1.000000000000000000 ) ;
#1382 = ORIENTED_EDGE ( 'NONE', *, *, #2734, .T. ) ;
#1383 = EDGE_LOOP ( 'NONE', ( #1710, #176, #1420, #355 ) ) ;
#1384 = ORIENTED_EDGE ( 'NONE', *, *, #3573, .T. ) ;
#1385 = CIRCLE ( 'NONE', #2982, 0.004000000000000000083 ) ;
#1386 = EDGE_CURVE ( 'NONE', #379, #2715, #219, .T. ) ;
#1387 = ADVANCED_FACE ( 'NONE', ( #3016 ), #987, .T. ) ;
#1388 = CARTESIAN_POINT ( 'NONE',  ( -0.001338670844570439980, -0.03246232424600770106, 0.2200137836320239793 ) ) ;
#1389 = AXIS2_PLACEMENT_3D ( 'NONE', #1674, #275, #2545 ) ;
#1390 = EDGE_LOOP ( 'NONE', ( #3064, #622, #771, #1659 ) ) ;
#1391 = DIRECTION ( 'NONE',  ( 0.000000000000000000, 0.000000000000000000, -1.000000000000000000 ) ) ;
#1392 = DIRECTION ( 'NONE',  ( 0.000000000000000000, -1.000000000000000000, 0.000000000000000000 ) ) ;
#1393 = CARTESIAN_POINT ( 'NONE',  ( -0.01000852498802540236, -0.03919203180584142354, 0.2131428339272900263 ) ) ;
#1394 = VERTEX_POINT ( 'NONE', #1598 ) ;
#1395 = CIRCLE ( 'NONE', #168, 0.005625329094090220083 ) ;
#1396 = DIRECTION ( 'NONE',  ( 0.000000000000000000, -1.000000000000000000, 0.000000000000000000 ) ) ;
#1397 = DIRECTION ( 'NONE',  ( -0.8660254037844387076, 0.000000000000000000, -0.4999999999999998890 ) ) ;
#1398 = CARTESIAN_POINT ( 'NONE',  ( -0.01127152653868987962, -0.03693116855802432846, 0.2292927514483558415 ) ) ;
#1399 = ORIENTED_EDGE ( 'NONE', *, *, #3631, .F. ) ;
#1400 = AXIS2_PLACEMENT_3D ( 'NONE', #1151, #2360, #866 ) ;
#1401 = CARTESIAN_POINT ( 'NONE',  ( -0.02436957592844640058, -0.03954156905908699782, 0.2270861406002269989 ) ) ;
#1402 = LINE ( 'NONE', #813, #3540 ) ;
#1403 = VECTOR ( 'NONE', #2185, 1.000000000000000000 ) ;
#1404 = ORIENTED_EDGE ( 'NONE', *, *, #2009, .T. ) ;
#1405 = VECTOR ( 'NONE', #1010, 1.000000000000000000 ) ;
#1406 = EDGE_LOOP ( 'NONE', ( #3276, #778, #3680, #1070 ) ) ;
#1407 = ORIENTED_EDGE ( 'NONE', *, *, #1737, .F. ) ;
#1408 = VECTOR ( 'NONE', #1209, 1.000000000000000000 ) ;
#1409 = DIRECTION ( 'NONE',  ( -1.000000000000000000, 0.000000000000000000, 0.000000000000000000 ) ) ;
#1410 = EDGE_CURVE ( 'NONE', #1601, #3362, #952, .T. ) ;
#1411 = ADVANCED_FACE ( 'NONE', ( #695, #3287 ), #3626, .F. ) ;
#1412 = LINE ( 'NONE', #3194, #1215 ) ;
#1413 = DIRECTION ( 'NONE',  ( -1.000000000000000000, 0.000000000000000000, 0.000000000000000000 ) ) ;
#1414 = DIRECTION ( 'NONE',  ( 6.438491137444970658E-16, 0.000000000000000000, -1.000000000000000000 ) ) ;
#1415 = VERTEX_POINT ( 'NONE', #3324 ) ;
#1416 = AXIS2_PLACEMENT_3D ( 'NONE', #3078, #700, #453 ) ;
#1417 = DIRECTION ( 'NONE',  ( -1.000000000000000000, 0.000000000000000000, 0.000000000000000000 ) ) ;
#1418 = CARTESIAN_POINT ( 'NONE',  ( -0.02741602111376000017, -0.03466232424600759754, 0.2200137836320239793 ) ) ;
#1419 = VERTEX_POINT ( 'NONE', #2978 ) ;
#1420 = ORIENTED_EDGE ( 'NONE', *, *, #59, .F. ) ;
#1421 = ORIENTED_EDGE ( 'NONE', *, *, #2422, .F. ) ;
#1422 = CARTESIAN_POINT ( 'NONE',  ( -0.03931794490240669848, -0.03246232424600770106, 0.2235137836320239824 ) ) ;
#1423 = CARTESIAN_POINT ( 'NONE',  ( -0.004648108319569680368, -0.03566232424600759843, 0.2140137836320240017 ) ) ;
#1424 = EDGE_LOOP ( 'NONE', ( #3125, #1500, #951, #2347 ) ) ;
#1425 = ORIENTED_EDGE ( 'NONE', *, *, #2142, .T. ) ;
#1426 = DIRECTION ( 'NONE',  ( 1.000000000000000000, 0.000000000000000000, 0.000000000000000000 ) ) ;
#1427 = FACE_OUTER_BOUND ( 'NONE', #1237, .T. ) ;
#1428 = EDGE_CURVE ( 'NONE', #2631, #623, #1567, .T. ) ;
#1429 = DIRECTION ( 'NONE',  ( 0.000000000000000000, -1.000000000000000000, 0.000000000000000000 ) ) ;
#1430 = ORIENTED_EDGE ( 'NONE', *, *, #2734, .F. ) ;
#1431 = EDGE_CURVE ( 'NONE', #1640, #1419, #1561, .T. ) ;
#1432 = CYLINDRICAL_SURFACE ( 'NONE', #1690, 0.002000000000000000042 ) ;
#1433 = CARTESIAN_POINT ( 'NONE',  ( -0.04032830787348859469, -0.03316232424600759621, 0.2182637836320239777 ) ) ;
#1434 = DIRECTION ( 'NONE',  ( 1.000000000000000000, 0.000000000000000000, 0.000000000000000000 ) ) ;
#1435 = DIRECTION ( 'NONE',  ( 0.8660254037844387076, 0.000000000000000000, -0.4999999999999998890 ) ) ;
#1436 = VERTEX_POINT ( 'NONE', #2997 ) ;
#1437 = EDGE_CURVE ( 'NONE', #935, #3668, #1003, .T. ) ;
#1438 = VERTEX_POINT ( 'NONE', #3338 ) ;
#1439 = CARTESIAN_POINT ( 'NONE',  ( -0.01179721896024310199, -0.1117833592535820014, 0.2247769233528379984 ) ) ;
#1440 = ORIENTED_EDGE ( 'NONE', *, *, #1738, .F. ) ;
#1441 = CARTESIAN_POINT ( 'NONE',  ( -0.02329721896024300118, -0.03066232424600760093, 0.2377637836320239950 ) ) ;
#1442 = AXIS2_PLACEMENT_3D ( 'NONE', #576, #1097, #2900 ) ;
#1443 = VECTOR ( 'NONE', #3105, 1.000000000000000000 ) ;
#1444 = CARTESIAN_POINT ( 'NONE',  ( -0.007499259989110519491, -0.03654856314307609877, 0.2140137836320240017 ) ) ;
#1445 = AXIS2_PLACEMENT_3D ( 'NONE', #2531, #3400, #2499 ) ;
#1446 = ORIENTED_EDGE ( 'NONE', *, *, #2051, .F. ) ;
#1447 = CARTESIAN_POINT ( 'NONE',  ( -0.02796781725980861458, -0.03603998061771255396, 0.2260137836320239568 ) ) ;
#1448 = FACE_OUTER_BOUND ( 'NONE', #1712, .T. ) ;
#1449 = FACE_OUTER_BOUND ( 'NONE', #2965, .T. ) ;
#1450 = CARTESIAN_POINT ( 'NONE',  ( -0.02943702355608587493, -0.03566232424600759843, 0.2140137836320240017 ) ) ;
#1451 = CARTESIAN_POINT ( 'NONE',  ( -0.02709517793137580094, -0.03654856314307609877, 0.2260137836320239846 ) ) ;
#1452 = CARTESIAN_POINT ( 'NONE',  ( -0.03325576707591575143, -0.03316232424600759621, 0.2200137836320239793 ) ) ;
#1453 = ADVANCED_FACE ( 'NONE', ( #3357, #114, #1286, #2172, #2459, #354, #1847, #395 ), #1882, .T. ) ;
#1454 = ADVANCED_FACE ( 'NONE', ( #1517, #3643 ), #1541, .F. ) ;
#1455 = VERTEX_POINT ( 'NONE', #2767 ) ;
#1456 = FACE_OUTER_BOUND ( 'NONE', #101, .T. ) ;
#1457 = VECTOR ( 'NONE', #1929, 1.000000000000000000 ) ;
#1458 = LINE ( 'NONE', #3249, #1408 ) ;
#1459 = ORIENTED_EDGE ( 'NONE', *, *, #514, .F. ) ;
#1460 = DIRECTION ( 'NONE',  ( 0.000000000000000000, 1.000000000000000000, 0.000000000000000000 ) ) ;
#1461 = EDGE_LOOP ( 'NONE', ( #2403, #1605, #276, #1366 ) ) ;
#1462 = CARTESIAN_POINT ( 'NONE',  ( -0.01729721896024299932, -0.03566232424600759843, 0.2475137836320239759 ) ) ;
#1463 = CIRCLE ( 'NONE', #2558, 0.002000000000000000042 ) ;
#1464 = AXIS2_PLACEMENT_3D ( 'NONE', #3183, #25, #3203 ) ;
#1465 = EDGE_LOOP ( 'NONE', ( #1771, #1062, #3396, #1336 ) ) ;
#1466 = CARTESIAN_POINT ( 'NONE',  ( -0.04479721896024299599, -0.03066232424600760093, 0.2240137836320239828 ) ) ;
#1467 = VECTOR ( 'NONE', #2966, 1.000000000000000000 ) ;
#1468 = CARTESIAN_POINT ( 'NONE',  ( -0.01108311734510530021, -0.03066232424600760093, 0.2227769233528379966 ) ) ;
#1469 = CARTESIAN_POINT ( 'NONE',  ( -0.02004721896024300176, -0.03466232424600759754, 0.2200137836320239793 ) ) ;
#1470 =( LENGTH_UNIT ( ) NAMED_UNIT ( * ) SI_UNIT ( $, .METRE. ) );
#1471 = VECTOR ( 'NONE', #2481, 1.000000000000000000 ) ;
#1472 = ORIENTED_EDGE ( 'NONE', *, *, #2891, .T. ) ;
#1473 = CARTESIAN_POINT ( 'NONE',  ( -0.03729721896024299627, -0.03316232424600759621, 0.2143884545379337592 ) ) ;
#1474 = CARTESIAN_POINT ( 'NONE',  ( -0.009042449683549823661, -0.03793946763408782147, 0.2263234455761528041 ) ) ;
#1475 = ADVANCED_FACE ( 'NONE', ( #2693 ), #1235, .T. ) ;
#1476 = ADVANCED_FACE ( 'NONE', ( #3595 ), #3609, .F. ) ;
#1477 = LINE ( 'NONE', #1066, #2854 ) ;
#1478 = CARTESIAN_POINT ( 'NONE',  ( -0.01801132057538079936, -0.03466232424600759754, 0.2227769233528379966 ) ) ;
#1479 = ORIENTED_EDGE ( 'NONE', *, *, #848, .F. ) ;
#1480 = DIRECTION ( 'NONE',  ( 0.000000000000000000, 0.000000000000000000, 1.000000000000000000 ) ) ;
#1481 = EDGE_CURVE ( 'NONE', #1358, #3516, #2783, .T. ) ;
#1482 = ORIENTED_EDGE ( 'NONE', *, *, #80, .T. ) ;
#1483 = VERTEX_POINT ( 'NONE', #789 ) ;
#1484 = FACE_OUTER_BOUND ( 'NONE', #2769, .T. ) ;
#1485 = B_SPLINE_CURVE_WITH_KNOTS ( 'NONE', 3,
 ( #2376, #1760, #2158, #3004 ),
 .UNSPECIFIED., .F., .F.,
 ( 4, 4 ),
 ( 2.409954872719149593E-17, 0.0001581165586652299917 ),
 .UNSPECIFIED. ) ;
#1486 = DIRECTION ( 'NONE',  ( 0.000000000000000000, -1.000000000000000000, 0.000000000000000000 ) ) ;
#1487 = EDGE_CURVE ( 'NONE', #2867, #3598, #2543, .T. ) ;
#1488 = ORIENTED_EDGE ( 'NONE', *, *, #1672, .T. ) ;
#1489 = CARTESIAN_POINT ( 'NONE',  ( -0.009052849466425230002, -0.03795125886903257667, 0.2136997505171901457 ) ) ;
#1490 = CARTESIAN_POINT ( 'NONE',  ( -0.007297218960243059827, -0.03066232424600760093, 0.2102158246608909764 ) ) ;
#1491 = DIRECTION ( 'NONE',  ( 0.000000000000000000, 0.000000000000000000, -1.000000000000000000 ) ) ;
#1492 = CARTESIAN_POINT ( 'NONE',  ( -0.01729721896024309993, -0.03466232424600759754, 0.2247769233528379984 ) ) ;
#1493 = ORIENTED_EDGE ( 'NONE', *, *, #448, .F. ) ;
#1494 = DIRECTION ( 'NONE',  ( 0.4999999999999998890, 0.000000000000000000, -0.8660254037844387076 ) ) ;
#1495 = DIRECTION ( 'NONE',  ( 1.000000000000000000, 0.000000000000000000, 0.000000000000000000 ) ) ;
#1496 = PLANE ( 'NONE',  #2664 ) ;
#1497 = CARTESIAN_POINT ( 'NONE',  ( -0.01685662003700160241, -0.03466232424600759754, 0.2192506439112099914 ) ) ;
#1498 = ORIENTED_EDGE ( 'NONE', *, *, #3573, .F. ) ;
#1499 = DIRECTION ( 'NONE',  ( 1.000000000000000000, 0.000000000000000000, 0.000000000000000000 ) ) ;
#1500 = ORIENTED_EDGE ( 'NONE', *, *, #1291, .F. ) ;
#1501 = ORIENTED_EDGE ( 'NONE', *, *, #431, .T. ) ;
#1502 = ORIENTED_EDGE ( 'NONE', *, *, #1083, .F. ) ;
#1503 = CARTESIAN_POINT ( 'NONE',  ( -0.02436957592844640058, -0.03954156905908690067, 0.2129414266638210151 ) ) ;
#1504 = EDGE_CURVE ( 'NONE', #29, #2981, #2803, .T. ) ;
#1505 = EDGE_CURVE ( 'NONE', #370, #1692, #2244, .T. ) ;
#1506 = VECTOR ( 'NONE', #478, 1.000000000000000000 ) ;
#1507 = DIRECTION ( 'NONE',  ( 0.4999999999999998890, 0.000000000000000000, -0.8660254037844387076 ) ) ;
#1508 = AXIS2_PLACEMENT_3D ( 'NONE', #1617, #3728, #1622 ) ;
#1509 = CARTESIAN_POINT ( 'NONE',  ( -0.03729721896024299627, -0.03316232424600759621, 0.2256391127261141993 ) ) ;
#1510 = VECTOR ( 'NONE', #964, 1.000000000000000000 ) ;
#1511 = DIRECTION ( 'NONE',  ( 1.000000000000000000, 0.000000000000000000, 0.000000000000000000 ) ) ;
#1512 = DIRECTION ( 'NONE',  ( 0.000000000000000000, 1.000000000000000000, 0.000000000000000000 ) ) ;
#1513 = ORIENTED_EDGE ( 'NONE', *, *, #992, .T. ) ;
#1514 = DIRECTION ( 'NONE',  ( 0.000000000000000000, 1.000000000000000000, 0.000000000000000000 ) ) ;
#1515 = DIRECTION ( 'NONE',  ( 1.000000000000000000, 0.000000000000000000, 0.000000000000000000 ) ) ;
#1516 = DIRECTION ( 'NONE',  ( 1.000000000000000000, 0.000000000000000000, 0.000000000000000000 ) ) ;
#1517 = FACE_OUTER_BOUND ( 'NONE', #1177, .T. ) ;
#1518 = AXIS2_PLACEMENT_3D ( 'NONE', #2045, #1414, #1761 ) ;
#1519 = VECTOR ( 'NONE', #2886, 1.000000000000000000 ) ;
#1520 = VERTEX_POINT ( 'NONE', #192 ) ;
#1521 = CARTESIAN_POINT ( 'NONE',  ( -0.01223781788348459951, -0.03066232424600760093, 0.2207769233528390218 ) ) ;
#1522 = ORIENTED_EDGE ( 'NONE', *, *, #1665, .F. ) ;
#1523 = CARTESIAN_POINT ( 'NONE',  ( -0.02367619772730920544, -0.03812658068270502465, 0.2119237977529021544 ) ) ;
#1524 = AXIS2_PLACEMENT_3D ( 'NONE', #2971, #2361, #2034 ) ;
#1525 = PRODUCT ( 'tilt-pulley-mount2', 'tilt-pulley-mount2', '', ( #1962 ) ) ;
#1526 = EDGE_CURVE ( 'NONE', #1549, #1731, #3290, .T. ) ;
#1527 = EDGE_CURVE ( 'NONE', #1351, #1365, #1654, .T. ) ;
#1528 = AXIS2_PLACEMENT_3D ( 'NONE', #3236, #2950, #897 ) ;
#1529 = AXIS2_PLACEMENT_3D ( 'NONE', #2282, #1681, #2795 ) ;
#1530 = LINE ( 'NONE', #1239, #1027 ) ;
#1531 = AXIS2_PLACEMENT_3D ( 'NONE', #2335, #1142, #2315 ) ;
#1532 = CARTESIAN_POINT ( 'NONE',  ( 0.004723506981920630454, -0.03246232424600770106, 0.2235137836320239824 ) ) ;
#1533 = DIRECTION ( 'NONE',  ( 0.000000000000000000, -1.000000000000000000, 0.000000000000000000 ) ) ;
#1534 = DIRECTION ( 'NONE',  ( 0.000000000000000000, -1.000000000000000000, 0.000000000000000000 ) ) ;
#1535 = ORIENTED_EDGE ( 'NONE', *, *, #1527, .T. ) ;
#1536 = CARTESIAN_POINT ( 'NONE',  ( -0.01527649301807939945, -0.03246232424600770106, 0.2435137836320240001 ) ) ;
#1537 = CARTESIAN_POINT ( 'NONE',  ( -0.01729721896024299932, -0.05366232424600769768, 0.2200137836320239793 ) ) ;
#1538 = LINE ( 'NONE', #3014, #2447 ) ;
#1539 = EDGE_LOOP ( 'NONE', ( #1976, #3272, #1129, #484 ) ) ;
#1540 = ADVANCED_FACE ( 'NONE', ( #2224 ), #3392, .F. ) ;
#1541 = PLANE ( 'NONE',  #2735 ) ;
#1542 = ORIENTED_EDGE ( 'NONE', *, *, #1788, .F. ) ;
#1543 = ORIENTED_EDGE ( 'NONE', *, *, #634, .T. ) ;
#1544 = FACE_OUTER_BOUND ( 'NONE', #3192, .T. ) ;
#1545 = DIRECTION ( 'NONE',  ( 1.000000000000000000, 0.000000000000000000, 0.000000000000000000 ) ) ;
#1546 = CARTESIAN_POINT ( 'NONE',  ( -0.004648108319569680368, -0.03566232424600759843, 0.2140137836320240017 ) ) ;
#1547 = FACE_OUTER_BOUND ( 'NONE', #843, .T. ) ;
#1548 = EDGE_CURVE ( 'NONE', #2569, #3462, #2643, .T. ) ;
#1549 = VERTEX_POINT ( 'NONE', #1671 ) ;
#1550 = CARTESIAN_POINT ( 'NONE',  ( -0.01729721896024299932, -0.05366232424600769768, 0.2200137836320239793 ) ) ;
#1551 = CARTESIAN_POINT ( 'NONE',  ( -0.01129721896024310154, -0.03566232424600759843, 0.2455137836320240019 ) ) ;
#1552 = ORIENTED_EDGE ( 'NONE', *, *, #3596, .F. ) ;
#1553 = EDGE_CURVE ( 'NONE', #3370, #794, #528, .T. ) ;
#1554 = ADVANCED_FACE ( 'NONE', ( #1685 ), #208, .T. ) ;
#1555 = DIRECTION ( 'NONE',  ( -0.000000000000000000, -1.000000000000000000, -0.000000000000000000 ) ) ;
#1556 = PLANE ( 'NONE',  #3432 ) ;
#1557 = DIRECTION ( 'NONE',  ( 0.000000000000000000, -1.000000000000000000, 0.000000000000000000 ) ) ;
#1558 = CARTESIAN_POINT ( 'NONE',  ( -0.01129721896024310154, -0.03566232424600759843, 0.2073646729913510012 ) ) ;
#1559 = CARTESIAN_POINT ( 'NONE',  ( -0.01685662003700160241, -0.03066232424600760093, 0.2287769233528390012 ) ) ;
#1560 = CARTESIAN_POINT ( 'NONE',  ( -0.02554721896024299971, -0.03466232424600759754, 0.2200137836320239793 ) ) ;
#1561 = LINE ( 'NONE', #712, #592 ) ;
#1562 = EDGE_LOOP ( 'NONE', ( #2532, #2191, #1017, #1933 ) ) ;
#1563 = ORIENTED_EDGE ( 'NONE', *, *, #2724, .F. ) ;
#1564 = VECTOR ( 'NONE', #761, 1.000000000000000000 ) ;
#1565 = CARTESIAN_POINT ( 'NONE',  ( -0.0003283078734885939683, -0.03316232424600759621, 0.2182637836320239777 ) ) ;
#1566 = CARTESIAN_POINT ( 'NONE',  ( -0.02729721896024300126, -0.03066232424600760093, 0.2298117426031570099 ) ) ;
#1567 = CIRCLE ( 'NONE', #99, 0.005625329094090220083 ) ;
#1568 = DIRECTION ( 'NONE',  ( 0.000000000000000000, -1.000000000000000000, 0.000000000000000000 ) ) ;
#1569 = LINE ( 'NONE', #1629, #2828 ) ;
#1570 = VECTOR ( 'NONE', #1480, 1.000000000000000000 ) ;
#1571 = CARTESIAN_POINT ( 'NONE',  ( -0.01729721896024299932, -0.03316232424600759621, 0.2435137836320240001 ) ) ;
#1572 = B_SPLINE_CURVE_WITH_KNOTS ( 'NONE', 3,
 ( #2223, #2287, #1098, #1653 ),
 .UNSPECIFIED., .F., .F.,
 ( 4, 4 ),
 ( -0.0001581165586649700000, 0.000000000000000000 ),
 .UNSPECIFIED. ) ;
#1573 = DIRECTION ( 'NONE',  ( 0.000000000000000000, 0.000000000000000000, -1.000000000000000000 ) ) ;
#1574 = VECTOR ( 'NONE', #2487, 1.000000000000000000 ) ;
#1575 = PLANE ( 'NONE',  #3032 ) ;
#1576 = EDGE_CURVE ( 'NONE', #1326, #1289, #811, .T. ) ;
#1577 = EDGE_CURVE ( 'NONE', #3561, #2595, #2565, .T. ) ;
#1578 = CARTESIAN_POINT ( 'NONE',  ( -0.01329721896024309985, -0.03066232424600760093, 0.1925137836320239826 ) ) ;
#1579 = ORIENTED_EDGE ( 'NONE', *, *, #356, .F. ) ;
#1580 = DIRECTION ( 'NONE',  ( 0.000000000000000000, 0.000000000000000000, -1.000000000000000000 ) ) ;
#1581 = ORIENTED_EDGE ( 'NONE', *, *, #122, .T. ) ;
#1582 = CARTESIAN_POINT ( 'NONE',  ( -0.01108311734510530021, -0.03466232424600759754, 0.2172506439112099896 ) ) ;
#1583 = EDGE_LOOP ( 'NONE', ( #327, #3659, #819, #1816, #2173, #2770 ) ) ;
#1584 = AXIS2_PLACEMENT_3D ( 'NONE', #1311, #471, #3139 ) ;
#1585 = DIRECTION ( 'NONE',  ( 0.000000000000000000, -1.000000000000000000, 0.000000000000000000 ) ) ;
#1586 = CARTESIAN_POINT ( 'NONE',  ( -0.01454721896024310096, -0.05366232424600769768, 0.2247769233528379984 ) ) ;
#1587 = DIRECTION ( 'NONE',  ( 0.000000000000000000, -1.000000000000000000, 0.000000000000000000 ) ) ;
#1588 = VECTOR ( 'NONE', #12, 1.000000000000000000 ) ;
#1589 = VECTOR ( 'NONE', #649, 1.000000000000000000 ) ;
#1590 = DIRECTION ( 'NONE',  ( -5.633679745264349572E-16, 0.000000000000000000, 1.000000000000000000 ) ) ;
#1591 = AXIS2_PLACEMENT_3D ( 'NONE', #1898, #440, #1611 ) ;
#1592 = DIRECTION ( 'NONE',  ( 1.000000000000000000, 0.000000000000000000, 0.000000000000000000 ) ) ;
#1593 = CIRCLE ( 'NONE', #1531, 0.002200000000000000566 ) ;
#1594 = CARTESIAN_POINT ( 'NONE',  ( -0.01729721896024309993, -0.03966232424600769912, 0.2200137836320239793 ) ) ;
#1595 = DIRECTION ( 'NONE',  ( -1.000000000000000000, 0.000000000000000000, 0.000000000000000000 ) ) ;
#1596 = CARTESIAN_POINT ( 'NONE',  ( -0.03729721896024299627, -0.03246232424600770106, 0.2165137836320239761 ) ) ;
#1597 = ORIENTED_EDGE ( 'NONE', *, *, #1762, .F. ) ;
#1598 = CARTESIAN_POINT ( 'NONE',  ( -0.01527649301807934568, -0.03316232424600759621, 0.1965137836320239861 ) ) ;
#1599 = ADVANCED_FACE ( 'NONE', ( #3069 ), #444, .F. ) ;
#1600 = EDGE_CURVE ( 'NONE', #495, #2908, #467, .T. ) ;
#1601 = VERTEX_POINT ( 'NONE', #197 ) ;
#1602 = ORIENTED_EDGE ( 'NONE', *, *, #3749, .F. ) ;
#1603 = AXIS2_PLACEMENT_3D ( 'NONE', #2737, #995, #161 ) ;
#1604 = ADVANCED_FACE ( 'NONE', ( #435 ), #774, .F. ) ;
#1605 = ORIENTED_EDGE ( 'NONE', *, *, #2441, .F. ) ;
#1606 = DIRECTION ( 'NONE',  ( 0.000000000000000000, 1.000000000000000000, 0.000000000000000000 ) ) ;
#1607 = PLANE ( 'NONE',  #2455 ) ;
#1608 = EDGE_CURVE ( 'NONE', #1863, #2569, #2773, .T. ) ;
#1609 = CARTESIAN_POINT ( 'NONE',  ( -0.01454721896024310096, -0.03066232424600760093, 0.2287769233528390012 ) ) ;
#1610 = CARTESIAN_POINT ( 'NONE',  ( -0.01099578633307317713, -0.03791712787829368964, 0.2117392416256258236 ) ) ;
#1611 = DIRECTION ( 'NONE',  ( 1.000000000000000000, 0.000000000000000000, 0.000000000000000000 ) ) ;
#1612 = LINE ( 'NONE', #1035, #1751 ) ;
#1613 = DIRECTION ( 'NONE',  ( 0.000000000000000000, 0.000000000000000000, -1.000000000000000000 ) ) ;
#1614 = CARTESIAN_POINT ( 'NONE',  ( -0.03729721896024299627, -0.03316232424600759621, 0.2256391127261141993 ) ) ;
#1615 = B_SPLINE_CURVE_WITH_KNOTS ( 'NONE', 3,
 ( #582, #2385, #2601, #3555, #599, #311, #2624, #563, #1787, #928, #2365, #1474, #3756, #632, #615, #2662, #27, #2955, #329 ),
 .UNSPECIFIED., .F., .F.,
 ( 4, 2, 2, 1, 1, 1, 1, 1, 2, 2, 2, 4 ),
 ( 0.000000000000000000, 0.2499999999998985256, 0.3749999999998492317, 0.4374999999998249733, 0.4687499999998145928, 0.4843749999998072098, 0.4921874999998058220, 0.4960937499998032130, 0.4980468749998007705, 0.4999999999997983835, 0.7499999999998991917, 1.000000000000000000 ),
 .UNSPECIFIED. ) ;
#1616 = ORIENTED_EDGE ( 'NONE', *, *, #2968, .F. ) ;
#1617 = CARTESIAN_POINT ( 'NONE',  ( -0.01108311734510530021, -0.03466232424600759754, 0.2227769233528379966 ) ) ;
#1618 = CARTESIAN_POINT ( 'NONE',  ( -0.02339664579770393826, -0.03727131011483444945, 0.2111120101596092868 ) ) ;
#1619 = LINE ( 'NONE', #2211, #216 ) ;
#1620 = ORIENTED_EDGE ( 'NONE', *, *, #2002, .T. ) ;
#1621 = ORIENTED_EDGE ( 'NONE', *, *, #2510, .F. ) ;
#1622 = DIRECTION ( 'NONE',  ( 0.000000000000000000, -1.000000000000000000, 0.000000000000000000 ) ) ;
#1623 = ADVANCED_FACE ( 'NONE', ( #2232, #1307 ), #2195, .F. ) ;
#1624 = VERTEX_POINT ( 'NONE', #2477 ) ;
#1625 = ADVANCED_FACE ( 'NONE', ( #1086 ), #1047, .F. ) ;
#1626 = DIRECTION ( 'NONE',  ( -1.779203565104419840E-16, 0.000000000000000000, 1.000000000000000000 ) ) ;
#1627 = UNCERTAINTY_MEASURE_WITH_UNIT (LENGTH_MEASURE( 1.000000000000000082E-05 ), #643, 'distance_accuracy_value', 'NONE');
#1628 = LINE ( 'NONE', #1373, #2504 ) ;
#1629 = CARTESIAN_POINT ( 'NONE',  ( -0.02329721896024300118, -0.03566232424600759843, 0.1945137836320239844 ) ) ;
#1630 = CARTESIAN_POINT ( 'NONE',  ( 0.002702781039756940382, -0.03566232424600759843, 0.2200137836320239793 ) ) ;
#1631 = VECTOR ( 'NONE', #2204, 1.000000000000000000 ) ;
#1632 = VERTEX_POINT ( 'NONE', #3649 ) ;
#1633 = CARTESIAN_POINT ( 'NONE',  ( -0.03426613004699759907, -0.03316232424600759621, 0.2182637836320239777 ) ) ;
#1634 = AXIS2_PLACEMENT_3D ( 'NONE', #1377, #3721, #2860 ) ;
#1635 = CARTESIAN_POINT ( 'NONE',  ( -0.01454721896024310096, -0.03466232424600759754, 0.2207769233528390218 ) ) ;
#1636 = DIRECTION ( 'NONE',  ( 0.000000000000000000, 1.000000000000000000, 0.000000000000000000 ) ) ;
#1637 = CARTESIAN_POINT ( 'NONE',  ( -0.02329721896024300118, -0.03654856314307609877, 0.2102158246608909764 ) ) ;
#1638 = AXIS2_PLACEMENT_3D ( 'NONE', #569, #262, #3461 ) ;
#1639 = ORIENTED_EDGE ( 'NONE', *, *, #1553, .F. ) ;
#1640 = VERTEX_POINT ( 'NONE', #718 ) ;
#1641 = CARTESIAN_POINT ( 'NONE',  ( -0.007499259989110439693, -0.03066232424600760093, 0.2300137836320239881 ) ) ;
#1642 = VERTEX_POINT ( 'NONE', #2516 ) ;
#1643 = DIRECTION ( 'NONE',  ( 0.000000000000000000, 1.000000000000000000, 0.000000000000000000 ) ) ;
#1644 = CARTESIAN_POINT ( 'NONE',  ( -0.04279721896024300115, -0.03566232424600759843, 0.2160137836320239757 ) ) ;
#1645 = ADVANCED_FACE ( 'NONE', ( #1023 ), #3690, .T. ) ;
#1646 = ADVANCED_FACE ( 'NONE', ( #740 ), #759, .T. ) ;
#1647 = CIRCLE ( 'NONE', #2015, 0.01000000000000000021 ) ;
#1648 = LINE ( 'NONE', #3080, #555 ) ;
#1649 = ORIENTED_EDGE ( 'NONE', *, *, #683, .F. ) ;
#1650 = VECTOR ( 'NONE', #1075, 1.000000000000000000 ) ;
#1651 = VERTEX_POINT ( 'NONE', #486 ) ;
#1652 = DIRECTION ( 'NONE',  ( 0.000000000000000000, 1.000000000000000000, 0.000000000000000000 ) ) ;
#1653 = CARTESIAN_POINT ( 'NONE',  ( -0.02436957592844640058, -0.03954156905908699782, 0.2270861406002269989 ) ) ;
#1654 = LINE ( 'NONE', #1920, #2126 ) ;
#1655 = AXIS2_PLACEMENT_3D ( 'NONE', #2225, #3722, #499 ) ;
#1656 = CARTESIAN_POINT ( 'NONE',  ( -0.01916602111376010040, -0.03466232424600759754, 0.2152506439112099879 ) ) ;
#1657 = ORIENTED_EDGE ( 'NONE', *, *, #94, .F. ) ;
#1658 = VERTEX_POINT ( 'NONE', #3708 ) ;
#1659 = ORIENTED_EDGE ( 'NONE', *, *, #1828, .T. ) ;
#1660 = AXIS2_PLACEMENT_3D ( 'NONE', #1582, #33, #720 ) ;
#1661 = ORIENTED_EDGE ( 'NONE', *, *, #3289, .T. ) ;
#1662 = LINE ( 'NONE', #452, #3109 ) ;
#1663 = LINE ( 'NONE', #2575, #3501 ) ;
#1664 = DIRECTION ( 'NONE',  ( 0.000000000000000000, 1.000000000000000000, 0.000000000000000000 ) ) ;
#1665 = EDGE_CURVE ( 'NONE', #2013, #3724, #2251, .T. ) ;
#1666 = ORIENTED_EDGE ( 'NONE', *, *, #729, .T. ) ;
#1667 = ORIENTED_EDGE ( 'NONE', *, *, #1977, .T. ) ;
#1668 = DIRECTION ( 'NONE',  ( 0.000000000000000000, -1.000000000000000000, 0.000000000000000000 ) ) ;
#1669 = DIRECTION ( 'NONE',  ( 0.4999999999999998890, 0.000000000000000000, 0.8660254037844387076 ) ) ;
#1670 = EDGE_CURVE ( 'NONE', #270, #1624, #1908, .T. ) ;
#1671 = CARTESIAN_POINT ( 'NONE',  ( -0.003297218960243099642, -0.03566232424600764700, 0.2200137836320239793 ) ) ;
#1672 = EDGE_CURVE ( 'NONE', #1907, #770, #1087, .T. ) ;
#1673 = CARTESIAN_POINT ( 'NONE',  ( -0.01916602111376010040, -0.03466232424600759754, 0.2247769233528379984 ) ) ;
#1674 = CARTESIAN_POINT ( 'NONE',  ( -0.02279721896024300073, -0.03466232424600759754, 0.2200137836320239793 ) ) ;
#1675 = VERTEX_POINT ( 'NONE', #1928 ) ;
#1676 = ORIENTED_EDGE ( 'NONE', *, *, #3047, .T. ) ;
#1677 = ORIENTED_EDGE ( 'NONE', *, *, #1946, .F. ) ;
#1678 = DIRECTION ( 'NONE',  ( -0.000000000000000000, -1.000000000000000000, -0.000000000000000000 ) ) ;
#1679 = LINE ( 'NONE', #1354, #1457 ) ;
#1680 = DIRECTION ( 'NONE',  ( 0.000000000000000000, -1.000000000000000000, 0.000000000000000000 ) ) ;
#1681 = DIRECTION ( 'NONE',  ( 0.8660254037844387076, 0.000000000000000000, -0.4999999999999998890 ) ) ;
#1682 = VERTEX_POINT ( 'NONE', #217 ) ;
#1683 = CARTESIAN_POINT ( 'NONE',  ( -0.01426613004699749977, -0.03246232424600770106, 0.2017637836320239908 ) ) ;
#1684 = LINE ( 'NONE', #2362, #868 ) ;
#1685 = FACE_OUTER_BOUND ( 'NONE', #1562, .T. ) ;
#1686 = CIRCLE ( 'NONE', #3526, 0.002200000000000000566 ) ;
#1687 = EDGE_CURVE ( 'NONE', #1632, #2754, #3076, .T. ) ;
#1688 = ADVANCED_FACE ( 'NONE', ( #2214 ), #3383, .F. ) ;
#1689 = CARTESIAN_POINT ( 'NONE',  ( -0.02554158845406486952, -0.03795125886902822598, 0.2263278167468561197 ) ) ;
#1690 = AXIS2_PLACEMENT_3D ( 'NONE', #2340, #3510, #1434 ) ;
#1691 = DIRECTION ( 'NONE',  ( 1.000000000000000000, 0.000000000000000000, 0.000000000000000000 ) ) ;
#1692 = VERTEX_POINT ( 'NONE', #1352 ) ;
#1693 = ORIENTED_EDGE ( 'NONE', *, *, #493, .F. ) ;
#1694 = ORIENTED_EDGE ( 'NONE', *, *, #3424, .F. ) ;
#1695 = VECTOR ( 'NONE', #870, 1.000000000000000000 ) ;
#1696 = LINE ( 'NONE', #2589, #2607 ) ;
#1697 = CARTESIAN_POINT ( 'NONE',  ( -0.01729721896024309993, -0.03966232424600769912, 0.2200137836320239793 ) ) ;
#1698 = DIRECTION ( 'NONE',  ( -0.4999999999999998890, 0.000000000000000000, -0.8660254037844387076 ) ) ;
#1699 = LINE ( 'NONE', #1932, #247 ) ;
#1700 = ORIENTED_EDGE ( 'NONE', *, *, #3683, .T. ) ;
#1701 = VECTOR ( 'NONE', #1606, 1.000000000000000000 ) ;
#1702 = CIRCLE ( 'NONE', #423, 0.002000000000000000042 ) ;
#1703 = DIRECTION ( 'NONE',  ( -1.000000000000000000, 0.000000000000000000, 0.000000000000000000 ) ) ;
#1704 = CARTESIAN_POINT ( 'NONE',  ( -0.02329721896024300118, -0.03654856314307609877, 0.2102158246608909764 ) ) ;
#1705 = ADVANCED_BREP_SHAPE_REPRESENTATION ( 'tilt-pulley-mount2', ( #2892, #1655 ), #556 ) ;
#1706 = AXIS2_PLACEMENT_3D ( 'NONE', #1635, #2266, #497 ) ;
#1707 = ORIENTED_EDGE ( 'NONE', *, *, #36, .F. ) ;
#1708 = CARTESIAN_POINT ( 'NONE',  ( -0.01108311734510530021, -0.03466232424600759754, 0.2227769233528379966 ) ) ;
#1709 = AXIS2_PLACEMENT_3D ( 'NONE', #1282, #999, #93 ) ;
#1710 = ORIENTED_EDGE ( 'NONE', *, *, #1339, .T. ) ;
#1711 = AXIS2_PLACEMENT_3D ( 'NONE', #3620, #1590, #369 ) ;
#1712 = EDGE_LOOP ( 'NONE', ( #2299, #940, #3187, #2537 ) ) ;
#1713 = EDGE_LOOP ( 'NONE', ( #2699, #446, #3635, #3646 ) ) ;
#1714 = AXIS2_PLACEMENT_3D ( 'NONE', #1039, #3070, #2209 ) ;
#1715 = ADVANCED_FACE ( 'NONE', ( #1716 ), #818, .T. ) ;
#1716 = FACE_OUTER_BOUND ( 'NONE', #1461, .T. ) ;
#1717 = ORIENTED_EDGE ( 'NONE', *, *, #3707, .F. ) ;
#1718 = CARTESIAN_POINT ( 'NONE',  ( -0.02279721896024300073, -0.03066232424600760093, 0.2240137836320239828 ) ) ;
#1719 = B_SPLINE_CURVE_WITH_KNOTS ( 'NONE', 3,
 ( #130, #92, #146, #2761, #3319, #2132, #3063, #1875, #689, #1610, #983, #1340, #2725, #2453, #675, #3043, #422, #108, #3081 ),
 .UNSPECIFIED., .F., .F.,
 ( 4, 2, 2, 1, 1, 1, 1, 1, 2, 2, 2, 4 ),
 ( 0.000000000000000000, 0.2499999999990111799, 0.3749999999985079713, 0.4374999999982577825, 0.4687499999981385446, 0.4843749999980788701, 0.4921874999980491161, 0.4960937499980302978, 0.4980468749980223597, 0.4999999999980144216, 0.7499999999990071275, 1.000000000000000000 ),
 .UNSPECIFIED. ) ;
#1720 = ADVANCED_FACE ( 'NONE', ( #2890 ), #2293, .T. ) ;
#1721 = CARTESIAN_POINT ( 'NONE',  ( -0.01801132057538079936, -0.03466232424600759754, 0.2227769233528379966 ) ) ;
#1722 = DIRECTION ( 'NONE',  ( 0.4999999999999998890, 0.000000000000000000, -0.8660254037844387076 ) ) ;
#1723 = ORIENTED_EDGE ( 'NONE', *, *, #2423, .F. ) ;
#1724 = CARTESIAN_POINT ( 'NONE',  ( -0.02360440090150596470, -0.03793275632454320978, 0.2282744826312960162 ) ) ;
#1725 = ORIENTED_EDGE ( 'NONE', *, *, #2009, .F. ) ;
#1726 = EDGE_CURVE ( 'NONE', #1180, #495, #1385, .T. ) ;
#1727 = CARTESIAN_POINT ( 'NONE',  ( -0.03931794490240669848, -0.03246232424600770106, 0.2235137836320239824 ) ) ;
#1728 = PRESENTATION_STYLE_ASSIGNMENT (( #307 ) ) ;
#1729 = DIRECTION ( 'NONE',  ( -1.000000000000000000, 0.000000000000000000, 0.000000000000000000 ) ) ;
#1730 = ORIENTED_EDGE ( 'NONE', *, *, #2671, .T. ) ;
#1731 = VERTEX_POINT ( 'NONE', #1423 ) ;
#1732 = ORIENTED_EDGE ( 'NONE', *, *, #1261, .F. ) ;
#1733 = DIRECTION ( 'NONE',  ( 0.000000000000000000, -1.000000000000000000, 0.000000000000000000 ) ) ;
#1734 = DIRECTION ( 'NONE',  ( -1.779203565104409733E-16, 0.000000000000000000, 1.000000000000000000 ) ) ;
#1735 = DIRECTION ( 'NONE',  ( 0.000000000000000000, 1.000000000000000000, 0.000000000000000000 ) ) ;
#1736 = CARTESIAN_POINT ( 'NONE',  ( -0.01801132057538079936, -0.03066232424600760093, 0.2172506439112099896 ) ) ;
#1737 = EDGE_CURVE ( 'NONE', #641, #623, #1696, .T. ) ;
#1738 = EDGE_CURVE ( 'NONE', #85, #2895, #2060, .T. ) ;
#1739 = ORIENTED_EDGE ( 'NONE', *, *, #701, .F. ) ;
#1740 = CARTESIAN_POINT ( 'NONE',  ( -0.01527649301807929884, -0.03246232424600770106, 0.2365137836320239939 ) ) ;
#1741 = FACE_OUTER_BOUND ( 'NONE', #3725, .T. ) ;
#1742 = CARTESIAN_POINT ( 'NONE',  ( -0.02751474465516019416, -0.03626003416319656392, 0.2140137836320239739 ) ) ;
#1743 = FACE_OUTER_BOUND ( 'NONE', #1353, .T. ) ;
#1744 = LINE ( 'NONE', #886, #1290 ) ;
#1745 = PLANE ( 'NONE',  #3037 ) ;
#1746 = DIRECTION ( 'NONE',  ( 0.000000000000000000, 0.000000000000000000, -1.000000000000000000 ) ) ;
#1747 = ORIENTED_EDGE ( 'NONE', *, *, #2164, .F. ) ;
#1748 = CARTESIAN_POINT ( 'NONE',  ( -0.02510456063566776641, -0.03848129031540292039, 0.2134852628064570490 ) ) ;
#1749 = ORIENTED_EDGE ( 'NONE', *, *, #611, .T. ) ;
#1750 = DIRECTION ( 'NONE',  ( -1.779203565104419840E-16, 0.000000000000000000, 1.000000000000000000 ) ) ;
#1751 = VECTOR ( 'NONE', #708, 1.000000000000000000 ) ;
#1752 = VERTEX_POINT ( 'NONE', #241 ) ;
#1753 = ORIENTED_EDGE ( 'NONE', *, *, #1737, .T. ) ;
#1754 = VERTEX_POINT ( 'NONE', #3445 ) ;
#1755 = VECTOR ( 'NONE', #1733, 1.000000000000000000 ) ;
#1756 = DIRECTION ( 'NONE',  ( 0.000000000000000000, -1.000000000000000000, 0.000000000000000000 ) ) ;
#1757 = CARTESIAN_POINT ( 'NONE',  ( 0.01020278103975690021, -0.03566232424600759843, 0.2160137836320239757 ) ) ;
#1758 = VECTOR ( 'NONE', #1897, 1.000000000000000000 ) ;
#1759 = DIRECTION ( 'NONE',  ( 1.000000000000000000, 0.000000000000000000, 5.633679745264349572E-16 ) ) ;
#1760 = CARTESIAN_POINT ( 'NONE',  ( -0.01024977137330930141, -0.03958181532555000298, 0.2271093309478020017 ) ) ;
#1761 = DIRECTION ( 'NONE',  ( 0.000000000000000000, -1.000000000000000000, 0.000000000000000000 ) ) ;
#1762 = EDGE_CURVE ( 'NONE', #3384, #2363, #525, .T. ) ;
#1763 = EDGE_CURVE ( 'NONE', #3233, #2316, #3152, .T. ) ;
#1764 = SURFACE_STYLE_FILL_AREA ( #1188 ) ;
#1765 = CARTESIAN_POINT ( 'NONE',  ( -0.01729721896024299932, -0.03316232424600759621, 0.2000137836320239892 ) ) ;
#1766 = EDGE_CURVE ( 'NONE', #52, #1229, #1144, .T. ) ;
#1767 = AXIS2_PLACEMENT_3D ( 'NONE', #3747, #1735, #243 ) ;
#1768 = PLANE ( 'NONE',  #1963 ) ;
#1769 = DIRECTION ( 'NONE',  ( 1.000000000000000000, 0.000000000000000000, 0.000000000000000000 ) ) ;
#1770 = PLANE ( 'NONE',  #1275 ) ;
#1771 = ORIENTED_EDGE ( 'NONE', *, *, #335, .F. ) ;
#1772 = DIRECTION ( 'NONE',  ( 1.000000000000000000, 0.000000000000000000, 0.000000000000000000 ) ) ;
#1773 = VECTOR ( 'NONE', #3608, 1.000000000000000000 ) ;
#1774 = PRODUCT_DEFINITION_SHAPE ( 'NONE', 'NONE',  #127 ) ;
#1775 = VECTOR ( 'NONE', #1822, 1.000000000000000000 ) ;
#1776 = ORIENTED_EDGE ( 'NONE', *, *, #3289, .F. ) ;
#1777 = CYLINDRICAL_SURFACE ( 'NONE', #3673, 0.004000000000000000083 ) ;
#1778 = CARTESIAN_POINT ( 'NONE',  ( -0.01509721896024299875, -0.03066232424600760093, 0.2400137836320239970 ) ) ;
#1779 = CARTESIAN_POINT ( 'NONE',  ( -0.02994632960091659843, -0.03566232424600759843, 0.2260137836320239846 ) ) ;
#1780 = EDGE_LOOP ( 'NONE', ( #3135, #3137, #3041, #2521 ) ) ;
#1781 = FACE_BOUND ( 'NONE', #604, .T. ) ;
#1782 = LINE ( 'NONE', #326, #3260 ) ;
#1783 = AXIS2_PLACEMENT_3D ( 'NONE', #2720, #104, #1911 ) ;
#1784 = ORIENTED_EDGE ( 'NONE', *, *, #3288, .F. ) ;
#1785 = B_SPLINE_CURVE_WITH_KNOTS ( 'NONE', 3,
 ( #1779, #842, #2934, #1447, #2579, #2898 ),
 .UNSPECIFIED., .F., .F.,
 ( 4, 2, 4 ),
 ( 0.000000000000000000, 0.5000000000000000000, 1.000000000000000000 ),
 .UNSPECIFIED. ) ;
#1786 = CARTESIAN_POINT ( 'NONE',  ( -0.01729721896024309993, -0.03966232424600769912, 0.2200137836320239793 ) ) ;
#1787 = CARTESIAN_POINT ( 'NONE',  ( -0.008994963179227133052, -0.03788599651459180484, 0.2263038667073433152 ) ) ;
#1788 = EDGE_CURVE ( 'NONE', #3169, #2306, #1123, .T. ) ;
#1789 = EDGE_CURVE ( 'NONE', #2569, #1229, #1485, .T. ) ;
#1790 = CARTESIAN_POINT ( 'NONE',  ( 0.01020278103975690021, -0.03066232424600760093, 0.2160137836320239757 ) ) ;
#1791 = ORIENTED_EDGE ( 'NONE', *, *, #3356, .T. ) ;
#1792 = CARTESIAN_POINT ( 'NONE',  ( 0.008202781039756950471, -0.03066232424600760093, 0.2240137836320239828 ) ) ;
#1793 = ORIENTED_EDGE ( 'NONE', *, *, #1670, .T. ) ;
#1794 = ORIENTED_EDGE ( 'NONE', *, *, #1977, .F. ) ;
#1795 = ORIENTED_EDGE ( 'NONE', *, *, #306, .T. ) ;
#1796 = DIRECTION ( 'NONE',  ( 0.000000000000000000, -1.000000000000000000, 0.000000000000000000 ) ) ;
#1797 = DIRECTION ( 'NONE',  ( -0.4999999999999998890, 0.000000000000000000, -0.8660254037844387076 ) ) ;
#1798 = CARTESIAN_POINT ( 'NONE',  ( -0.02360853780196981583, -0.03794394481402209307, 0.2282646004280527718 ) ) ;
#1799 = CARTESIAN_POINT ( 'NONE',  ( -0.03729721896024299627, -0.03316232424600759621, 0.2200137836320239793 ) ) ;
#1800 = EDGE_LOOP ( 'NONE', ( #2485, #2230 ) ) ;
#1801 = CARTESIAN_POINT ( 'NONE',  ( -0.02129721896024299940, -0.03066232424600760093, 0.2475137836320239759 ) ) ;
#1802 = CYLINDRICAL_SURFACE ( 'NONE', #371, 0.002200000000000000133 ) ;
#1803 = CARTESIAN_POINT ( 'NONE',  ( -0.02279721896024300073, -0.03466232424600759754, 0.2240137836320239828 ) ) ;
#1804 = CARTESIAN_POINT ( 'NONE',  ( -0.02709517793137570033, -0.03066232424600760093, 0.2140137836320240017 ) ) ;
#1805 = ORIENTED_EDGE ( 'NONE', *, *, #1854, .T. ) ;
#1806 = DIRECTION ( 'NONE',  ( 0.000000000000000000, 1.000000000000000000, 0.000000000000000000 ) ) ;
#1807 = ADVANCED_FACE ( 'NONE', ( #1146 ), #2701, .F. ) ;
#1808 = ADVANCED_FACE ( 'NONE', ( #3600 ), #417, .T. ) ;
#1809 = ORIENTED_EDGE ( 'NONE', *, *, #1953, .F. ) ;
#1810 = ORIENTED_EDGE ( 'NONE', *, *, #11, .F. ) ;
#1811 = AXIS2_PLACEMENT_3D ( 'NONE', #2456, #3623, #148 ) ;
#1812 = AXIS2_PLACEMENT_3D ( 'NONE', #2155, #3031, #3305 ) ;
#1813 = ORIENTED_EDGE ( 'NONE', *, *, #729, .F. ) ;
#1814 = FACE_OUTER_BOUND ( 'NONE', #3089, .T. ) ;
#1815 = AXIS2_PLACEMENT_3D ( 'NONE', #102, #1832, #1545 ) ;
#1816 = ORIENTED_EDGE ( 'NONE', *, *, #3399, .F. ) ;
#1817 = CARTESIAN_POINT ( 'NONE',  ( -0.004648108319569640469, -0.03566232424600759843, 0.2260137836320239846 ) ) ;
#1818 = ORIENTED_EDGE ( 'NONE', *, *, #3524, .F. ) ;
#1819 = DIRECTION ( 'NONE',  ( 1.000000000000000000, 0.000000000000000000, 0.000000000000000000 ) ) ;
#1820 = DIRECTION ( 'NONE',  ( 0.000000000000000000, 1.000000000000000000, 0.000000000000000000 ) ) ;
#1821 = FACE_OUTER_BOUND ( 'NONE', #2416, .T. ) ;
#1822 = DIRECTION ( 'NONE',  ( 0.4999999999999998890, 0.000000000000000000, -0.8660254037844387076 ) ) ;
#1823 = ORIENTED_EDGE ( 'NONE', *, *, #701, .T. ) ;
#1824 = CARTESIAN_POINT ( 'NONE',  ( -0.01729721896024299932, -0.03566232424600759843, 0.2000137836320239892 ) ) ;
#1825 = VECTOR ( 'NONE', #760, 1.000000000000000000 ) ;
#1826 = VECTOR ( 'NONE', #2975, 1.000000000000000000 ) ;
#1827 = ORIENTED_EDGE ( 'NONE', *, *, #1577, .T. ) ;
#1828 = EDGE_CURVE ( 'NONE', #1658, #1632, #1271, .T. ) ;
#1829 = ORIENTED_EDGE ( 'NONE', *, *, #2160, .T. ) ;
#1830 = LINE ( 'NONE', #3583, #2147 ) ;
#1831 = VECTOR ( 'NONE', #1257, 1.000000000000000000 ) ;
#1832 = DIRECTION ( 'NONE',  ( 0.000000000000000000, -1.000000000000000000, 0.000000000000000000 ) ) ;
#1833 = EDGE_CURVE ( 'NONE', #370, #1394, #682, .T. ) ;
#1834 = ORIENTED_EDGE ( 'NONE', *, *, #312, .F. ) ;
#1835 = VECTOR ( 'NONE', #1507, 1.000000000000000000 ) ;
#1836 = DIRECTION ( 'NONE',  ( 1.000000000000000000, 0.000000000000000000, 0.000000000000000000 ) ) ;
#1837 = CARTESIAN_POINT ( 'NONE',  ( -0.02032830787348859775, -0.03246232424600770106, 0.2382637836320239955 ) ) ;
#1838 = CIRCLE ( 'NONE', #69, 0.002200000000000000566 ) ;
#1839 = CARTESIAN_POINT ( 'NONE',  ( -0.03504721896024300121, -0.03066232424600760093, 0.2260137836320239846 ) ) ;
#1840 = CARTESIAN_POINT ( 'NONE',  ( -0.01022486199203980102, -0.03066232424600760093, 0.2129414266638210151 ) ) ;
#1841 = ORIENTED_EDGE ( 'NONE', *, *, #3147, .F. ) ;
#1842 = VECTOR ( 'NONE', #2071, 1.000000000000000000 ) ;
#1843 = CARTESIAN_POINT ( 'NONE',  ( -0.01454721896024310096, -0.05366232424600769768, 0.2152506439112099879 ) ) ;
#1844 = CYLINDRICAL_SURFACE ( 'NONE', #1709, 0.009999999999999998473 ) ;
#1845 = FACE_OUTER_BOUND ( 'NONE', #1906, .T. ) ;
#1846 = CARTESIAN_POINT ( 'NONE',  ( -0.01931794490240680215, -0.03316232424600759621, 0.1965137836320239861 ) ) ;
#1847 = FACE_BOUND ( 'NONE', #2496, .T. ) ;
#1848 = ORIENTED_EDGE ( 'NONE', *, *, #2649, .F. ) ;
#1849 = ORIENTED_EDGE ( 'NONE', *, *, #1766, .F. ) ;
#1850 = ORIENTED_EDGE ( 'NONE', *, *, #3005, .F. ) ;
#1851 = DIRECTION ( 'NONE',  ( 0.000000000000000000, 1.000000000000000000, 0.000000000000000000 ) ) ;
#1852 = PLANE ( 'NONE',  #991 ) ;
#1853 = EDGE_CURVE ( 'NONE', #196, #3370, #2414, .T. ) ;
#1854 = EDGE_CURVE ( 'NONE', #3256, #370, #3584, .T. ) ;
#1855 = ORIENTED_EDGE ( 'NONE', *, *, #1182, .T. ) ;
#1856 = CARTESIAN_POINT ( 'NONE',  ( -0.009928416806726059890, -0.03466232424600759754, 0.2152506439112099879 ) ) ;
#1857 = DIRECTION ( 'NONE',  ( -0.000000000000000000, 1.000000000000000000, 0.000000000000000000 ) ) ;
#1858 = FACE_OUTER_BOUND ( 'NONE', #3484, .T. ) ;
#1859 = DIRECTION ( 'NONE',  ( -5.633679745264349572E-16, 0.000000000000000000, 1.000000000000000000 ) ) ;
#1860 = CARTESIAN_POINT ( 'NONE',  ( -0.01801132057538079936, -0.03466232424600759754, 0.2267769233528380002 ) ) ;
#1861 = VERTEX_POINT ( 'NONE', #666 ) ;
#1862 = DIRECTION ( 'NONE',  ( 1.000000000000000000, 0.000000000000000000, 0.000000000000000000 ) ) ;
#1863 = VERTEX_POINT ( 'NONE', #382 ) ;
#1864 = CARTESIAN_POINT ( 'NONE',  ( 0.01020278103975690021, -0.03066232424600760093, 0.2160137836320239757 ) ) ;
#1865 = ORIENTED_EDGE ( 'NONE', *, *, #2677, .F. ) ;
#1866 = DIRECTION ( 'NONE',  ( 0.000000000000000000, 1.000000000000000000, 0.000000000000000000 ) ) ;
#1867 = VECTOR ( 'NONE', #2168, 1.000000000000000000 ) ;
#1868 = DIRECTION ( 'NONE',  ( 1.000000000000000000, 0.000000000000000000, 0.000000000000000000 ) ) ;
#1869 = DIRECTION ( 'NONE',  ( 1.000000000000000000, 0.000000000000000000, 0.000000000000000000 ) ) ;
#1870 = AXIS2_PLACEMENT_3D ( 'NONE', #2333, #2588, #50 ) ;
#1871 = DIRECTION ( 'NONE',  ( 0.000000000000000000, -1.000000000000000000, 0.000000000000000000 ) ) ;
#1872 = EDGE_CURVE ( 'NONE', #1986, #346, #3473, .T. ) ;
#1873 = ADVANCED_FACE ( 'NONE', ( #3036 ), #87, .T. ) ;
#1874 = AXIS2_PLACEMENT_3D ( 'NONE', #1786, #2622, #1819 ) ;
#1875 = CARTESIAN_POINT ( 'NONE',  ( -0.01102924152223215375, -0.03782423924542185206, 0.2116559908511660704 ) ) ;
#1876 = CARTESIAN_POINT ( 'NONE',  ( -0.04479721896024299599, -0.03066232424600760093, 0.2200137836320239793 ) ) ;
#1877 = AXIS2_PLACEMENT_3D ( 'NONE', #1210, #3576, #1769 ) ;
#1878 = FACE_OUTER_BOUND ( 'NONE', #2651, .T. ) ;
#1879 = CYLINDRICAL_SURFACE ( 'NONE', #3055, 0.009999999999999998473 ) ;
#1880 = VERTEX_POINT ( 'NONE', #2166 ) ;
#1881 = ADVANCED_FACE ( 'NONE', ( #705 ), #2777, .F. ) ;
#1882 = PLANE ( 'NONE',  #1141 ) ;
#1883 = EDGE_LOOP ( 'NONE', ( #2295, #353, #13, #236 ) ) ;
#1884 = ORIENTED_EDGE ( 'NONE', *, *, #1410, .T. ) ;
#1885 = EDGE_CURVE ( 'NONE', #1438, #1236, #1032, .T. ) ;
#1886 = AXIS2_PLACEMENT_3D ( 'NONE', #2505, #2855, #745 ) ;
#1887 = DIRECTION ( 'NONE',  ( -0.000000000000000000, 1.000000000000000000, 0.000000000000000000 ) ) ;
#1888 = ORIENTED_EDGE ( 'NONE', *, *, #36, .T. ) ;
#1889 = DIRECTION ( 'NONE',  ( 0.000000000000000000, -1.000000000000000000, 0.000000000000000000 ) ) ;
#1890 = CARTESIAN_POINT ( 'NONE',  ( -0.01729721896024309993, -0.1117833592535820014, 0.2247769233528379984 ) ) ;
#1891 = PRODUCT_DEFINITION_CONTEXT ( 'detailed design', #2259, 'design' ) ;
#1892 = AXIS2_PLACEMENT_3D ( 'NONE', #2914, #861, #3082 ) ;
#1893 = PRESENTATION_LAYER_ASSIGNMENT (  '', '', ( #2018 ) ) ;
#1894 = CARTESIAN_POINT ( 'NONE',  ( -0.01527649301807929884, -0.03316232424600759621, 0.2035137836320239924 ) ) ;
#1895 = DIRECTION ( 'NONE',  ( -1.779203565104419840E-16, 0.000000000000000000, 1.000000000000000000 ) ) ;
#1896 = VECTOR ( 'NONE', #895, 1.000000000000000000 ) ;
#1897 = DIRECTION ( 'NONE',  ( 0.000000000000000000, 1.000000000000000000, 0.000000000000000000 ) ) ;
#1898 = CARTESIAN_POINT ( 'NONE',  ( -0.01729721896024299932, -0.03566232424600759843, 0.2200137836320239793 ) ) ;
#1899 = DIRECTION ( 'NONE',  ( 0.000000000000000000, 1.000000000000000000, 0.000000000000000000 ) ) ;
#1900 = DIRECTION ( 'NONE',  ( 0.000000000000000000, -1.000000000000000000, 0.000000000000000000 ) ) ;
#1901 = ORIENTED_EDGE ( 'NONE', *, *, #1031, .F. ) ;
#1902 = DIRECTION ( 'NONE',  ( 0.000000000000000000, -1.000000000000000000, 0.000000000000000000 ) ) ;
#1903 = DIRECTION ( 'NONE',  ( 1.000000000000000000, 0.000000000000000000, 0.000000000000000000 ) ) ;
#1904 = EDGE_CURVE ( 'NONE', #1520, #2908, #1719, .T. ) ;
#1905 = ADVANCED_FACE ( 'NONE', ( #998, #2436 ), #3589, .F. ) ;
#1906 = EDGE_LOOP ( 'NONE', ( #1321, #2108, #579, #260 ) ) ;
#1907 = VERTEX_POINT ( 'NONE', #3604 ) ;
#1908 = LINE ( 'NONE', #2788, #3773 ) ;
#1909 = ORIENTED_EDGE ( 'NONE', *, *, #1046, .F. ) ;
#1910 = FACE_OUTER_BOUND ( 'NONE', #2947, .T. ) ;
#1911 = DIRECTION ( 'NONE',  ( 1.000000000000000000, 0.000000000000000000, 0.000000000000000000 ) ) ;
#1912 = ORIENTED_EDGE ( 'NONE', *, *, #1095, .T. ) ;
#1913 = EDGE_LOOP ( 'NONE', ( #1535, #2464, #953, #1676 ) ) ;
#1914 = ORIENTED_EDGE ( 'NONE', *, *, #3309, .F. ) ;
#1915 = CARTESIAN_POINT ( 'NONE',  ( -0.04479721896024299599, -0.03566232424600759843, 0.2160137836320239757 ) ) ;
#1916 = CARTESIAN_POINT ( 'NONE',  ( -0.01949721896024299989, -0.03246232424600770106, 0.2000137836320239892 ) ) ;
#1917 = DIRECTION ( 'NONE',  ( -1.000000000000000000, 0.000000000000000000, 0.000000000000000000 ) ) ;
#1918 = PLANE ( 'NONE',  #590 ) ;
#1919 = DIRECTION ( 'NONE',  ( -7.511572993685800087E-16, 0.000000000000000000, 1.000000000000000000 ) ) ;
#1920 = CARTESIAN_POINT ( 'NONE',  ( -0.01931794490240680215, -0.03246232424600770106, 0.2035137836320239924 ) ) ;
#1921 = DIRECTION ( 'NONE',  ( 0.000000000000000000, -1.000000000000000000, 0.000000000000000000 ) ) ;
#1922 = LINE ( 'NONE', #501, #2320 ) ;
#1923 = LINE ( 'NONE', #463, #1378 ) ;
#1924 = VERTEX_POINT ( 'NONE', #3012 ) ;
#1925 = ORIENTED_EDGE ( 'NONE', *, *, #2284, .F. ) ;
#1926 = EDGE_CURVE ( 'NONE', #2632, #2332, #531, .T. ) ;
#1927 = EDGE_CURVE ( 'NONE', #43, #3233, #1262, .T. ) ;
#1928 = CARTESIAN_POINT ( 'NONE',  ( -0.02436957592844640058, -0.03066232424600760093, 0.2129414266638210151 ) ) ;
#1929 = DIRECTION ( 'NONE',  ( 0.000000000000000000, -1.000000000000000000, 0.000000000000000000 ) ) ;
#1930 = CARTESIAN_POINT ( 'NONE',  ( -0.02329721896024300118, -0.03573788479981387239, 0.2316560054473785213 ) ) ;
#1931 = ORIENTED_EDGE ( 'NONE', *, *, #640, .F. ) ;
#1932 = CARTESIAN_POINT ( 'NONE',  ( -0.01426613004699749977, -0.03316232424600759621, 0.2017637836320239908 ) ) ;
#1933 = ORIENTED_EDGE ( 'NONE', *, *, #993, .T. ) ;
#1934 = CIRCLE ( 'NONE', #283, 0.01000000000000000021 ) ;
#1935 = EDGE_CURVE ( 'NONE', #3761, #270, #2149, .T. ) ;
#1936 = ORIENTED_EDGE ( 'NONE', *, *, #2041, .T. ) ;
#1937 = CARTESIAN_POINT ( 'NONE',  ( -0.01329721896024309985, -0.03066232424600760093, 0.2455137836320240019 ) ) ;
#1938 = AXIS2_PLACEMENT_3D ( 'NONE', #3580, #1264, #2439 ) ;
#1939 = CARTESIAN_POINT ( 'NONE',  ( -0.001338670844570440631, -0.03316232424600759621, 0.2200137836320239793 ) ) ;
#1940 = CARTESIAN_POINT ( 'NONE',  ( -0.01454721896024310096, -0.03466232424600759754, 0.2112506439112100121 ) ) ;
#1941 = AXIS2_PLACEMENT_3D ( 'NONE', #1630, #455, #2798 ) ;
#1942 = ORIENTED_EDGE ( 'NONE', *, *, #803, .F. ) ;
#1943 = VERTEX_POINT ( 'NONE', #391 ) ;
#1944 = VERTEX_POINT ( 'NONE', #1916 ) ;
#1945 = DIRECTION ( 'NONE',  ( 0.000000000000000000, 1.000000000000000000, 0.000000000000000000 ) ) ;
#1946 = EDGE_CURVE ( 'NONE', #2213, #935, #1011, .T. ) ;
#1947 = CARTESIAN_POINT ( 'NONE',  ( -0.02048781788348449928, -0.03066232424600760093, 0.2160137836320239757 ) ) ;
#1948 = ORIENTED_EDGE ( 'NONE', *, *, #2206, .F. ) ;
#1949 = CARTESIAN_POINT ( 'NONE',  ( -0.01223781788348459951, -0.03066232424600760093, 0.2112506439112100121 ) ) ;
#1950 = DIRECTION ( 'NONE',  ( 1.000000000000000000, 0.000000000000000000, 0.000000000000000000 ) ) ;
#1951 = CIRCLE ( 'NONE', #1767, 0.002749999999999998973 ) ;
#1952 = EDGE_CURVE ( 'NONE', #346, #1483, #2741, .T. ) ;
#1953 = EDGE_CURVE ( 'NONE', #3588, #2754, #3621, .T. ) ;
#1954 = AXIS2_PLACEMENT_3D ( 'NONE', #1009, #722, #2286 ) ;
#1955 = CARTESIAN_POINT ( 'NONE',  ( -0.03426613004699759907, -0.03246232424600770106, 0.2182637836320239777 ) ) ;
#1956 = EDGE_LOOP ( 'NONE', ( #319, #186, #3138, #3163 ) ) ;
#1957 = CIRCLE ( 'NONE', #1464, 0.01400000000000000029 ) ;
#1958 = CARTESIAN_POINT ( 'NONE',  ( -0.01931794490240680215, -0.03246232424600770106, 0.1965137836320239861 ) ) ;
#1959 = FACE_OUTER_BOUND ( 'NONE', #694, .T. ) ;
#1960 = CARTESIAN_POINT ( 'NONE',  ( -0.01685662003700160241, -0.03066232424600760093, 0.2112506439112100121 ) ) ;
#1961 = CARTESIAN_POINT ( 'NONE',  ( -0.01095346726016327085, -0.03802987220609202468, 0.2281894120533699555 ) ) ;
#1962 = PRODUCT_CONTEXT ( 'NONE', #3456, 'mechanical' ) ;
#1963 = AXIS2_PLACEMENT_3D ( 'NONE', #2923, #1746, #292 ) ;
#1964 = VERTEX_POINT ( 'NONE', #3658 ) ;
#1965 = CARTESIAN_POINT ( 'NONE',  ( -0.02329721896024300118, -0.03566232424600759843, 0.2455137836320240019 ) ) ;
#1966 = ORIENTED_EDGE ( 'NONE', *, *, #2377, .F. ) ;
#1967 = ORIENTED_EDGE ( 'NONE', *, *, #185, .F. ) ;
#1968 = ORIENTED_EDGE ( 'NONE', *, *, #268, .F. ) ;
#1969 = DIRECTION ( 'NONE',  ( 1.000000000000000000, 0.000000000000000000, 0.000000000000000000 ) ) ;
#1970 = VECTOR ( 'NONE', #1205, 1.000000000000000000 ) ;
#1971 = VERTEX_POINT ( 'NONE', #3350 ) ;
#1972 = DIRECTION ( 'NONE',  ( 0.000000000000000000, -1.000000000000000000, 0.000000000000000000 ) ) ;
#1973 = DIRECTION ( 'NONE',  ( -0.000000000000000000, 1.000000000000000000, 0.000000000000000000 ) ) ;
#1974 = CARTESIAN_POINT ( 'NONE',  ( -0.02048781788348449928, -0.03066232424600760093, 0.2240137836320239828 ) ) ;
#1975 = LINE ( 'NONE', #1915, #2023 ) ;
#1976 = ORIENTED_EDGE ( 'NONE', *, *, #3314, .F. ) ;
#1977 = EDGE_CURVE ( 'NONE', #2820, #2055, #726, .T. ) ;
#1978 = EDGE_CURVE ( 'NONE', #2399, #3647, #839, .T. ) ;
#1979 = DIRECTION ( 'NONE',  ( 0.000000000000000000, -1.000000000000000000, 0.000000000000000000 ) ) ;
#1980 = CARTESIAN_POINT ( 'NONE',  ( 0.004902781039756940080, -0.03066232424600760093, 0.2200137836320239793 ) ) ;
#1981 = CARTESIAN_POINT ( 'NONE',  ( -0.03729721896024299627, -0.03246232424600770106, 0.2235137836320239824 ) ) ;
#1982 = VERTEX_POINT ( 'NONE', #2364 ) ;
#1983 = CARTESIAN_POINT ( 'NONE',  ( -0.01729721896024299932, -0.03246232424600770106, 0.1965137836320239861 ) ) ;
#1984 = DIRECTION ( 'NONE',  ( 0.000000000000000000, -1.000000000000000000, 0.000000000000000000 ) ) ;
#1985 = VERTEX_POINT ( 'NONE', #2642 ) ;
#1986 = VERTEX_POINT ( 'NONE', #631 ) ;
#1987 = VERTEX_POINT ( 'NONE', #1801 ) ;
#1988 = DIRECTION ( 'NONE',  ( 1.000000000000000000, 0.000000000000000000, 0.000000000000000000 ) ) ;
#1989 = ORIENTED_EDGE ( 'NONE', *, *, #1007, .F. ) ;
#1990 = DIRECTION ( 'NONE',  ( -0.000000000000000000, 1.000000000000000000, 0.000000000000000000 ) ) ;
#1991 = CYLINDRICAL_SURFACE ( 'NONE', #2479, 0.002749999999999998973 ) ;
#1992 = CARTESIAN_POINT ( 'NONE',  ( -0.009262169686173953378, -0.03819521913933862645, 0.2136041511355647460 ) ) ;
#1993 = ORIENTED_EDGE ( 'NONE', *, *, #1431, .T. ) ;
#1994 = CARTESIAN_POINT ( 'NONE',  ( -0.04279721896024300115, -0.03066232424600760093, 0.2240137836320239828 ) ) ;
#1995 = ADVANCED_FACE ( 'NONE', ( #2710 ), #1230, .F. ) ;
#1996 = ADVANCED_FACE ( 'NONE', ( #3534 ), #1745, .T. ) ;
#1997 = PLANE ( 'NONE',  #1706 ) ;
#1998 = VECTOR ( 'NONE', #2764, 1.000000000000000000 ) ;
#1999 = ORIENTED_EDGE ( 'NONE', *, *, #2506, .T. ) ;
#2000 = EDGE_LOOP ( 'NONE', ( #74, #1855 ) ) ;
#2001 = CIRCLE ( 'NONE', #347, 0.002749999999999998973 ) ;
#2002 = EDGE_CURVE ( 'NONE', #3446, #2595, #905, .T. ) ;
#2003 = ORIENTED_EDGE ( 'NONE', *, *, #2957, .T. ) ;
#2004 = ORIENTED_EDGE ( 'NONE', *, *, #1978, .F. ) ;
#2005 = ORIENTED_EDGE ( 'NONE', *, *, #2170, .F. ) ;
#2006 = AXIS2_PLACEMENT_3D ( 'NONE', #2849, #3365, #1945 ) ;
#2007 = CARTESIAN_POINT ( 'NONE',  ( -0.007499259989110519491, -0.03066232424600760093, 0.2100137836320239981 ) ) ;
#2008 = LINE ( 'NONE', #2873, #1281 ) ;
#2009 = EDGE_CURVE ( 'NONE', #3653, #505, #2073, .T. ) ;
#2010 = CARTESIAN_POINT ( 'NONE',  ( -0.02329721896024300118, -0.03604012701503896826, 0.2306842864153909878 ) ) ;
#2011 = LINE ( 'NONE', #557, #3727 ) ;
#2012 = CARTESIAN_POINT ( 'NONE',  ( 0.004902781039756940080, 0.04228996209459180006, 0.2200137836320239793 ) ) ;
#2013 = VERTEX_POINT ( 'NONE', #3574 ) ;
#2014 = CIRCLE ( 'NONE', #3421, 0.002200000000000000566 ) ;
#2015 = AXIS2_PLACEMENT_3D ( 'NONE', #24, #902, #3242 ) ;
#2016 = CARTESIAN_POINT ( 'NONE',  ( -0.03931794490240674705, -0.03316232424600759621, 0.2235137836320239824 ) ) ;
#2017 = ORIENTED_EDGE ( 'NONE', *, *, #2354, .F. ) ;
#2018 = STYLED_ITEM ( 'NONE', ( #1728 ), #2892 ) ;
#2019 = LINE ( 'NONE', #3206, #796 ) ;
#2020 = CYLINDRICAL_SURFACE ( 'NONE', #545, 0.005625329094090220083 ) ;
#2021 = AXIS2_PLACEMENT_3D ( 'NONE', #1260, #2437, #3044 ) ;
#2022 = VERTEX_POINT ( 'NONE', #3225 ) ;
#2023 = VECTOR ( 'NONE', #1052, 1.000000000000000000 ) ;
#2024 = VERTEX_POINT ( 'NONE', #2940 ) ;
#2025 = CARTESIAN_POINT ( 'NONE',  ( -0.01454721896024310096, -0.03066232424600760093, 0.2112506439112100121 ) ) ;
#2026 = EDGE_CURVE ( 'NONE', #3108, #164, #3281, .T. ) ;
#2027 = EDGE_CURVE ( 'NONE', #2547, #2399, #348, .T. ) ;
#2028 = ORIENTED_EDGE ( 'NONE', *, *, #3025, .F. ) ;
#2029 = LINE ( 'NONE', #1718, #2258 ) ;
#2030 = LINE ( 'NONE', #3785, #1139 ) ;
#2031 = CARTESIAN_POINT ( 'NONE',  ( -0.01931794490240680215, -0.03246232424600770106, 0.2365137836320239939 ) ) ;
#2032 = CARTESIAN_POINT ( 'NONE',  ( -0.02340035551159952085, -0.03728216568333678899, 0.2289023279094718477 ) ) ;
#2033 = CARTESIAN_POINT ( 'NONE',  ( -0.04032830787348859469, -0.03246232424600770106, 0.2182637836320239777 ) ) ;
#2034 = DIRECTION ( 'NONE',  ( 0.000000000000000000, -1.000000000000000000, 0.000000000000000000 ) ) ;
#2035 = CARTESIAN_POINT ( 'NONE',  ( -0.02510662003700159933, -0.03066232424600760093, 0.2160137836320239757 ) ) ;
#2036 = CARTESIAN_POINT ( 'NONE',  ( -0.01737751865587182018, -0.03566232424600759843, 0.2455906413658638932 ) ) ;
#2037 = DIRECTION ( 'NONE',  ( -0.000000000000000000, -1.000000000000000000, -0.000000000000000000 ) ) ;
#2038 = LINE ( 'NONE', #1790, #109 ) ;
#2039 = EDGE_LOOP ( 'NONE', ( #3629, #1829, #315, #3300 ) ) ;
#2040 = LINE ( 'NONE', #2025, #1381 ) ;
#2041 = EDGE_CURVE ( 'NONE', #397, #3561, #2383, .T. ) ;
#2042 = ADVANCED_FACE ( 'NONE', ( #2661 ), #2063, .F. ) ;
#2043 = DIRECTION ( 'NONE',  ( 0.000000000000000000, 0.000000000000000000, -1.000000000000000000 ) ) ;
#2044 = FACE_OUTER_BOUND ( 'NONE', #3472, .T. ) ;
#2045 = CARTESIAN_POINT ( 'NONE',  ( -0.03729721896024299627, -0.03246232424600770106, 0.2235137836320239824 ) ) ;
#2046 = CARTESIAN_POINT ( 'NONE',  ( -0.01179721896024310199, -0.03466232424600759754, 0.2247769233528379984 ) ) ;
#2047 = DIRECTION ( 'NONE',  ( 1.000000000000000000, 0.000000000000000000, 0.000000000000000000 ) ) ;
#2048 = FACE_OUTER_BOUND ( 'NONE', #2753, .T. ) ;
#2049 = CARTESIAN_POINT ( 'NONE',  ( 0.0006820550975932503091, -0.03316232424600759621, 0.2165137836320239761 ) ) ;
#2050 = ORIENTED_EDGE ( 'NONE', *, *, #3451, .F. ) ;
#2051 = EDGE_CURVE ( 'NONE', #2715, #2513, #2688, .T. ) ;
#2052 = DIRECTION ( 'NONE',  ( 0.000000000000000000, 1.000000000000000000, 0.000000000000000000 ) ) ;
#2053 = VECTOR ( 'NONE', #1899, 1.000000000000000000 ) ;
#2054 = CYLINDRICAL_SURFACE ( 'NONE', #3422, 0.002749999999999998973 ) ;
#2055 = VERTEX_POINT ( 'NONE', #2954 ) ;
#2056 = CARTESIAN_POINT ( 'NONE',  ( 0.002702781039756939948, -0.03246232424600770106, 0.2200137836320239793 ) ) ;
#2057 = VECTOR ( 'NONE', #3146, 1.000000000000000000 ) ;
#2058 = VERTEX_POINT ( 'NONE', #2419 ) ;
#2059 = ORIENTED_EDGE ( 'NONE', *, *, #3079, .F. ) ;
#2060 = CIRCLE ( 'NONE', #1324, 0.002200000000000000566 ) ;
#2061 = DIRECTION ( 'NONE',  ( -0.4999999999999998890, 0.000000000000000000, 0.8660254037844387076 ) ) ;
#2062 = EDGE_CURVE ( 'NONE', #2317, #1193, #1178, .T. ) ;
#2063 = TOROIDAL_SURFACE ( 'NONE', #1874, 0.01400000000000000029, 0.004000000000000000083 ) ;
#2064 = DIRECTION ( 'NONE',  ( 1.000000000000000000, 0.000000000000000000, 0.000000000000000000 ) ) ;
#2065 = DIRECTION ( 'NONE',  ( 0.4999999999999998890, 0.000000000000000000, -0.8660254037844387076 ) ) ;
#2066 = DIRECTION ( 'NONE',  ( -1.000000000000000000, 0.000000000000000000, -6.438491137444970658E-16 ) ) ;
#2067 = ADVANCED_FACE ( 'NONE', ( #2113 ), #945, .F. ) ;
#2068 = EDGE_CURVE ( 'NONE', #618, #2213, #291, .T. ) ;
#2069 = ORIENTED_EDGE ( 'NONE', *, *, #361, .F. ) ;
#2070 =( NAMED_UNIT ( * ) PLANE_ANGLE_UNIT ( ) SI_UNIT ( $, .RADIAN. ) );
#2071 = DIRECTION ( 'NONE',  ( 1.000000000000000000, 0.000000000000000000, 0.000000000000000000 ) ) ;
#2072 = VERTEX_POINT ( 'NONE', #2035 ) ;
#2073 = LINE ( 'NONE', #8, #158 ) ;
#2074 = CIRCLE ( 'NONE', #539, 0.01000000000000000021 ) ;
#2075 = FACE_OUTER_BOUND ( 'NONE', #551, .T. ) ;
#2076 = CARTESIAN_POINT ( 'NONE',  ( -0.02510662003700159933, -0.03466232424600759754, 0.2160137836320239757 ) ) ;
#2077 = DIRECTION ( 'NONE',  ( 1.000000000000000000, 0.000000000000000000, 5.633679745264349572E-16 ) ) ;
#2078 = DIRECTION ( 'NONE',  ( 0.000000000000000000, -0.000000000000000000, -1.000000000000000000 ) ) ;
#2079 = ORIENTED_EDGE ( 'NONE', *, *, #3378, .T. ) ;
#2080 = DIRECTION ( 'NONE',  ( -0.000000000000000000, 1.000000000000000000, 0.000000000000000000 ) ) ;
#2081 = AXIS2_PLACEMENT_3D ( 'NONE', #1349, #211, #1380 ) ;
#2082 = ORIENTED_EDGE ( 'NONE', *, *, #2839, .F. ) ;
#2083 = ORIENTED_EDGE ( 'NONE', *, *, #1952, .F. ) ;
#2084 = LINE ( 'NONE', #2784, #1467 ) ;
#2085 = VECTOR ( 'NONE', #652, 1.000000000000000000 ) ;
#2086 = CARTESIAN_POINT ( 'NONE',  ( -0.01931794490240680215, -0.03246232424600770106, 0.2435137836320240001 ) ) ;
#2087 = CARTESIAN_POINT ( 'NONE',  ( -0.009052329004790167846, -0.03795066769924979738, 0.2136999705620221957 ) ) ;
#2088 = FACE_BOUND ( 'NONE', #2323, .T. ) ;
#2089 = CARTESIAN_POINT ( 'NONE',  ( -0.01179721896024310199, -0.03466232424600759754, 0.2152506439112099879 ) ) ;
#2090 = CARTESIAN_POINT ( 'NONE',  ( -0.04032830787348859469, -0.03246232424600770106, 0.2217637836320239808 ) ) ;
#2091 = CARTESIAN_POINT ( 'NONE',  ( -0.04479721896024299599, -0.03066232424600760093, 0.2200137836320239793 ) ) ;
#2092 = FACE_BOUND ( 'NONE', #764, .T. ) ;
#2093 = AXIS2_PLACEMENT_3D ( 'NONE', #144, #2146, #3316 ) ;
#2094 = ADVANCED_FACE ( 'NONE', ( #1456 ), #2544, .F. ) ;
#2095 = ORIENTED_EDGE ( 'NONE', *, *, #1437, .T. ) ;
#2096 = EDGE_CURVE ( 'NONE', #2977, #1944, #2941, .T. ) ;
#2097 = CARTESIAN_POINT ( 'NONE',  ( -0.01933311734510530233, -0.03066232424600760093, 0.2220137836320239810 ) ) ;
#2098 = FACE_OUTER_BOUND ( 'NONE', #194, .T. ) ;
#2099 = CARTESIAN_POINT ( 'NONE',  ( -0.02129721896024299940, -0.03066232424600760093, 0.1945137836320239844 ) ) ;
#2100 = DIRECTION ( 'NONE',  ( 0.000000000000000000, -1.000000000000000000, 0.000000000000000000 ) ) ;
#2101 = CARTESIAN_POINT ( 'NONE',  ( -0.01801132057538079936, -0.03466232424600759754, 0.2172506439112099896 ) ) ;
#2102 = VERTEX_POINT ( 'NONE', #2076 ) ;
#2103 = CARTESIAN_POINT ( 'NONE',  ( -0.04279721896024300115, -0.03566232424600759843, 0.2240137836320239828 ) ) ;
#2104 = EDGE_LOOP ( 'NONE', ( #1793, #1114, #2017, #3743 ) ) ;
#2105 = EDGE_LOOP ( 'NONE', ( #3408, #2522, #1159, #1064 ) ) ;
#2106 = CARTESIAN_POINT ( 'NONE',  ( -0.02358664620067810538, -0.03788413243076686754, 0.2117098769046017459 ) ) ;
#2107 = DIRECTION ( 'NONE',  ( 0.4999999999999998890, 0.000000000000000000, -0.8660254037844387076 ) ) ;
#2108 = ORIENTED_EDGE ( 'NONE', *, *, #644, .F. ) ;
#2109 = DIRECTION ( 'NONE',  ( 1.000000000000000000, 0.000000000000000000, 0.000000000000000000 ) ) ;
#2110 = DIRECTION ( 'NONE',  ( 1.000000000000000000, 0.000000000000000000, 7.511572993685800087E-16 ) ) ;
#2111 = CARTESIAN_POINT ( 'NONE',  ( -0.02429576108248059779, -0.03966232424600769912, 0.2128709264891670006 ) ) ;
#2112 = ORIENTED_EDGE ( 'NONE', *, *, #3165, .T. ) ;
#2113 = FACE_OUTER_BOUND ( 'NONE', #2371, .T. ) ;
#2114 = FACE_OUTER_BOUND ( 'NONE', #3382, .T. ) ;
#2115 = EDGE_CURVE ( 'NONE', #2022, #3647, #714, .T. ) ;
#2116 = CYLINDRICAL_SURFACE ( 'NONE', #979, 0.002200000000000000566 ) ;
#2117 = ORIENTED_EDGE ( 'NONE', *, *, #1196, .F. ) ;
#2118 = CARTESIAN_POINT ( 'NONE',  ( -0.01729721896024299932, -0.03066232424600760093, 0.2475137836320239759 ) ) ;
#2119 = EDGE_CURVE ( 'NONE', #2316, #3531, #225, .T. ) ;
#2120 = ORIENTED_EDGE ( 'NONE', *, *, #2840, .F. ) ;
#2121 = FACE_OUTER_BOUND ( 'NONE', #3442, .T. ) ;
#2122 = ORIENTED_EDGE ( 'NONE', *, *, #2328, .F. ) ;
#2123 = DIRECTION ( 'NONE',  ( 1.000000000000000000, 0.000000000000000000, 1.073081856240829922E-16 ) ) ;
#2124 = VECTOR ( 'NONE', #637, 1.000000000000000000 ) ;
#2125 = CARTESIAN_POINT ( 'NONE',  ( -0.01527649301807929884, -0.03246232424600770106, 0.1965137836320239861 ) ) ;
#2126 = VECTOR ( 'NONE', #2511, 1.000000000000000000 ) ;
#2127 = ADVANCED_FACE ( 'NONE', ( #2308 ), #233, .F. ) ;
#2128 = CARTESIAN_POINT ( 'NONE',  ( -0.005157046604364947176, -0.03566232424600759149, 0.2140137836320239739 ) ) ;
#2129 = ORIENTED_EDGE ( 'NONE', *, *, #2349, .F. ) ;
#2130 = PLANE ( 'NONE',  #2816 ) ;
#2131 = EDGE_LOOP ( 'NONE', ( #1088, #1051, #1968, #3703, #2359 ) ) ;
#2132 = CARTESIAN_POINT ( 'NONE',  ( -0.01110302120602955391, -0.03760225392556060253, 0.2114482471776765182 ) ) ;
#2133 = CARTESIAN_POINT ( 'NONE',  ( -0.04279721896024300115, -0.03066232424600760093, 0.2160137836320239757 ) ) ;
#2134 = DIRECTION ( 'NONE',  ( 1.000000000000000000, 0.000000000000000000, 0.000000000000000000 ) ) ;
#2135 = CARTESIAN_POINT ( 'NONE',  ( -0.01729721896024299932, 0.04228996209459180006, 0.2400137836320239970 ) ) ;
#2136 = DIRECTION ( 'NONE',  ( 1.000000000000000000, 0.000000000000000000, 0.000000000000000000 ) ) ;
#2137 = VECTOR ( 'NONE', #3038, 1.000000000000000000 ) ;
#2138 = AXIS2_PLACEMENT_3D ( 'NONE', #3578, #352, #1516 ) ;
#2139 = EDGE_LOOP ( 'NONE', ( #2972, #17, #427, #2240, #447, #1184 ) ) ;
#2140 = ORIENTED_EDGE ( 'NONE', *, *, #473, .F. ) ;
#2141 = EDGE_CURVE ( 'NONE', #1195, #1985, #3457, .T. ) ;
#2142 = EDGE_CURVE ( 'NONE', #3243, #380, #3040, .T. ) ;
#2143 = VECTOR ( 'NONE', #3062, 1.000000000000000000 ) ;
#2144 = DIRECTION ( 'NONE',  ( 1.000000000000000000, 0.000000000000000000, 0.000000000000000000 ) ) ;
#2145 = DIRECTION ( 'NONE',  ( -0.000000000000000000, -1.000000000000000000, -0.000000000000000000 ) ) ;
#2146 = DIRECTION ( 'NONE',  ( 0.000000000000000000, -1.000000000000000000, 0.000000000000000000 ) ) ;
#2147 = VECTOR ( 'NONE', #955, 1.000000000000000000 ) ;
#2148 = DIRECTION ( 'NONE',  ( 0.000000000000000000, -0.000000000000000000, -1.000000000000000000 ) ) ;
#2149 = LINE ( 'NONE', #1280, #2738 ) ;
#2150 = DIRECTION ( 'NONE',  ( 1.000000000000000000, 0.000000000000000000, 1.779203565104419840E-16 ) ) ;
#2151 = AXIS2_PLACEMENT_3D ( 'NONE', #1566, #1254, #3346 ) ;
#2152 = CARTESIAN_POINT ( 'NONE',  ( -0.02329721896024300118, -0.03566232424600759843, 0.2073646729913510012 ) ) ;
#2153 = CARTESIAN_POINT ( 'NONE',  ( -0.02129721896024299940, -0.03066232424600760093, 0.1945137836320239844 ) ) ;
#2154 = DIRECTION ( 'NONE',  ( -0.4999999999999998890, 0.000000000000000000, -0.8660254037844387076 ) ) ;
#2155 = CARTESIAN_POINT ( 'NONE',  ( -0.03729721896024299627, -0.03316232424600759621, 0.2200137836320239793 ) ) ;
#2156 = ORIENTED_EDGE ( 'NONE', *, *, #2677, .T. ) ;
#2157 = ORIENTED_EDGE ( 'NONE', *, *, #2281, .T. ) ;
#2158 = CARTESIAN_POINT ( 'NONE',  ( -0.01027437592094320069, -0.03962206974017400130, 0.2271328308360480164 ) ) ;
#2159 = EDGE_CURVE ( 'NONE', #2856, #380, #1402, .T. ) ;
#2160 = EDGE_CURVE ( 'NONE', #512, #1415, #1156, .T. ) ;
#2161 = CARTESIAN_POINT ( 'NONE',  ( -0.007499259989110519491, -0.03654856314307609877, 0.2140137836320240017 ) ) ;
#2162 = LINE ( 'NONE', #1837, #2636 ) ;
#2163 = VERTEX_POINT ( 'NONE', #3166 ) ;
#2164 = EDGE_CURVE ( 'NONE', #1880, #3384, #2498, .T. ) ;
#2165 = DIRECTION ( 'NONE',  ( 0.000000000000000000, -1.000000000000000000, 0.000000000000000000 ) ) ;
#2166 = CARTESIAN_POINT ( 'NONE',  ( -0.01329721896024309985, -0.03566232424600759843, 0.1925137836320239826 ) ) ;
#2167 = LINE ( 'NONE', #3334, #2085 ) ;
#2168 = DIRECTION ( 'NONE',  ( -0.4999999999999998890, 0.000000000000000000, 0.8660254037844387076 ) ) ;
#2169 = CARTESIAN_POINT ( 'NONE',  ( -0.01737751865587182018, -0.03566232424600759843, 0.2399653122717736731 ) ) ;
#2170 = EDGE_CURVE ( 'NONE', #1964, #3653, #541, .T. ) ;
#2171 = ORIENTED_EDGE ( 'NONE', *, *, #2510, .T. ) ;
#2172 = FACE_BOUND ( 'NONE', #2000, .T. ) ;
#2173 = ORIENTED_EDGE ( 'NONE', *, *, #2526, .F. ) ;
#2174 = ORIENTED_EDGE ( 'NONE', *, *, #185, .T. ) ;
#2175 = CIRCLE ( 'NONE', #896, 0.004000000000000000083 ) ;
#2176 = CARTESIAN_POINT ( 'NONE',  ( 0.004723506981920630454, -0.03316232424600759621, 0.2235137836320239824 ) ) ;
#2177 = CARTESIAN_POINT ( 'NONE',  ( -0.03527649301807939813, -0.03246232424600770106, 0.2235137836320239824 ) ) ;
#2178 = VECTOR ( 'NONE', #733, 1.000000000000000000 ) ;
#2179 = ORIENTED_EDGE ( 'NONE', *, *, #3478, .F. ) ;
#2180 = LINE ( 'NONE', #1609, #3364 ) ;
#2181 = VECTOR ( 'NONE', #956, 1.000000000000000000 ) ;
#2182 = ADVANCED_FACE ( 'NONE', ( #258 ), #2020, .F. ) ;
#2183 = EDGE_CURVE ( 'NONE', #1310, #1022, #3498, .T. ) ;
#2184 = DIRECTION ( 'NONE',  ( -0.4999999999999998890, 0.000000000000000000, -0.8660254037844387076 ) ) ;
#2185 = DIRECTION ( 'NONE',  ( 0.4999999999999998890, 0.000000000000000000, 0.8660254037844387076 ) ) ;
#2186 = CARTESIAN_POINT ( 'NONE',  ( -0.03729721896024299627, -0.03066232424600760093, 0.2200137836320239793 ) ) ;
#2187 = CARTESIAN_POINT ( 'NONE',  ( -0.01454721896024310096, -0.05366232424600769768, 0.2152506439112099879 ) ) ;
#2188 = EDGE_LOOP ( 'NONE', ( #3443, #3476 ) ) ;
#2189 = CARTESIAN_POINT ( 'NONE',  ( -0.01729721896024299932, -0.03566232424600759843, 0.2200137836320239793 ) ) ;
#2190 = CARTESIAN_POINT ( 'NONE',  ( -0.02348849572494082424, -0.03759422829024412077, 0.2114398842240402254 ) ) ;
#2191 = ORIENTED_EDGE ( 'NONE', *, *, #2648, .T. ) ;
#2192 = ORIENTED_EDGE ( 'NONE', *, *, #1130, .F. ) ;
#2193 = CIRCLE ( 'NONE', #3298, 0.002749999999999998973 ) ;
#2194 = AXIS2_PLACEMENT_3D ( 'NONE', #1983, #2863, #232 ) ;
#2195 = PLANE ( 'NONE',  #836 ) ;
#2196 = VERTEX_POINT ( 'NONE', #1656 ) ;
#2197 = CARTESIAN_POINT ( 'NONE',  ( -0.02329721896024300118, -0.03566232424600759843, 0.2326628942726980120 ) ) ;
#2198 = AXIS2_PLACEMENT_3D ( 'NONE', #3454, #1919, #3391 ) ;
#2199 = CLOSED_SHELL ( 'NONE', ( #3634, #1604, #3571, #2127, #703, #95, #3452, #2673, #10, #2067, #1995, #2515, #2303, #3430, #35, #3240, #547, #1320, #1131, #1387, #3118, #1996, #1150, #3239, #1720, #3200, #3117, #1157, #880, #2398, #1475, #2821, #662, #1554, #2255, #1646, #2794, #2938, #804, #238, #1807, #2845, #513, #693, #948, #918, #298, #546, #210, #2404, #1165, #2743, #2527, #2465, #2749, #1599, #1540, #140, #1808, #2549, #1873, #1715, #1225, #3330, #663, #1194, #588, #3614, #2985, #2280, #593, #2094, #879, #1688, #2042, #2789, #3656, #520, #2353, #1623, #989, #1454, #193, #684, #1625, #1905, #3759, #1453, #1645, #286, #3753, #1207, #1476, #1360, #239, #1061, #313, #162, #244, #285, #3410, #58, #1292, #1411, #3682, #3093, #2442, #3504, #3145, #2894, #1242, #2962, #1881, #2446, #2182, #403 ) ) ;
#2200 = CIRCLE ( 'NONE', #1041, 0.01400000000000000029 ) ;
#2201 = LINE ( 'NONE', #822, #2440 ) ;
#2202 = DIRECTION ( 'NONE',  ( 0.000000000000000000, 0.000000000000000000, -1.000000000000000000 ) ) ;
#2203 = CYLINDRICAL_SURFACE ( 'NONE', #432, 0.002200000000000000566 ) ;
#2204 = DIRECTION ( 'NONE',  ( -1.779203565104409733E-16, 0.000000000000000000, 1.000000000000000000 ) ) ;
#2205 = EDGE_CURVE ( 'NONE', #196, #2867, #2669, .T. ) ;
#2206 = EDGE_CURVE ( 'NONE', #1364, #1483, #791, .T. ) ;
#2207 = CARTESIAN_POINT ( 'NONE',  ( -0.02444007610310020007, -0.03966232424600769912, 0.2270123257542619732 ) ) ;
#2208 = DIRECTION ( 'NONE',  ( 0.000000000000000000, 1.000000000000000000, 0.000000000000000000 ) ) ;
#2209 = DIRECTION ( 'NONE',  ( 1.000000000000000000, 0.000000000000000000, 0.000000000000000000 ) ) ;
#2210 = CARTESIAN_POINT ( 'NONE',  ( -0.02683807513496394570, -0.03672536841234005228, 0.2260137836320241234 ) ) ;
#2211 = CARTESIAN_POINT ( 'NONE',  ( -0.02729721896024309841, -0.03066232424600760093, 0.2200137836320239793 ) ) ;
#2212 = VERTEX_POINT ( 'NONE', #1965 ) ;
#2213 = VERTEX_POINT ( 'NONE', #2270 ) ;
#2214 = FACE_OUTER_BOUND ( 'NONE', #817, .T. ) ;
#2215 = DIRECTION ( 'NONE',  ( 0.4999999999999998890, 0.000000000000000000, -0.8660254037844387076 ) ) ;
#2216 = VERTEX_POINT ( 'NONE', #3131 ) ;
#2217 = CARTESIAN_POINT ( 'NONE',  ( -0.01729721896024299932, -0.03246232424600770106, 0.2435137836320240001 ) ) ;
#2218 = CARTESIAN_POINT ( 'NONE',  ( -0.02279721896024300073, -0.03466232424600759754, 0.2160137836320239757 ) ) ;
#2219 = LINE ( 'NONE', #3407, #2696 ) ;
#2220 = ORIENTED_EDGE ( 'NONE', *, *, #1872, .F. ) ;
#2221 = ORIENTED_EDGE ( 'NONE', *, *, #2302, .F. ) ;
#2222 = LINE ( 'NONE', #1633, #1506 ) ;
#2223 = CARTESIAN_POINT ( 'NONE',  ( -0.02444007610310020007, -0.03966232424600769912, 0.2270123257542619732 ) ) ;
#2224 = FACE_OUTER_BOUND ( 'NONE', #2382, .T. ) ;
#2225 = CARTESIAN_POINT ( 'NONE',  ( 0.000000000000000000, 0.000000000000000000, 0.000000000000000000 ) ) ;
#2226 = EDGE_CURVE ( 'NONE', #2263, #1195, #1922, .T. ) ;
#2227 = CARTESIAN_POINT ( 'NONE',  ( -0.02579693069039015740, -0.03766154677236221993, 0.2262202706404936037 ) ) ;
#2228 = VERTEX_POINT ( 'NONE', #1673 ) ;
#2229 = ORIENTED_EDGE ( 'NONE', *, *, #2281, .F. ) ;
#2230 = ORIENTED_EDGE ( 'NONE', *, *, #1386, .T. ) ;
#2231 = EDGE_CURVE ( 'NONE', #2363, #891, #854, .T. ) ;
#2232 = FACE_OUTER_BOUND ( 'NONE', #278, .T. ) ;
#2233 = DIRECTION ( 'NONE',  ( 0.000000000000000000, 1.000000000000000000, 0.000000000000000000 ) ) ;
#2234 = ORIENTED_EDGE ( 'NONE', *, *, #848, .T. ) ;
#2235 = DIRECTION ( 'NONE',  ( 1.000000000000000000, 0.000000000000000000, 0.000000000000000000 ) ) ;
#2236 = LINE ( 'NONE', #801, #833 ) ;
#2237 = DIRECTION ( 'NONE',  ( -0.000000000000000000, -1.000000000000000000, -0.000000000000000000 ) ) ;
#2238 = ORIENTED_EDGE ( 'NONE', *, *, #2596, .F. ) ;
#2239 = AXIS2_PLACEMENT_3D ( 'NONE', #3066, #3335, #3083 ) ;
#2240 = ORIENTED_EDGE ( 'NONE', *, *, #2869, .F. ) ;
#2241 = LINE ( 'NONE', #2824, #1012 ) ;
#2242 = AXIS2_PLACEMENT_3D ( 'NONE', #1214, #639, #3253 ) ;
#2243 = CARTESIAN_POINT ( 'NONE',  ( -0.01729721896024299932, -0.03246232424600770106, 0.2400137836320239970 ) ) ;
#2244 = LINE ( 'NONE', #750, #156 ) ;
#2245 = VERTEX_POINT ( 'NONE', #174 ) ;
#2246 = AXIS2_PLACEMENT_3D ( 'NONE', #1259, #1857, #1592 ) ;
#2247 = EDGE_LOOP ( 'NONE', ( #32, #1841 ) ) ;
#2248 = DIRECTION ( 'NONE',  ( 0.4999999999999998890, 0.000000000000000000, 0.8660254037844387076 ) ) ;
#2249 = ORIENTED_EDGE ( 'NONE', *, *, #473, .T. ) ;
#2250 = EDGE_LOOP ( 'NONE', ( #877, #647, #1732, #231 ) ) ;
#2251 = LINE ( 'NONE', #3423, #713 ) ;
#2252 = ORIENTED_EDGE ( 'NONE', *, *, #2422, .T. ) ;
#2253 = EDGE_CURVE ( 'NONE', #1549, #52, #173, .T. ) ;
#2254 = ORIENTED_EDGE ( 'NONE', *, *, #1083, .T. ) ;
#2255 = ADVANCED_FACE ( 'NONE', ( #3440 ), #812, .T. ) ;
#2256 = FACE_OUTER_BOUND ( 'NONE', #3361, .T. ) ;
#2257 = CARTESIAN_POINT ( 'NONE',  ( -0.02129721896024299940, -0.03066232424600760093, 0.2455137836320240019 ) ) ;
#2258 = VECTOR ( 'NONE', #2912, 1.000000000000000000 ) ;
#2259 = APPLICATION_CONTEXT ( 'automotive_design' ) ;
#2261 = ORIENTED_EDGE ( 'NONE', *, *, #3547, .F. ) ;
#2260 = AXIS2_PLACEMENT_3D ( 'NONE', #519, #2864, #1691 ) ;
#2262 = DIRECTION ( 'NONE',  ( 0.000000000000000000, 0.000000000000000000, -1.000000000000000000 ) ) ;
#2263 = VERTEX_POINT ( 'NONE', #2682 ) ;
#2264 = AXIS2_PLACEMENT_3D ( 'NONE', #923, #2341, #1511 ) ;
#2265 = PLANE ( 'NONE',  #646 ) ;
#2266 = DIRECTION ( 'NONE',  ( 0.000000000000000000, 0.000000000000000000, -1.000000000000000000 ) ) ;
#2267 = CARTESIAN_POINT ( 'NONE',  ( -0.01096919261760077348, -0.03798859641010339516, 0.2282253773271759878 ) ) ;
#2268 = EDGE_LOOP ( 'NONE', ( #1493, #1753, #1191, #732 ) ) ;
#2269 = VECTOR ( 'NONE', #3565, 1.000000000000000000 ) ;
#2270 = CARTESIAN_POINT ( 'NONE',  ( -0.01527649301807939945, -0.03316232424600759621, 0.2435137836320240001 ) ) ;
#2271 = VERTEX_POINT ( 'NONE', #921 ) ;
#2272 = ORIENTED_EDGE ( 'NONE', *, *, #3124, .F. ) ;
#2273 = ORIENTED_EDGE ( 'NONE', *, *, #3267, .F. ) ;
#2274 = CARTESIAN_POINT ( 'NONE',  ( -0.01022486199203980102, -0.03954156905908690067, 0.2270861406002269989 ) ) ;
#2275 = AXIS2_PLACEMENT_3D ( 'NONE', #2757, #89, #1050 ) ;
#2276 = VERTEX_POINT ( 'NONE', #2046 ) ;
#2277 = CARTESIAN_POINT ( 'NONE',  ( -0.03509721896024299570, -0.03246232424600770106, 0.2200137836320239793 ) ) ;
#2278 = CARTESIAN_POINT ( 'NONE',  ( -0.02129721896024299940, -0.03066232424600760093, 0.2475137836320239759 ) ) ;
#2279 = UNCERTAINTY_MEASURE_WITH_UNIT (LENGTH_MEASURE( 1.000000000000000082E-05 ), #1470, 'distance_accuracy_value', 'NONE');
#2280 = ADVANCED_FACE ( 'NONE', ( #1448 ), #3201, .F. ) ;
#2281 = EDGE_CURVE ( 'NONE', #2216, #1971, #2638, .T. ) ;
#2282 = CARTESIAN_POINT ( 'NONE',  ( -0.0003283078734885970041, -0.03246232424600770106, 0.2217637836320239808 ) ) ;
#2283 = ORIENTED_EDGE ( 'NONE', *, *, #827, .T. ) ;
#2284 = EDGE_CURVE ( 'NONE', #1642, #3462, #252, .T. ) ;
#2285 = DIRECTION ( 'NONE',  ( 0.000000000000000000, -1.000000000000000000, 0.000000000000000000 ) ) ;
#2286 = DIRECTION ( 'NONE',  ( 0.000000000000000000, 0.000000000000000000, -1.000000000000000000 ) ) ;
#2287 = CARTESIAN_POINT ( 'NONE',  ( -0.02441626616426460089, -0.03962206974017629807, 0.2270366266713259862 ) ) ;
#2288 = DIRECTION ( 'NONE',  ( 0.8660254037844387076, 0.000000000000000000, 0.4999999999999998890 ) ) ;
#2289 = EDGE_CURVE ( 'NONE', #3516, #2718, #1226, .T. ) ;
#2290 = ORIENTED_EDGE ( 'NONE', *, *, #3548, .F. ) ;
#2291 = ORIENTED_EDGE ( 'NONE', *, *, #1828, .F. ) ;
#2292 = ORIENTED_EDGE ( 'NONE', *, *, #449, .F. ) ;
#2293 = PLANE ( 'NONE',  #1638 ) ;
#2294 = ORIENTED_EDGE ( 'NONE', *, *, #2704, .F. ) ;
#2295 = ORIENTED_EDGE ( 'NONE', *, *, #267, .T. ) ;
#2296 = CARTESIAN_POINT ( 'NONE',  ( -0.01933311734510530233, -0.03466232424600759754, 0.2180137836320239775 ) ) ;
#2297 = FACE_OUTER_BOUND ( 'NONE', #2717, .T. ) ;
#2298 = DIRECTION ( 'NONE',  ( 0.000000000000000000, -1.000000000000000000, 0.000000000000000000 ) ) ;
#2299 = ORIENTED_EDGE ( 'NONE', *, *, #827, .F. ) ;
#2300 = CARTESIAN_POINT ( 'NONE',  ( -0.01129721896024310154, -0.03066232424600760093, 0.1945137836320239844 ) ) ;
#2301 = PLANE ( 'NONE',  #2198 ) ;
#2302 = EDGE_CURVE ( 'NONE', #1651, #1861, #1647, .T. ) ;
#2303 = ADVANCED_FACE ( 'NONE', ( #864 ), #61, .F. ) ;
#2304 = AXIS2_PLACEMENT_3D ( 'NONE', #1368, #3709, #3321 ) ;
#2305 = CARTESIAN_POINT ( 'NONE',  ( -0.02436957592844640058, -0.03954156905908699782, 0.2270861406002269989 ) ) ;
#2306 = VERTEX_POINT ( 'NONE', #3277 ) ;
#2307 = VECTOR ( 'NONE', #1499, 1.000000000000000000 ) ;
#2308 = FACE_OUTER_BOUND ( 'NONE', #2268, .T. ) ;
#2309 = ORIENTED_EDGE ( 'NONE', *, *, #2671, .F. ) ;
#2310 = EDGE_LOOP ( 'NONE', ( #1966, #177 ) ) ;
#2311 = CARTESIAN_POINT ( 'NONE',  ( -0.01325576707591570071, -0.03246232424600770106, 0.2400137836320239970 ) ) ;
#2312 = VECTOR ( 'NONE', #926, 1.000000000000000000 ) ;
#2313 = ORIENTED_EDGE ( 'NONE', *, *, #3266, .T. ) ;
#2314 = ORIENTED_EDGE ( 'NONE', *, *, #1084, .F. ) ;
#2315 = DIRECTION ( 'NONE',  ( 1.000000000000000000, 0.000000000000000000, 0.000000000000000000 ) ) ;
#2316 = VERTEX_POINT ( 'NONE', #2089 ) ;
#2317 = VERTEX_POINT ( 'NONE', #1974 ) ;
#2318 = DIRECTION ( 'NONE',  ( 0.8660254037844387076, 0.000000000000000000, 0.4999999999999998890 ) ) ;
#2319 = AXIS2_PLACEMENT_3D ( 'NONE', #305, #2318, #2298 ) ;
#2320 = VECTOR ( 'NONE', #737, 1.000000000000000000 ) ;
#2321 = DIRECTION ( 'NONE',  ( -1.779203565104419840E-16, 0.000000000000000000, 1.000000000000000000 ) ) ;
#2322 = LINE ( 'NONE', #2091, #3176 ) ;
#2323 = EDGE_LOOP ( 'NONE', ( #2846, #2905 ) ) ;
#2324 = VECTOR ( 'NONE', #2165, 1.000000000000000000 ) ;
#2325 = CARTESIAN_POINT ( 'NONE',  ( -0.02279721896024300073, -0.03466232424600759754, 0.2200137836320239793 ) ) ;
#2326 = ORIENTED_EDGE ( 'NONE', *, *, #410, .F. ) ;
#2327 = EDGE_CURVE ( 'NONE', #504, #2488, #1463, .T. ) ;
#2328 = EDGE_CURVE ( 'NONE', #1632, #1163, #882, .T. ) ;
#2329 = DIRECTION ( 'NONE',  ( 0.000000000000000000, 0.000000000000000000, -1.000000000000000000 ) ) ;
#2330 = VECTOR ( 'NONE', #984, 1.000000000000000000 ) ;
#2331 = DIRECTION ( 'NONE',  ( 0.4999999999999998890, 0.000000000000000000, -0.8660254037844387076 ) ) ;
#2332 = VERTEX_POINT ( 'NONE', #840 ) ;
#2333 = CARTESIAN_POINT ( 'NONE',  ( -0.01426613004699749977, -0.03246232424600770106, 0.2382637836320239955 ) ) ;
#2334 = ORIENTED_EDGE ( 'NONE', *, *, #2705, .F. ) ;
#2335 = CARTESIAN_POINT ( 'NONE',  ( -0.03729721896024299627, -0.03246232424600770106, 0.2200137836320239793 ) ) ;
#2336 = LINE ( 'NONE', #973, #2535 ) ;
#2337 = DIRECTION ( 'NONE',  ( 0.000000000000000000, -1.000000000000000000, 0.000000000000000000 ) ) ;
#2338 = CIRCLE ( 'NONE', #681, 0.004000000000000000083 ) ;
#2339 = CARTESIAN_POINT ( 'NONE',  ( -0.009085625265125562081, -0.03798859641014273869, 0.2136857572893665347 ) ) ;
#2340 = CARTESIAN_POINT ( 'NONE',  ( 0.008202781039756950471, -0.03066232424600760093, 0.2240137836320239828 ) ) ;
#2341 = DIRECTION ( 'NONE',  ( 0.000000000000000000, -1.000000000000000000, 0.000000000000000000 ) ) ;
#2342 = DIRECTION ( 'NONE',  ( 0.000000000000000000, -0.000000000000000000, -1.000000000000000000 ) ) ;
#2343 = ORIENTED_EDGE ( 'NONE', *, *, #1833, .T. ) ;
#2344 = CARTESIAN_POINT ( 'NONE',  ( -0.0003283078734885939683, -0.03246232424600770106, 0.2182637836320239777 ) ) ;
#2345 = LINE ( 'NONE', #1497, #670 ) ;
#2346 = DIRECTION ( 'NONE',  ( -0.8660254037844387076, 0.000000000000000000, 0.4999999999999998890 ) ) ;
#2347 = ORIENTED_EDGE ( 'NONE', *, *, #1031, .T. ) ;
#2348 = CARTESIAN_POINT ( 'NONE',  ( -0.01931794490240675011, -0.03316232424600759621, 0.2035137836320239924 ) ) ;
#2349 = EDGE_CURVE ( 'NONE', #618, #1310, #2011, .T. ) ;
#2350 = ORIENTED_EDGE ( 'NONE', *, *, #3424, .T. ) ;
#2351 = ORIENTED_EDGE ( 'NONE', *, *, #2141, .F. ) ;
#2352 = CARTESIAN_POINT ( 'NONE',  ( -0.01729721896024299932, -0.03316232424600759621, 0.1943884545379337692 ) ) ;
#2353 = ADVANCED_FACE ( 'NONE', ( #3215, #3767, #1147, #2088 ), #3297, .F. ) ;
#2354 = EDGE_CURVE ( 'NONE', #3761, #1880, #2681, .T. ) ;
#2355 = DIRECTION ( 'NONE',  ( 1.000000000000000000, 0.000000000000000000, 0.000000000000000000 ) ) ;
#2356 = EDGE_LOOP ( 'NONE', ( #2602, #1044, #3710, #2605, #1067, #1677 ) ) ;
#2357 = CARTESIAN_POINT ( 'NONE',  ( -0.02352333702778247604, -0.03770277242132896722, 0.2284830744911786338 ) ) ;
#2358 = DIRECTION ( 'NONE',  ( 0.4999999999999998890, 0.000000000000000000, 0.8660254037844387076 ) ) ;
#2359 = ORIENTED_EDGE ( 'NONE', *, *, #758, .T. ) ;
#2360 = DIRECTION ( 'NONE',  ( 0.8660254037844387076, 0.000000000000000000, 0.4999999999999998890 ) ) ;
#2361 = DIRECTION ( 'NONE',  ( 0.8660254037844387076, 0.000000000000000000, -0.4999999999999998890 ) ) ;
#2362 = CARTESIAN_POINT ( 'NONE',  ( -0.01729721896024299932, -0.03246232424600770106, 0.2435137836320240001 ) ) ;
#2363 = VERTEX_POINT ( 'NONE', #3406 ) ;
#2364 = CARTESIAN_POINT ( 'NONE',  ( -0.02329721896024300118, -0.03066232424600760093, 0.2102158246608909764 ) ) ;
#2365 = CARTESIAN_POINT ( 'NONE',  ( -0.009036519960970962329, -0.03793275632454243956, 0.2263209655732874026 ) ) ;
#2366 = CIRCLE ( 'NONE', #1811, 0.005625329094090220083 ) ;
#2367 = CARTESIAN_POINT ( 'NONE',  ( -0.02520027074082748994, -0.03835944056113161499, 0.2135379227118525403 ) ) ;
#2368 = ORIENTED_EDGE ( 'NONE', *, *, #3026, .T. ) ;
#2369 = LINE ( 'NONE', #1462, #2307 ) ;
#2370 = VECTOR ( 'NONE', #2136, 1.000000000000000000 ) ;
#2371 = EDGE_LOOP ( 'NONE', ( #1502, #3150, #2608, #2570 ) ) ;
#2372 = ORIENTED_EDGE ( 'NONE', *, *, #2409, .T. ) ;
#2373 = DIRECTION ( 'NONE',  ( -0.000000000000000000, -1.000000000000000000, -0.000000000000000000 ) ) ;
#2374 = AXIS2_PLACEMENT_3D ( 'NONE', #3441, #2037, #3477 ) ;
#2375 = DIRECTION ( 'NONE',  ( 0.000000000000000000, 1.000000000000000000, 0.000000000000000000 ) ) ;
#2376 = CARTESIAN_POINT ( 'NONE',  ( -0.01022486199203970041, -0.03954156905908690067, 0.2270861406002269989 ) ) ;
#2377 = EDGE_CURVE ( 'NONE', #816, #202, #364, .T. ) ;
#2378 = EDGE_CURVE ( 'NONE', #2271, #2513, #2992, .T. ) ;
#2379 = CARTESIAN_POINT ( 'NONE',  ( -0.007756362785615403613, -0.03672536841240408440, 0.2140137836320238907 ) ) ;
#2380 = CARTESIAN_POINT ( 'NONE',  ( -0.01129721896024310154, -0.03654856314307609877, 0.2298117426031570099 ) ) ;
#2381 = CARTESIAN_POINT ( 'NONE',  ( -0.01729721896024299932, -0.03316232424600759621, 0.2000137836320239892 ) ) ;
#2382 = EDGE_LOOP ( 'NONE', ( #90, #3002, #1421, #154 ) ) ;
#2383 = LINE ( 'NONE', #2973, #901 ) ;
#2384 = VECTOR ( 'NONE', #2066, 1.000000000000000000 ) ;
#2385 = CARTESIAN_POINT ( 'NONE',  ( -0.007756322248864984566, -0.03672534053596257508, 0.2260137836320239568 ) ) ;
#2386 = CARTESIAN_POINT ( 'NONE',  ( 0.008202781039756950471, -0.03066232424600760093, 0.2140137836320240017 ) ) ;
#2387 = EDGE_LOOP ( 'NONE', ( #1931, #1430, #2698, #487 ) ) ;
#2388 = LINE ( 'NONE', #1138, #1570 ) ;
#2389 = VECTOR ( 'NONE', #3465, 1.000000000000000000 ) ;
#2390 = AXIS2_PLACEMENT_3D ( 'NONE', #2133, #1820, #3622 ) ;
#2391 = AXIS2_PLACEMENT_3D ( 'NONE', #2243, #788, #2883 ) ;
#2392 = ORIENTED_EDGE ( 'NONE', *, *, #361, .T. ) ;
#2393 = ORIENTED_EDGE ( 'NONE', *, *, #3615, .T. ) ;
#2394 = ORIENTED_EDGE ( 'NONE', *, *, #752, .F. ) ;
#2395 = CARTESIAN_POINT ( 'NONE',  ( -0.02342896458207367749, -0.03739578538708310945, 0.2112431445014685827 ) ) ;
#2396 = DIRECTION ( 'NONE',  ( -0.4999999999999998890, 0.000000000000000000, 0.8660254037844387076 ) ) ;
#2397 = LINE ( 'NONE', #2719, #3783 ) ;
#2398 = ADVANCED_FACE ( 'NONE', ( #3413 ), #479, .T. ) ;
#2399 = VERTEX_POINT ( 'NONE', #2882 ) ;
#2400 = CARTESIAN_POINT ( 'NONE',  ( -0.01685662003700160241, -0.03466232424600759754, 0.2112506439112100121 ) ) ;
#2401 = PLANE ( 'NONE',  #1711 ) ;
#2402 = CARTESIAN_POINT ( 'NONE',  ( -0.01737751865587182018, -0.03316232424600759621, 0.2343399831776834530 ) ) ;
#2403 = ORIENTED_EDGE ( 'NONE', *, *, #2327, .F. ) ;
#2404 = ADVANCED_FACE ( 'NONE', ( #922 ), #324, .F. ) ;
#2405 = CARTESIAN_POINT ( 'NONE',  ( -0.02129721896024299940, -0.03066232424600760093, 0.1925137836320239826 ) ) ;
#2406 = CARTESIAN_POINT ( 'NONE',  ( -0.02606508994149530842, -0.03735673833815166683, 0.2139199846548328066 ) ) ;
#2407 = ORIENTED_EDGE ( 'NONE', *, *, #3398, .F. ) ;
#2408 = DIRECTION ( 'NONE',  ( 0.000000000000000000, -1.000000000000000000, 0.000000000000000000 ) ) ;
#2409 = EDGE_CURVE ( 'NONE', #2692, #3362, #802, .T. ) ;
#2410 = ORIENTED_EDGE ( 'NONE', *, *, #2771, .T. ) ;
#2411 = CARTESIAN_POINT ( 'NONE',  ( -0.01509721896024299875, -0.03066232424600760093, 0.2000137836320239892 ) ) ;
#2412 = ORIENTED_EDGE ( 'NONE', *, *, #2289, .F. ) ;
#2413 = CARTESIAN_POINT ( 'NONE',  ( -0.02360678430012446219, -0.03793919004378536880, 0.2117587753701132003 ) ) ;
#2414 = LINE ( 'NONE', #3294, #776 ) ;
#2415 = DIRECTION ( 'NONE',  ( -0.4999999999999998890, 0.000000000000000000, 0.8660254037844387076 ) ) ;
#2416 = EDGE_LOOP ( 'NONE', ( #2157, #3581, #1399, #3310 ) ) ;
#2417 = FACE_OUTER_BOUND ( 'NONE', #3198, .T. ) ;
#2418 = ORIENTED_EDGE ( 'NONE', *, *, #3015, .F. ) ;
#2419 = CARTESIAN_POINT ( 'NONE',  ( -0.02329721896024300118, -0.03066232424600760093, 0.1945137836320239844 ) ) ;
#2420 = DIRECTION ( 'NONE',  ( 1.000000000000000000, 0.000000000000000000, 0.000000000000000000 ) ) ;
#2421 = DIRECTION ( 'NONE',  ( 0.000000000000000000, 1.000000000000000000, 0.000000000000000000 ) ) ;
#2422 = EDGE_CURVE ( 'NONE', #2427, #1964, #28, .T. ) ;
#2423 = EDGE_CURVE ( 'NONE', #696, #2692, #2762, .T. ) ;
#2424 = LINE ( 'NONE', #1016, #2876 ) ;
#2425 = DIRECTION ( 'NONE',  ( 0.000000000000000000, -1.000000000000000000, 0.000000000000000000 ) ) ;
#2426 = ORIENTED_EDGE ( 'NONE', *, *, #899, .T. ) ;
#2427 = VERTEX_POINT ( 'NONE', #907 ) ;
#2428 = VECTOR ( 'NONE', #2421, 1.000000000000000000 ) ;
#2429 = CARTESIAN_POINT ( 'NONE',  ( -0.04279721896024300115, -0.03066232424600760093, 0.2140137836320240017 ) ) ;
#2430 = DIRECTION ( 'NONE',  ( -0.4999999999999998890, 0.000000000000000000, -0.8660254037844387076 ) ) ;
#2431 = AXIS2_PLACEMENT_3D ( 'NONE', #1367, #2551, #450 ) ;
#2432 = ORIENTED_EDGE ( 'NONE', *, *, #3379, .T. ) ;
#2433 = DIRECTION ( 'NONE',  ( -0.000000000000000000, 1.000000000000000000, 0.000000000000000000 ) ) ;
#2434 = LINE ( 'NONE', #2639, #2733 ) ;
#2435 = CARTESIAN_POINT ( 'NONE',  ( -0.03949721896024299683, 0.04228996209459180006, 0.2200137836320239793 ) ) ;
#2436 = FACE_BOUND ( 'NONE', #603, .T. ) ;
#2437 = DIRECTION ( 'NONE',  ( 0.000000000000000000, -1.000000000000000000, 0.000000000000000000 ) ) ;
#2438 = LINE ( 'NONE', #1596, #2613 ) ;
#2439 = DIRECTION ( 'NONE',  ( -0.4999999999999998890, 0.000000000000000000, 0.8660254037844387076 ) ) ;
#2440 = VECTOR ( 'NONE', #1664, 1.000000000000000000 ) ;
#2441 = EDGE_CURVE ( 'NONE', #770, #504, #2038, .T. ) ;
#2442 = ADVANCED_FACE ( 'NONE', ( #1158 ), #2054, .F. ) ;
#2443 = VECTOR ( 'NONE', #3686, 1.000000000000000000 ) ;
#2444 = ORIENTED_EDGE ( 'NONE', *, *, #933, .T. ) ;
#2445 = EDGE_LOOP ( 'NONE', ( #414, #2234, #660, #526 ) ) ;
#2446 = ADVANCED_FACE ( 'NONE', ( #3558, #3499 ), #3251, .T. ) ;
#2447 = VECTOR ( 'NONE', #394, 1.000000000000000000 ) ;
#2448 = VERTEX_POINT ( 'NONE', #583 ) ;
#2449 = VECTOR ( 'NONE', #167, 1.000000000000000000 ) ;
#2450 = DIRECTION ( 'NONE',  ( 0.000000000000000000, -1.000000000000000000, 0.000000000000000000 ) ) ;
#2451 = EDGE_CURVE ( 'NONE', #3513, #912, #2345, .T. ) ;
#2452 = LINE ( 'NONE', #996, #2324 ) ;
#2453 = CARTESIAN_POINT ( 'NONE',  ( -0.01098476289755488319, -0.03794701196769061785, 0.2117656716762775226 ) ) ;
#2454 = PLANE ( 'NONE',  #3057 ) ;
#2455 = AXIS2_PLACEMENT_3D ( 'NONE', #743, #669, #2775 ) ;
#2456 = CARTESIAN_POINT ( 'NONE',  ( -0.03729721896024299627, -0.03566232424600759843, 0.2200137836320239793 ) ) ;
#2457 = DIRECTION ( 'NONE',  ( -1.000000000000000000, 0.000000000000000000, -1.073081856240829922E-16 ) ) ;
#2458 = ORIENTED_EDGE ( 'NONE', *, *, #3641, .T. ) ;
#2459 = FACE_BOUND ( 'NONE', #3746, .T. ) ;
#2460 = ORIENTED_EDGE ( 'NONE', *, *, #3331, .T. ) ;
#2461 = ORIENTED_EDGE ( 'NONE', *, *, #527, .T. ) ;
#2462 = DIRECTION ( 'NONE',  ( -1.000000000000000000, 0.000000000000000000, 0.000000000000000000 ) ) ;
#2463 = EDGE_CURVE ( 'NONE', #936, #2276, #2628, .T. ) ;
#2464 = ORIENTED_EDGE ( 'NONE', *, *, #386, .T. ) ;
#2465 = ADVANCED_FACE ( 'NONE', ( #3268 ), #1770, .F. ) ;
#2466 = CARTESIAN_POINT ( 'NONE',  ( -0.01129721896024310154, -0.03066232424600760093, 0.2298117426031570099 ) ) ;
#2467 = ORIENTED_EDGE ( 'NONE', *, *, #3022, .T. ) ;
#2468 = LINE ( 'NONE', #3636, #1405 ) ;
#2469 = DIRECTION ( 'NONE',  ( 1.000000000000000000, 0.000000000000000000, 0.000000000000000000 ) ) ;
#2470 = CARTESIAN_POINT ( 'NONE',  ( -0.02626132057538079975, -0.03466232424600759754, 0.2180137836320239775 ) ) ;
#2471 = CARTESIAN_POINT ( 'NONE',  ( -0.01108311734510530021, -0.03466232424600759754, 0.2132506439112100138 ) ) ;
#2472 = DIRECTION ( 'NONE',  ( 0.000000000000000000, -1.000000000000000000, 0.000000000000000000 ) ) ;
#2473 = DIRECTION ( 'NONE',  ( 0.000000000000000000, -1.000000000000000000, 0.000000000000000000 ) ) ;
#2474 = CARTESIAN_POINT ( 'NONE',  ( -0.02329721896024300465, -0.03671931372231966584, 0.2104641229813838110 ) ) ;
#2475 = ORIENTED_EDGE ( 'NONE', *, *, #2378, .F. ) ;
#2476 = EDGE_LOOP ( 'NONE', ( #3460, #3099 ) ) ;
#2477 = CARTESIAN_POINT ( 'NONE',  ( -0.01329721896024309985, -0.03066232424600760093, 0.1925137836320239826 ) ) ;
#2478 = ORIENTED_EDGE ( 'NONE', *, *, #3591, .F. ) ;
#2479 = AXIS2_PLACEMENT_3D ( 'NONE', #782, #3155, #1950 ) ;
#2480 = CARTESIAN_POINT ( 'NONE',  ( -0.007499259989110439693, -0.03566232424600759843, 0.2260137836320239846 ) ) ;
#2481 = DIRECTION ( 'NONE',  ( -1.000000000000000000, 0.000000000000000000, 0.000000000000000000 ) ) ;
#2482 = EDGE_CURVE ( 'NONE', #2718, #1333, #2645, .T. ) ;
#2483 = EDGE_CURVE ( 'NONE', #770, #1986, #930, .T. ) ;
#2484 = VECTOR ( 'NONE', #3056, 1.000000000000000000 ) ;
#2485 = ORIENTED_EDGE ( 'NONE', *, *, #468, .T. ) ;
#2486 = DIRECTION ( 'NONE',  ( 0.000000000000000000, -1.000000000000000000, 0.000000000000000000 ) ) ;
#2487 = DIRECTION ( 'NONE',  ( 0.4999999999999998890, 0.000000000000000000, 0.8660254037844387076 ) ) ;
#2488 = VERTEX_POINT ( 'NONE', #2386 ) ;
#2489 = LINE ( 'NONE', #1000, #40 ) ;
#2490 = DIRECTION ( 'NONE',  ( -1.779203565104419840E-16, 0.000000000000000000, 1.000000000000000000 ) ) ;
#2491 = EDGE_LOOP ( 'NONE', ( #1888, #2848, #2655, #2467 ) ) ;
#2492 = CARTESIAN_POINT ( 'NONE',  ( -0.02709517793137580094, -0.03066232424600760093, 0.2260137836320239846 ) ) ;
#2493 = PLANE ( 'NONE',  #3307 ) ;
#2494 = CARTESIAN_POINT ( 'NONE',  ( -0.02554210891569543701, -0.03795066769925053290, 0.2263275967020260127 ) ) ;
#2495 = ORIENTED_EDGE ( 'NONE', *, *, #2354, .T. ) ;
#2496 = EDGE_LOOP ( 'NONE', ( #1104, #2290, #2229, #785, #3291, #62 ) ) ;
#2497 = AXIS2_PLACEMENT_3D ( 'NONE', #2217, #1391, #3693 ) ;
#2498 = CIRCLE ( 'NONE', #2260, 0.002000000000000000042 ) ;
#2499 = DIRECTION ( 'NONE',  ( 0.000000000000000000, -1.000000000000000000, 0.000000000000000000 ) ) ;
#2500 = CARTESIAN_POINT ( 'NONE',  ( -0.01329721896024309985, -0.03066232424600760093, 0.2475137836320239759 ) ) ;
#2501 = DIRECTION ( 'NONE',  ( -0.4999999999999998890, 0.000000000000000000, 0.8660254037844387076 ) ) ;
#2502 = AXIS2_PLACEMENT_3D ( 'NONE', #2381, #2919, #561 ) ;
#2503 = AXIS2_PLACEMENT_3D ( 'NONE', #3638, #3351, #727 ) ;
#2504 = VECTOR ( 'NONE', #491, 1.000000000000000000 ) ;
#2505 = CARTESIAN_POINT ( 'NONE',  ( -0.01729721896024299932, -0.03566232424600759843, 0.2000137836320239892 ) ) ;
#2506 = EDGE_CURVE ( 'NONE', #1752, #2692, #636, .T. ) ;
#2507 = FACE_OUTER_BOUND ( 'NONE', #2039, .T. ) ;
#2508 = CARTESIAN_POINT ( 'NONE',  ( -0.02329721896024300118, -0.03654856314307609877, 0.2298117426031570099 ) ) ;
#2509 = CARTESIAN_POINT ( 'NONE',  ( -0.02329721896024300118, -0.03603998061771995082, 0.2093431853324690672 ) ) ;
#2510 = EDGE_CURVE ( 'NONE', #1675, #1752, #3786, .T. ) ;
#2511 = DIRECTION ( 'NONE',  ( 0.000000000000000000, -1.000000000000000000, 0.000000000000000000 ) ) ;
#2512 = CARTESIAN_POINT ( 'NONE',  ( -0.02479920742068329742, -0.03888219488101110621, 0.2267307844692938723 ) ) ;
#2513 = VERTEX_POINT ( 'NONE', #950 ) ;
#2514 = ORIENTED_EDGE ( 'NONE', *, *, #2939, .T. ) ;
#2515 = ADVANCED_FACE ( 'NONE', ( #2691 ), #2116, .F. ) ;
#2516 = CARTESIAN_POINT ( 'NONE',  ( -0.01129721896024310154, -0.03566232424600759843, 0.2326628942726980120 ) ) ;
#2517 = VERTEX_POINT ( 'NONE', #2207 ) ;
#2518 = LINE ( 'NONE', #2480, #910 ) ;
#2519 = LINE ( 'NONE', #2278, #927 ) ;
#2520 = CARTESIAN_POINT ( 'NONE',  ( -0.04032830787348859469, -0.03246232424600770106, 0.2217637836320239808 ) ) ;
#2521 = ORIENTED_EDGE ( 'NONE', *, *, #3164, .T. ) ;
#2522 = ORIENTED_EDGE ( 'NONE', *, *, #430, .T. ) ;
#2523 = LINE ( 'NONE', #787, #3769 ) ;
#2524 = CARTESIAN_POINT ( 'NONE',  ( -0.02709517793137580094, -0.03066232424600760093, 0.2300137836320239881 ) ) ;
#2525 = CARTESIAN_POINT ( 'NONE',  ( -0.01116826487507847909, -0.03739923618589119370, 0.2287721206794153250 ) ) ;
#2526 = EDGE_CURVE ( 'NONE', #908, #3625, #2438, .T. ) ;
#2527 = ADVANCED_FACE ( 'NONE', ( #97 ), #3336, .F. ) ;
#2528 = ORIENTED_EDGE ( 'NONE', *, *, #2441, .T. ) ;
#2529 = ORIENTED_EDGE ( 'NONE', *, *, #814, .T. ) ;
#2530 = ORIENTED_EDGE ( 'NONE', *, *, #2802, .T. ) ;
#2531 = CARTESIAN_POINT ( 'NONE',  ( 0.0004527810397569399553, -0.03066232424600760093, 0.2140137836320240017 ) ) ;
#2532 = ORIENTED_EDGE ( 'NONE', *, *, #3776, .T. ) ;
#2533 = CARTESIAN_POINT ( 'NONE',  ( -0.01685662003700160241, -0.03466232424600759754, 0.2112506439112100121 ) ) ;
#2534 = CARTESIAN_POINT ( 'NONE',  ( -0.02004721896024300176, -0.1117833592535820014, 0.2200137836320239793 ) ) ;
#2535 = VECTOR ( 'NONE', #1267, 1.000000000000000000 ) ;
#2536 = FACE_OUTER_BOUND ( 'NONE', #566, .T. ) ;
#2537 = ORIENTED_EDGE ( 'NONE', *, *, #899, .F. ) ;
#2538 = CIRCLE ( 'NONE', #3648, 0.002200000000000000133 ) ;
#2539 = CARTESIAN_POINT ( 'NONE',  ( -0.01527649301807929884, -0.03246232424600770106, 0.2035137836320239924 ) ) ;
#2540 = PLANE ( 'NONE',  #3402 ) ;
#2541 = VECTOR ( 'NONE', #2571, 1.000000000000000000 ) ;
#2542 = FACE_OUTER_BOUND ( 'NONE', #540, .T. ) ;
#2543 = LINE ( 'NONE', #2492, #2793 ) ;
#2544 = TOROIDAL_SURFACE ( 'NONE', #1877, 0.01400000000000000029, 0.004000000000000000083 ) ;
#2545 = DIRECTION ( 'NONE',  ( 1.000000000000000000, 0.000000000000000000, 0.000000000000000000 ) ) ;
#2546 = ORIENTED_EDGE ( 'NONE', *, *, #2164, .T. ) ;
#2547 = VERTEX_POINT ( 'NONE', #1263 ) ;
#2548 = EDGE_LOOP ( 'NONE', ( #872, #1700, #1818, #3688 ) ) ;
#2549 = ADVANCED_FACE ( 'NONE', ( #149 ), #2713, .T. ) ;
#2550 = EDGE_CURVE ( 'NONE', #1658, #443, #2765, .T. ) ;
#2551 = DIRECTION ( 'NONE',  ( 0.000000000000000000, -1.000000000000000000, 0.000000000000000000 ) ) ;
#2552 = ORIENTED_EDGE ( 'NONE', *, *, #1726, .F. ) ;
#2553 = CARTESIAN_POINT ( 'NONE',  ( -0.01729721896024309993, -0.03466232424600759754, 0.2152506439112099879 ) ) ;
#2554 = EDGE_CURVE ( 'NONE', #1180, #2488, #133, .T. ) ;
#2555 = PLANE ( 'NONE',  #3255 ) ;
#2556 = CIRCLE ( 'NONE', #106, 0.002200000000000000133 ) ;
#2557 = DIRECTION ( 'NONE',  ( 0.000000000000000000, 1.000000000000000000, 0.000000000000000000 ) ) ;
#2558 = AXIS2_PLACEMENT_3D ( 'NONE', #3197, #2557, #3175 ) ;
#2559 = CARTESIAN_POINT ( 'NONE',  ( -0.009795230500114824809, -0.03888219488146452824, 0.2132967827945404793 ) ) ;
#2560 = ORIENTED_EDGE ( 'NONE', *, *, #1379, .T. ) ;
#2561 = PRODUCT_RELATED_PRODUCT_CATEGORY ( 'part', '', ( #1525 ) ) ;
#2562 = AXIS2_PLACEMENT_3D ( 'NONE', #942, #3332, #1277 ) ;
#2563 = CARTESIAN_POINT ( 'NONE',  ( -0.01817841680672600130, -0.03066232424600760093, 0.2200137836320239793 ) ) ;
#2564 = DIRECTION ( 'NONE',  ( -0.4999999999999998890, 0.000000000000000000, 0.8660254037844387076 ) ) ;
#2565 = LINE ( 'NONE', #3739, #2603 ) ;
#2566 = CARTESIAN_POINT ( 'NONE',  ( -0.02519522641786731479, -0.03836206950149120137, 0.2264932816550287165 ) ) ;
#2567 = CARTESIAN_POINT ( 'NONE',  ( -0.01454721896024310096, -0.03466232424600759754, 0.2152506439112099879 ) ) ;
#2568 = ORIENTED_EDGE ( 'NONE', *, *, #1608, .F. ) ;
#2569 = VERTEX_POINT ( 'NONE', #3662 ) ;
#2570 = ORIENTED_EDGE ( 'NONE', *, *, #2916, .F. ) ;
#2571 = DIRECTION ( 'NONE',  ( 0.000000000000000000, 1.000000000000000000, 0.000000000000000000 ) ) ;
#2572 = CIRCLE ( 'NONE', #1603, 0.002200000000000000566 ) ;
#2573 = ORIENTED_EDGE ( 'NONE', *, *, #594, .T. ) ;
#2574 = CARTESIAN_POINT ( 'NONE',  ( -0.03931794490240669848, -0.03246232424600770106, 0.2165137836320239761 ) ) ;
#2575 = CARTESIAN_POINT ( 'NONE',  ( -0.02048781788348449928, -0.03466232424600759754, 0.2160137836320239757 ) ) ;
#2576 = EDGE_CURVE ( 'NONE', #3233, #43, #2752, .T. ) ;
#2577 = EDGE_CURVE ( 'NONE', #815, #1155, #1702, .T. ) ;
#2578 = ORIENTED_EDGE ( 'NONE', *, *, #1266, .T. ) ;
#2579 = CARTESIAN_POINT ( 'NONE',  ( -0.02751505316151630839, -0.03625982200856383425, 0.2260137836320240123 ) ) ;
#2580 = ORIENTED_EDGE ( 'NONE', *, *, #77, .T. ) ;
#2581 = PLANE ( 'NONE',  #2668 ) ;
#2582 = DIRECTION ( 'NONE',  ( 0.000000000000000000, 1.000000000000000000, 0.000000000000000000 ) ) ;
#2583 = CARTESIAN_POINT ( 'NONE',  ( -0.01426613004699749977, -0.03316232424600759621, 0.2382637836320239955 ) ) ;
#2584 = DIRECTION ( 'NONE',  ( 0.000000000000000000, -1.000000000000000000, 0.000000000000000000 ) ) ;
#2585 = ORIENTED_EDGE ( 'NONE', *, *, #2159, .T. ) ;
#2586 = ORIENTED_EDGE ( 'NONE', *, *, #3631, .T. ) ;
#2587 = ORIENTED_EDGE ( 'NONE', *, *, #2554, .F. ) ;
#2588 = DIRECTION ( 'NONE',  ( -0.8660254037844387076, 0.000000000000000000, 0.4999999999999998890 ) ) ;
#2589 = CARTESIAN_POINT ( 'NONE',  ( -0.01729721896024299932, -0.03316232424600759621, 0.2056391127261142093 ) ) ;
#2590 = ORIENTED_EDGE ( 'NONE', *, *, #704, .F. ) ;
#2591 = ORIENTED_EDGE ( 'NONE', *, *, #3309, .T. ) ;
#2592 = DIRECTION ( 'NONE',  ( 0.000000000000000000, 0.000000000000000000, -1.000000000000000000 ) ) ;
#2593 = DIRECTION ( 'NONE',  ( 0.8660254037844387076, 0.000000000000000000, -0.4999999999999998890 ) ) ;
#2594 = CARTESIAN_POINT ( 'NONE',  ( -0.008538881912850472197, -0.03739923618588947979, 0.2138848295468592231 ) ) ;
#2595 = VERTEX_POINT ( 'NONE', #1559 ) ;
#2596 = EDGE_CURVE ( 'NONE', #828, #891, #692, .T. ) ;
#2597 = EDGE_CURVE ( 'NONE', #858, #2072, #2424, .T. ) ;
#2598 = CARTESIAN_POINT ( 'NONE',  ( -0.01737751865587182018, -0.03316232424600759621, 0.2399653122717736731 ) ) ;
#2599 = DIRECTION ( 'NONE',  ( 0.4999999999999998890, 0.000000000000000000, -0.8660254037844387076 ) ) ;
#2600 = CIRCLE ( 'NONE', #462, 0.002749999999999998973 ) ;
#2601 = CARTESIAN_POINT ( 'NONE',  ( -0.008018196368456322748, -0.03693111963434153600, 0.2260394752277870289 ) ) ;
#2602 = ORIENTED_EDGE ( 'NONE', *, *, #1090, .F. ) ;
#2603 = VECTOR ( 'NONE', #1118, 1.000000000000000000 ) ;
#2604 = CARTESIAN_POINT ( 'NONE',  ( -0.02547405305547897209, -0.03802878767471765120, 0.2136706699041699686 ) ) ;
#2605 = ORIENTED_EDGE ( 'NONE', *, *, #1371, .F. ) ;
#2606 = DIRECTION ( 'NONE',  ( 1.000000000000000000, 0.000000000000000000, 1.779203565104419840E-16 ) ) ;
#2607 = VECTOR ( 'NONE', #549, 1.000000000000000000 ) ;
#2608 = ORIENTED_EDGE ( 'NONE', *, *, #3641, .F. ) ;
#2609 = CARTESIAN_POINT ( 'NONE',  ( 0.002702781039756940382, -0.03316232424600759621, 0.2200137836320239793 ) ) ;
#2610 = CARTESIAN_POINT ( 'NONE',  ( -0.01729721896024309993, -0.05366232424600769768, 0.2152506439112099879 ) ) ;
#2611 = CARTESIAN_POINT ( 'NONE',  ( 0.0006820550975932470564, -0.03246232424600770106, 0.2235137836320239824 ) ) ;
#2612 = AXIS2_PLACEMENT_3D ( 'NONE', #220, #436, #3368 ) ;
#2613 = VECTOR ( 'NONE', #2457, 1.000000000000000000 ) ;
#2614 = CARTESIAN_POINT ( 'NONE',  ( -0.01129721896024309981, -0.03566232424600759149, 0.2321539559879069459 ) ) ;
#2615 = PLANE ( 'NONE',  #958 ) ;
#2616 = EDGE_CURVE ( 'NONE', #2652, #1394, #969, .T. ) ;
#2617 = EDGE_LOOP ( 'NONE', ( #1425, #857 ) ) ;
#2618 = CARTESIAN_POINT ( 'NONE',  ( -0.02994632960091649782, -0.03566232424600759843, 0.2140137836320240017 ) ) ;
#2619 = CARTESIAN_POINT ( 'NONE',  ( -0.01801132057538079936, -0.03466232424600759754, 0.2172506439112099896 ) ) ;
#2620 = CARTESIAN_POINT ( 'NONE',  ( -0.04133867084457040070, -0.03246232424600770106, 0.2200137836320239793 ) ) ;
#2621 = ORIENTED_EDGE ( 'NONE', *, *, #3022, .F. ) ;
#2622 = DIRECTION ( 'NONE',  ( 0.000000000000000000, 1.000000000000000000, 0.000000000000000000 ) ) ;
#2623 = COLOUR_RGB ( '',0.7921568627450980005, 0.8196078431372548767, 0.9333333333333333481 ) ;
#2624 = CARTESIAN_POINT ( 'NONE',  ( -0.008827928101082880424, -0.03770277242132092504, 0.2262399016995632339 ) ) ;
#2625 = EDGE_CURVE ( 'NONE', #2856, #2924, #3360, .T. ) ;
#2626 = EDGE_CURVE ( 'NONE', #202, #816, #63, .T. ) ;
#2627 = CIRCLE ( 'NONE', #2879, 0.002749999999999998973 ) ;
#2628 = LINE ( 'NONE', #1439, #1588 ) ;
#2629 = ORIENTED_EDGE ( 'NONE', *, *, #2463, .T. ) ;
#2630 = DIRECTION ( 'NONE',  ( 0.000000000000000000, -1.000000000000000000, 0.000000000000000000 ) ) ;
#2631 = VERTEX_POINT ( 'NONE', #986 ) ;
#2632 = VERTEX_POINT ( 'NONE', #3375 ) ;
#2633 = ORIENTED_EDGE ( 'NONE', *, *, #3132, .F. ) ;
#2634 = LINE ( 'NONE', #3172, #3122 ) ;
#2635 = DIRECTION ( 'NONE',  ( -0.000000000000000000, 1.000000000000000000, 0.000000000000000000 ) ) ;
#2636 = VECTOR ( 'NONE', #2501, 1.000000000000000000 ) ;
#2637 = DIRECTION ( 'NONE',  ( 0.000000000000000000, -1.000000000000000000, 0.000000000000000000 ) ) ;
#2638 = LINE ( 'NONE', #2657, #1335 ) ;
#2639 = CARTESIAN_POINT ( 'NONE',  ( -0.04479721896024299599, -0.03066232424600760093, 0.2240137836320239828 ) ) ;
#2640 = PLANE ( 'NONE',  #3489 ) ;
#2641 = ORIENTED_EDGE ( 'NONE', *, *, #402, .F. ) ;
#2642 = CARTESIAN_POINT ( 'NONE',  ( -0.02994632960091659843, -0.03566232424600759843, 0.2260137836320239846 ) ) ;
#2643 = B_SPLINE_CURVE_WITH_KNOTS ( 'NONE', 3,
 ( #2826, #229, #3455, #3128, #1099, #1363, #1038, #516, #1961, #2267, #3700, #1058, #3376, #1076, #498, #768, #2525, #1398, #459, #3415 ),
 .UNSPECIFIED., .F., .F.,
 ( 4, 2, 2, 2, 1, 1, 1, 1, 2, 2, 2, 4 ),
 ( 0.000000000000000000, 0.2499999999996764810, 0.3749999999995128896, 0.4374999999994308442, 0.4687499999993820499, 0.4843749999993576250, 0.4921874999993344213, 0.4960937499993201549, 0.4980468749993130495, 0.4999999999993058886, 0.7499999999996529443, 1.000000000000000000 ),
 .UNSPECIFIED. ) ;
#2644 = CARTESIAN_POINT ( 'NONE',  ( -0.02048781788348449928, -0.03466232424600759754, 0.2240137836320239828 ) ) ;
#2645 = LINE ( 'NONE', #2665, #3487 ) ;
#2646 = ORIENTED_EDGE ( 'NONE', *, *, #3431, .T. ) ;
#2647 = CYLINDRICAL_SURFACE ( 'NONE', #2242, 0.005625329094090220083 ) ;
#2648 = EDGE_CURVE ( 'NONE', #1436, #2652, #2780, .T. ) ;
#2649 = EDGE_CURVE ( 'NONE', #1624, #1880, #3030, .T. ) ;
#2650 = ORIENTED_EDGE ( 'NONE', *, *, #1762, .T. ) ;
#2651 = EDGE_LOOP ( 'NONE', ( #1616, #3613, #1306, #3264, #26 ) ) ;
#2652 = VERTEX_POINT ( 'NONE', #1846 ) ;
#2653 = PLANE ( 'NONE',  #2819 ) ;
#2654 = CARTESIAN_POINT ( 'NONE',  ( -0.01454721896024310096, -0.03066232424600760093, 0.2192506439112099914 ) ) ;
#2655 = ORIENTED_EDGE ( 'NONE', *, *, #2868, .F. ) ;
#2656 = CARTESIAN_POINT ( 'NONE',  ( -0.01325576707591570071, -0.03246232424600770106, 0.2000137836320239892 ) ) ;
#2657 = CARTESIAN_POINT ( 'NONE',  ( -0.02626132057538079975, -0.03066232424600760093, 0.2220137836320239810 ) ) ;
#2658 = LINE ( 'NONE', #1433, #3610 ) ;
#2659 = FACE_OUTER_BOUND ( 'NONE', #697, .T. ) ;
#2660 = EDGE_LOOP ( 'NONE', ( #2351, #3521, #1522, #341, #1884, #2573 ) ) ;
#2661 = FACE_OUTER_BOUND ( 'NONE', #2746, .T. ) ;
#2662 = CARTESIAN_POINT ( 'NONE',  ( -0.009395645685465343552, -0.03835107712024565102, 0.2264852641296170588 ) ) ;
#2663 = DIRECTION ( 'NONE',  ( -1.073081856240829922E-16, 0.000000000000000000, 1.000000000000000000 ) ) ;
#2664 = AXIS2_PLACEMENT_3D ( 'NONE', #2727, #3250, #375 ) ;
#2665 = CARTESIAN_POINT ( 'NONE',  ( -0.01801132057538079936, -0.03066232424600760093, 0.2132506439112100138 ) ) ;
#2666 = ORIENTED_EDGE ( 'NONE', *, *, #3363, .T. ) ;
#2667 = FACE_OUTER_BOUND ( 'NONE', #3107, .T. ) ;
#2668 = AXIS2_PLACEMENT_3D ( 'NONE', #3470, #3182, #2321 ) ;
#2669 = B_SPLINE_CURVE_WITH_KNOTS ( 'NONE', 3,
 ( #1401, #3087, #2512, #769, #2566, #3666, #3702, #1119, #152, #518, #3417, #1101, #1325, #1689, #2494, #2227, #1043, #3359, #2210, #3380 ),
 .UNSPECIFIED., .F., .F.,
 ( 4, 2, 2, 2, 1, 1, 1, 1, 2, 2, 2, 4 ),
 ( 0.000000000000000000, 0.2499999999998501199, 0.3749999999997770117, 0.4374999999997390421, 0.4687499999997155053, 0.4843749999997107869, 0.4921874999997049027, 0.4960937499997019606, 0.4980468749996991296, 0.4999999999996962985, 0.7499999999998481215, 1.000000000000000000 ),
 .UNSPECIFIED. ) ;
#2670 = EDGE_LOOP ( 'NONE', ( #332, #255, #1063, #2552 ) ) ;
#2671 = EDGE_CURVE ( 'NONE', #52, #1861, #1538, .T. ) ;
#2672 = VERTEX_POINT ( 'NONE', #1284 ) ;
#2673 = ADVANCED_FACE ( 'NONE', ( #1001 ), #1879, .T. ) ;
#2674 = ORIENTED_EDGE ( 'NONE', *, *, #762, .F. ) ;
#2675 = VECTOR ( 'NONE', #2052, 1.000000000000000000 ) ;
#2676 = CARTESIAN_POINT ( 'NONE',  ( -0.02133867084457050090, -0.03246232424600770106, 0.2000137836320239892 ) ) ;
#2677 = EDGE_CURVE ( 'NONE', #3323, #2964, #2809, .T. ) ;
#2678 = EDGE_LOOP ( 'NONE', ( #534, #2945, #1707, #234, #517, #2843 ) ) ;
#2679 = CARTESIAN_POINT ( 'NONE',  ( -0.007499259989110439693, -0.03654856314307609877, 0.2260137836320239846 ) ) ;
#2680 = ORIENTED_EDGE ( 'NONE', *, *, #1112, .T. ) ;
#2681 = LINE ( 'NONE', #980, #914 ) ;
#2682 = CARTESIAN_POINT ( 'NONE',  ( -0.04279721896024300115, -0.03066232424600760093, 0.2260137836320239846 ) ) ;
#2683 = CARTESIAN_POINT ( 'NONE',  ( -0.01737751865587182018, -0.03566232424600759843, 0.2343399831776834530 ) ) ;
#2684 = CIRCLE ( 'NONE', #1886, 0.005625329094090220083 ) ;
#2685 = DIRECTION ( 'NONE',  ( 1.000000000000000000, 0.000000000000000000, 0.000000000000000000 ) ) ;
#2686 = ORIENTED_EDGE ( 'NONE', *, *, #3047, .F. ) ;
#2687 = EDGE_CURVE ( 'NONE', #2332, #2632, #855, .T. ) ;
#2688 = LINE ( 'NONE', #1473, #2312 ) ;
#2689 = AXIS2_PLACEMENT_3D ( 'NONE', #3568, #941, #2109 ) ;
#2690 = DIRECTION ( 'NONE',  ( -0.8660254037844387076, 0.000000000000000000, -0.4999999999999998890 ) ) ;
#2691 = FACE_OUTER_BOUND ( 'NONE', #3033, .T. ) ;
#2692 = VERTEX_POINT ( 'NONE', #825 ) ;
#2693 = FACE_OUTER_BOUND ( 'NONE', #562, .T. ) ;
#2694 = VECTOR ( 'NONE', #376, 1.000000000000000000 ) ;
#2695 = AXIS2_PLACEMENT_3D ( 'NONE', #1537, #3606, #965 ) ;
#2696 = VECTOR ( 'NONE', #3098, 1.000000000000000000 ) ;
#2697 = VECTOR ( 'NONE', #2123, 1.000000000000000000 ) ;
#2698 = ORIENTED_EDGE ( 'NONE', *, *, #2916, .T. ) ;
#2699 = ORIENTED_EDGE ( 'NONE', *, *, #1487, .F. ) ;
#2700 = CARTESIAN_POINT ( 'NONE',  ( -0.02360968443838094497, -0.03794703462182593551, 0.2117656926933609018 ) ) ;
#2701 = PLANE ( 'NONE',  #3161 ) ;
#2702 = ORIENTED_EDGE ( 'NONE', *, *, #2577, .T. ) ;
#2703 = CARTESIAN_POINT ( 'NONE',  ( -0.01729721896024309993, -0.03966232424600769912, 0.2200137836320239793 ) ) ;
#2704 = EDGE_CURVE ( 'NONE', #1163, #831, #1117, .T. ) ;
#2705 = EDGE_CURVE ( 'NONE', #2517, #196, #1572, .T. ) ;
#2706 = VERTEX_POINT ( 'NONE', #1418 ) ;
#2707 = DIRECTION ( 'NONE',  ( 1.000000000000000000, 0.000000000000000000, 0.000000000000000000 ) ) ;
#2708 = CARTESIAN_POINT ( 'NONE',  ( -0.02133867084457050090, -0.03246232424600770106, 0.2400137836320239970 ) ) ;
#2709 = ORIENTED_EDGE ( 'NONE', *, *, #3026, .F. ) ;
#2710 = FACE_OUTER_BOUND ( 'NONE', #2250, .T. ) ;
#2711 = DIRECTION ( 'NONE',  ( -0.4999999999999998890, 0.000000000000000000, 0.8660254037844387076 ) ) ;
#2712 = CARTESIAN_POINT ( 'NONE',  ( 0.006744232924084319659, -0.03246232424600770106, 0.2200137836320239793 ) ) ;
#2713 = CYLINDRICAL_SURFACE ( 'NONE', #606, 0.001999999999999998307 ) ;
#2714 = LINE ( 'NONE', #2944, #2124 ) ;
#2715 = VERTEX_POINT ( 'NONE', #3414 ) ;
#2716 = DIRECTION ( 'NONE',  ( -0.000000000000000000, 1.000000000000000000, 0.000000000000000000 ) ) ;
#2717 = EDGE_LOOP ( 'NONE', ( #105, #2829, #3142, #3778, #3468, #1122 ) ) ;
#2718 = VERTEX_POINT ( 'NONE', #1960 ) ;
#2719 = CARTESIAN_POINT ( 'NONE',  ( -0.01454721896024310096, -0.03466232424600759754, 0.2207769233528390218 ) ) ;
#2720 = CARTESIAN_POINT ( 'NONE',  ( -0.01729721896024309993, -0.03966232424600769912, 0.2200137836320239793 ) ) ;
#2721 = EDGE_LOOP ( 'NONE', ( #1407, #1268, #3752, #1005 ) ) ;
#2722 = LINE ( 'NONE', #2760, #1341 ) ;
#2723 = EDGE_CURVE ( 'NONE', #396, #869, #3104, .T. ) ;
#2724 = EDGE_CURVE ( 'NONE', #22, #3256, #458, .T. ) ;
#2725 = CARTESIAN_POINT ( 'NONE',  ( -0.01098590011851576127, -0.03794394481402168368, 0.2117629668359956308 ) ) ;
#2726 = DIRECTION ( 'NONE',  ( 1.000000000000000000, 0.000000000000000000, 0.000000000000000000 ) ) ;
#2727 = CARTESIAN_POINT ( 'NONE',  ( -0.02626132057538079975, -0.03466232424600759754, 0.2220137836320239810 ) ) ;
#2728 = DIRECTION ( 'NONE',  ( -1.000000000000000000, 0.000000000000000000, 0.000000000000000000 ) ) ;
#2729 = CARTESIAN_POINT ( 'NONE',  ( 0.002702781039756939948, -0.03246232424600770106, 0.2200137836320239793 ) ) ;
#2730 = VECTOR ( 'NONE', #2215, 1.000000000000000000 ) ;
#2731 = ORIENTED_EDGE ( 'NONE', *, *, #1952, .T. ) ;
#2732 = ORIENTED_EDGE ( 'NONE', *, *, #2284, .T. ) ;
#2733 = VECTOR ( 'NONE', #3278, 1.000000000000000000 ) ;
#2734 = EDGE_CURVE ( 'NONE', #924, #248, #2998, .T. ) ;
#2735 = AXIS2_PLACEMENT_3D ( 'NONE', #2729, #98, #1303 ) ;
#2736 = DIRECTION ( 'NONE',  ( 0.000000000000000000, 1.000000000000000000, 0.000000000000000000 ) ) ;
#2737 = CARTESIAN_POINT ( 'NONE',  ( -0.03729721896024299627, -0.03246232424600770106, 0.2200137836320239793 ) ) ;
#2738 = VECTOR ( 'NONE', #404, 1.000000000000000000 ) ;
#2739 = LINE ( 'NONE', #1839, #1589 ) ;
#2740 = CARTESIAN_POINT ( 'NONE',  ( -0.01129721896024310154, -0.03066232424600760093, 0.2455137836320240019 ) ) ;
#2741 = LINE ( 'NONE', #166, #1758 ) ;
#2742 = DIRECTION ( 'NONE',  ( 0.000000000000000000, -1.000000000000000000, 0.000000000000000000 ) ) ;
#2743 = ADVANCED_FACE ( 'NONE', ( #2542 ), #2301, .F. ) ;
#2744 = LINE ( 'NONE', #3556, #3593 ) ;
#2745 = CARTESIAN_POINT ( 'NONE',  ( 0.0004527810397569399553, -0.03066232424600760093, 0.2140137836320240017 ) ) ;
#2746 = EDGE_LOOP ( 'NONE', ( #3723, #3344, #2334, #1217, #1213, #1105, #1925, #2059 ) ) ;
#2747 = DIRECTION ( 'NONE',  ( 0.000000000000000000, -1.000000000000000000, 0.000000000000000000 ) ) ;
#2748 = VECTOR ( 'NONE', #1756, 1.000000000000000000 ) ;
#2749 = ADVANCED_FACE ( 'NONE', ( #170 ), #1997, .F. ) ;
#2750 = EDGE_CURVE ( 'NONE', #1943, #86, #1344, .T. ) ;
#2751 = DIRECTION ( 'NONE',  ( -0.000000000000000000, -1.000000000000000000, -0.000000000000000000 ) ) ;
#2752 = CIRCLE ( 'NONE', #1100, 0.002749999999999998973 ) ;
#2753 = EDGE_LOOP ( 'NONE', ( #630, #295, #1288, #2432 ) ) ;
#2754 = VERTEX_POINT ( 'NONE', #1939 ) ;
#2755 = AXIS2_PLACEMENT_3D ( 'NONE', #596, #3221, #344 ) ;
#2756 = CARTESIAN_POINT ( 'NONE',  ( -0.01729721896024299932, -0.03246232424600770106, 0.2000137836320239892 ) ) ;
#2757 = CARTESIAN_POINT ( 'NONE',  ( -0.02729721896024300126, -0.03066232424600760093, 0.2102158246608909764 ) ) ;
#2758 = CARTESIAN_POINT ( 'NONE',  ( -0.01737751865587182018, -0.03566232424600759843, 0.2399653122717736731 ) ) ;
#2759 = VECTOR ( 'NONE', #3694, 1.000000000000000000 ) ;
#2760 = CARTESIAN_POINT ( 'NONE',  ( 0.0004527810397569399553, -0.03566232424600759843, 0.2260137836320239846 ) ) ;
#2761 = CARTESIAN_POINT ( 'NONE',  ( -0.01119408240888709015, -0.03728216568331559067, 0.2111252393545567374 ) ) ;
#2762 = B_SPLINE_CURVE_WITH_KNOTS ( 'NONE', 3,
 ( #617, #314, #277, #1748, #2367, #873, #2927, #3537, #2604, #2907, #3229, #1233, #294, #600, #2943, #2406, #655, #331 ),
 .UNSPECIFIED., .F., .F.,
 ( 4, 2, 2, 2, 1, 1, 1, 1, 2, 2, 4 ),
 ( 0.000000000000000000, 0.2500000000004246603, 0.3750000000006376566, 0.4375000000007441825, 0.4687500000007964185, 0.4843750000008202328, 0.4921875000008285594, 0.4960937500008278378, 0.4980468750008275047, 0.5000000000008271162, 1.000000000000000000 ),
 .UNSPECIFIED. ) ;
#2763 = CARTESIAN_POINT ( 'NONE',  ( 0.008202781039756950471, -0.03566232424600759843, 0.2260137836320239846 ) ) ;
#2764 = DIRECTION ( 'NONE',  ( -0.000000000000000000, -1.000000000000000000, -0.000000000000000000 ) ) ;
#2765 = LINE ( 'NONE', #731, #240 ) ;
#2766 = EDGE_LOOP ( 'NONE', ( #3678, #2560 ) ) ;
#2767 = CARTESIAN_POINT ( 'NONE',  ( -0.04133867084457044233, -0.03316232424600759621, 0.2200137836320239793 ) ) ;
#2768 = FACE_OUTER_BOUND ( 'NONE', #2823, .T. ) ;
#2769 = EDGE_LOOP ( 'NONE', ( #2495, #2546, #2650, #49, #2238, #3750 ) ) ;
#2770 = ORIENTED_EDGE ( 'NONE', *, *, #3164, .F. ) ;
#2771 = EDGE_CURVE ( 'NONE', #891, #3341, #841, .T. ) ;
#2772 = EDGE_CURVE ( 'NONE', #2212, #3757, #2825, .T. ) ;
#2773 = LINE ( 'NONE', #2274, #287 ) ;
#2774 = CARTESIAN_POINT ( 'NONE',  ( -0.01129721896024310154, -0.03066232424600760093, 0.2377637836320239950 ) ) ;
#2775 = DIRECTION ( 'NONE',  ( 1.000000000000000000, 0.000000000000000000, 0.000000000000000000 ) ) ;
#2776 = CARTESIAN_POINT ( 'NONE',  ( -0.02729721896024300126, -0.03066232424600760093, 0.2102158246608909764 ) ) ;
#2777 = CYLINDRICAL_SURFACE ( 'NONE', #3535, 0.005625329094090220083 ) ;
#2778 = LINE ( 'NONE', #3101, #2449 ) ;
#2779 = CARTESIAN_POINT ( 'NONE',  ( -0.03504721896024300121, -0.03066232424600760093, 0.2260137836320239846 ) ) ;
#2780 = LINE ( 'NONE', #1319, #1775 ) ;
#2781 = LINE ( 'NONE', #1057, #3557 ) ;
#2782 = ORIENTED_EDGE ( 'NONE', *, *, #972, .T. ) ;
#2783 = LINE ( 'NONE', #1940, #1443 ) ;
#2784 = CARTESIAN_POINT ( 'NONE',  ( -0.01223781788348459951, -0.03466232424600759754, 0.2287769233528390012 ) ) ;
#2785 = DIRECTION ( 'NONE',  ( 0.000000000000000000, -1.000000000000000000, 0.000000000000000000 ) ) ;
#2786 = VERTEX_POINT ( 'NONE', #1980 ) ;
#2787 = ORIENTED_EDGE ( 'NONE', *, *, #2616, .T. ) ;
#2788 = CARTESIAN_POINT ( 'NONE',  ( -0.01729721896024299932, -0.03066232424600760093, 0.1925137836320239826 ) ) ;
#2789 = ADVANCED_FACE ( 'NONE', ( #3755 ), #1362, .F. ) ;
#2790 = VECTOR ( 'NONE', #2926, 1.000000000000000000 ) ;
#2791 = CARTESIAN_POINT ( 'NONE',  ( -0.01454721896024310096, -0.1117833592535820014, 0.2152506439112099879 ) ) ;
#2792 = CARTESIAN_POINT ( 'NONE',  ( -0.04032830787348859469, -0.03316232424600759621, 0.2217637836320239808 ) ) ;
#2793 = VECTOR ( 'NONE', #1636, 1.000000000000000000 ) ;
#2794 = ADVANCED_FACE ( 'NONE', ( #3144 ), #515, .T. ) ;
#2795 = DIRECTION ( 'NONE',  ( 0.000000000000000000, -1.000000000000000000, 0.000000000000000000 ) ) ;
#2796 = CARTESIAN_POINT ( 'NONE',  ( -0.02434466654717690193, -0.03958181532555000298, 0.2129182363162470115 ) ) ;
#2797 = AXIS2_PLACEMENT_3D ( 'NONE', #3763, #3170, #1409 ) ;
#2798 = DIRECTION ( 'NONE',  ( 0.000000000000000000, 0.000000000000000000, -1.000000000000000000 ) ) ;
#2799 = FACE_OUTER_BOUND ( 'NONE', #475, .T. ) ;
#2800 = CARTESIAN_POINT ( 'NONE',  ( -0.01020167164446579913, -0.03958181532554990584, 0.2129663360450899934 ) ) ;
#2801 = CARTESIAN_POINT ( 'NONE',  ( -0.01426613004699749977, -0.03246232424600770106, 0.2017637836320239908 ) ) ;
#2802 = EDGE_CURVE ( 'NONE', #1229, #2517, #1103, .T. ) ;
#2803 = LINE ( 'NONE', #3685, #1085 ) ;
#2804 = CARTESIAN_POINT ( 'NONE',  ( -0.02360423240206190043, -0.03793227276099690737, 0.2117526669934741701 ) ) ;
#2805 = DIRECTION ( 'NONE',  ( 1.000000000000000000, 0.000000000000000000, 0.000000000000000000 ) ) ;
#2806 = EDGE_LOOP ( 'NONE', ( #667, #259, #1357, #1909 ) ) ;
#2807 = ORIENTED_EDGE ( 'NONE', *, *, #2705, .T. ) ;
#2808 = AXIS2_PLACEMENT_3D ( 'NONE', #1006, #939, #3566 ) ;
#2809 = B_SPLINE_CURVE_WITH_KNOTS ( 'NONE', 3,
 ( #1056, #3738, #3720, #480, #3084, #228 ),
 .UNSPECIFIED., .F., .F.,
 ( 4, 2, 4 ),
 ( 0.000000000000000000, 0.5000000000000000000, 1.000000000000000000 ),
 .UNSPECIFIED. ) ;
#2810 = VECTOR ( 'NONE', #1212, 1.000000000000000000 ) ;
#2811 = DIRECTION ( 'NONE',  ( 0.000000000000000000, -1.000000000000000000, 0.000000000000000000 ) ) ;
#2812 = CARTESIAN_POINT ( 'NONE',  ( -0.03527649301807939813, -0.03316232424600759621, 0.2235137836320239824 ) ) ;
#2813 = ORIENTED_EDGE ( 'NONE', *, *, #431, .F. ) ;
#2814 = PLANE ( 'NONE',  #2497 ) ;
#2815 = DIRECTION ( 'NONE',  ( 0.000000000000000000, -1.000000000000000000, 0.000000000000000000 ) ) ;
#2816 = AXIS2_PLACEMENT_3D ( 'NONE', #3569, #673, #2148 ) ;
#2817 = AXIS2_PLACEMENT_3D ( 'NONE', #1876, #676, #2974 ) ;
#2818 = PLANE ( 'NONE',  #3671 ) ;
#2819 = AXIS2_PLACEMENT_3D ( 'NONE', #1197, #1990, #3644 ) ;
#2820 = VERTEX_POINT ( 'NONE', #3511 ) ;
#2821 = ADVANCED_FACE ( 'NONE', ( #2048 ), #2640, .T. ) ;
#2822 = EDGE_CURVE ( 'NONE', #2977, #512, #608, .T. ) ;
#2823 = EDGE_LOOP ( 'NONE', ( #3674, #3049, #2885, #377 ) ) ;
#2824 = CARTESIAN_POINT ( 'NONE',  ( -0.02032830787348859775, -0.03246232424600770106, 0.1982637836320239877 ) ) ;
#2825 = LINE ( 'NONE', #537, #548 ) ;
#2826 = CARTESIAN_POINT ( 'NONE',  ( -0.01022486199203970041, -0.03954156905908690067, 0.2270861406002269989 ) ) ;
#2827 = VECTOR ( 'NONE', #2897, 1.000000000000000000 ) ;
#2828 = VECTOR ( 'NONE', #3024, 1.000000000000000000 ) ;
#2829 = ORIENTED_EDGE ( 'NONE', *, *, #1008, .T. ) ;
#2830 = EDGE_LOOP ( 'NONE', ( #2221, #1834 ) ) ;
#2831 = EDGE_LOOP ( 'NONE', ( #2069, #7, #741, #3705 ) ) ;
#2832 = FACE_OUTER_BOUND ( 'NONE', #2670, .T. ) ;
#2833 = ORIENTED_EDGE ( 'NONE', *, *, #919, .F. ) ;
#2834 = DIRECTION ( 'NONE',  ( -0.4999999999999998890, 0.000000000000000000, 0.8660254037844387076 ) ) ;
#2835 = CARTESIAN_POINT ( 'NONE',  ( -0.02032830787348859775, -0.03246232424600770106, 0.2017637836320239908 ) ) ;
#2836 = DIRECTION ( 'NONE',  ( 0.000000000000000000, 1.000000000000000000, 0.000000000000000000 ) ) ;
#2837 = EDGE_LOOP ( 'NONE', ( #1145, #962 ) ) ;
#2838 = ORIENTED_EDGE ( 'NONE', *, *, #268, .T. ) ;
#2839 = EDGE_CURVE ( 'NONE', #696, #1675, #5, .T. ) ;
#2840 = EDGE_CURVE ( 'NONE', #1924, #3582, #2322, .T. ) ;
#2841 = CARTESIAN_POINT ( 'NONE',  ( -0.02329721896024300118, -0.03566232424600759843, 0.2073646729913510012 ) ) ;
#2842 = DIRECTION ( 'NONE',  ( 1.000000000000000000, 0.000000000000000000, 0.000000000000000000 ) ) ;
#2843 = ORIENTED_EDGE ( 'NONE', *, *, #3520, .F. ) ;
#2844 = CARTESIAN_POINT ( 'NONE',  ( -0.01729721896024309993, -0.03566232424600759843, 0.2200137836320239793 ) ) ;
#2845 = ADVANCED_FACE ( 'NONE', ( #1743 ), #1152, .F. ) ;
#2846 = ORIENTED_EDGE ( 'NONE', *, *, #2576, .T. ) ;
#2847 = ORIENTED_EDGE ( 'NONE', *, *, #3217, .F. ) ;
#2848 = ORIENTED_EDGE ( 'NONE', *, *, #2451, .F. ) ;
#2849 = CARTESIAN_POINT ( 'NONE',  ( -0.01426613004699749977, -0.03246232424600770106, 0.1982637836320239877 ) ) ;
#2850 = EDGE_LOOP ( 'NONE', ( #1850, #1639, #2872, #2273 ) ) ;
#2851 = CARTESIAN_POINT ( 'NONE',  ( -0.01108311734510530021, -0.03066232424600760093, 0.2267769233528380002 ) ) ;
#2852 = EDGE_CURVE ( 'NONE', #2964, #1549, #1957, .T. ) ;
#2853 = CARTESIAN_POINT ( 'NONE',  ( -0.02279721896024300073, -0.03466232424600759754, 0.2160137836320239757 ) ) ;
#2854 = VECTOR ( 'NONE', #3091, 1.000000000000000000 ) ;
#2855 = DIRECTION ( 'NONE',  ( 0.000000000000000000, -1.000000000000000000, 0.000000000000000000 ) ) ;
#2856 = VERTEX_POINT ( 'NONE', #3529 ) ;
#2857 = AXIS2_PLACEMENT_3D ( 'NONE', #2598, #2881, #288 ) ;
#2858 = FACE_OUTER_BOUND ( 'NONE', #1883, .T. ) ;
#2859 = CARTESIAN_POINT ( 'NONE',  ( -0.02329721896024300118, -0.03625982200857119642, 0.2097959494307612693 ) ) ;
#2860 = DIRECTION ( 'NONE',  ( 0.000000000000000000, -1.000000000000000000, 0.000000000000000000 ) ) ;
#2861 = EDGE_LOOP ( 'NONE', ( #3493, #1823, #543, #823 ) ) ;
#2862 = VECTOR ( 'NONE', #2751, 1.000000000000000000 ) ;
#2863 = DIRECTION ( 'NONE',  ( 0.000000000000000000, 0.000000000000000000, 1.000000000000000000 ) ) ;
#2864 = DIRECTION ( 'NONE',  ( 0.000000000000000000, -1.000000000000000000, 0.000000000000000000 ) ) ;
#2865 = VERTEX_POINT ( 'NONE', #577 ) ;
#2866 = ORIENTED_EDGE ( 'NONE', *, *, #209, .T. ) ;
#2867 = VERTEX_POINT ( 'NONE', #1451 ) ;
#2868 = EDGE_CURVE ( 'NONE', #2196, #3513, #65, .T. ) ;
#2869 = EDGE_CURVE ( 'NONE', #1455, #1682, #2658, .T. ) ;
#2870 = DIRECTION ( 'NONE',  ( 0.000000000000000000, -1.000000000000000000, 0.000000000000000000 ) ) ;
#2871 = VECTOR ( 'NONE', #3731, 1.000000000000000000 ) ;
#2872 = ORIENTED_EDGE ( 'NONE', *, *, #1853, .F. ) ;
#2873 = CARTESIAN_POINT ( 'NONE',  ( 0.008202781039756950471, -0.03066232424600760093, 0.2140137836320240017 ) ) ;
#2874 = LINE ( 'NONE', #1721, #1564 ) ;
#2875 = CIRCLE ( 'NONE', #3483, 0.004000000000000000083 ) ;
#2876 = VECTOR ( 'NONE', #408, 1.000000000000000000 ) ;
#2877 = CARTESIAN_POINT ( 'NONE',  ( -0.02510662003700159933, -0.03466232424600759754, 0.2240137836320239828 ) ) ;
#2878 = ORIENTED_EDGE ( 'NONE', *, *, #3124, .T. ) ;
#2879 = AXIS2_PLACEMENT_3D ( 'NONE', #2325, #2584, #1495 ) ;
#2880 = VECTOR ( 'NONE', #272, 1.000000000000000000 ) ;
#2881 = DIRECTION ( 'NONE',  ( 0.000000000000000000, -1.000000000000000000, 0.000000000000000000 ) ) ;
#2882 = CARTESIAN_POINT ( 'NONE',  ( 0.002702781039756941249, -0.03566232424600759843, 0.2256391127261141993 ) ) ;
#2883 = DIRECTION ( 'NONE',  ( 1.000000000000000000, 0.000000000000000000, 0.000000000000000000 ) ) ;
#2884 = SHAPE_DEFINITION_REPRESENTATION ( #1774, #1705 ) ;
#2885 = ORIENTED_EDGE ( 'NONE', *, *, #2096, .T. ) ;
#2886 = DIRECTION ( 'NONE',  ( -0.4999999999999998890, 0.000000000000000000, -0.8660254037844387076 ) ) ;
#2887 = ORIENTED_EDGE ( 'NONE', *, *, #1766, .T. ) ;
#2888 = EDGE_LOOP ( 'NONE', ( #3053, #320, #3697, #383 ) ) ;
#2889 = VERTEX_POINT ( 'NONE', #885 ) ;
#2890 = FACE_OUTER_BOUND ( 'NONE', #336, .T. ) ;
#2891 = EDGE_CURVE ( 'NONE', #482, #2245, #793, .T. ) ;
#2892 = MANIFOLD_SOLID_BREP ( 'tilt pulley mount[1]', #2199 ) ;
#2893 = VERTEX_POINT ( 'NONE', #2016 ) ;
#2894 = ADVANCED_FACE ( 'NONE', ( #1781, #2952 ), #325, .T. ) ;
#2895 = VERTEX_POINT ( 'NONE', #982 ) ;
#2896 = LINE ( 'NONE', #2296, #3051 ) ;
#2897 = DIRECTION ( 'NONE',  ( 0.000000000000000000, -1.000000000000000000, 0.000000000000000000 ) ) ;
#2898 = CARTESIAN_POINT ( 'NONE',  ( -0.02709517793137580094, -0.03654856314307609877, 0.2260137836320239846 ) ) ;
#2899 = ORIENTED_EDGE ( 'NONE', *, *, #752, .T. ) ;
#2900 = DIRECTION ( 'NONE',  ( 1.000000000000000000, 0.000000000000000000, 0.000000000000000000 ) ) ;
#2901 = VERTEX_POINT ( 'NONE', #421 ) ;
#2902 = DIRECTION ( 'NONE',  ( 0.000000000000000000, 0.000000000000000000, 1.000000000000000000 ) ) ;
#2903 = ORIENTED_EDGE ( 'NONE', *, *, #117, .F. ) ;
#2904 = FACE_OUTER_BOUND ( 'NONE', #3518, .T. ) ;
#2905 = ORIENTED_EDGE ( 'NONE', *, *, #1927, .T. ) ;
#2906 = ORIENTED_EDGE ( 'NONE', *, *, #449, .T. ) ;
#2907 = CARTESIAN_POINT ( 'NONE',  ( -0.02550941008427240475, -0.03798801030614493146, 0.2136860509455140444 ) ) ;
#2908 = VERTEX_POINT ( 'NONE', #3299 ) ;
#2909 = DIRECTION ( 'NONE',  ( 1.000000000000000000, 0.000000000000000000, 0.000000000000000000 ) ) ;
#2910 = CARTESIAN_POINT ( 'NONE',  ( -0.01179721896024310199, -0.1117833592535820014, 0.2152506439112099879 ) ) ;
#2911 = ORIENTED_EDGE ( 'NONE', *, *, #580, .F. ) ;
#2912 = DIRECTION ( 'NONE',  ( 1.000000000000000000, 0.000000000000000000, 5.633679745264349572E-16 ) ) ;
#2913 = EDGE_CURVE ( 'NONE', #3054, #2212, #3248, .T. ) ;
#2914 = CARTESIAN_POINT ( 'NONE',  ( -0.02032830787348859775, -0.03246232424600770106, 0.2417637836320239986 ) ) ;
#2915 = CARTESIAN_POINT ( 'NONE',  ( -0.007499259989110519491, -0.03654856314307609877, 0.2140137836320240017 ) ) ;
#2916 = EDGE_CURVE ( 'NONE', #924, #3689, #688, .T. ) ;
#2917 = PLANE ( 'NONE',  #3156 ) ;
#2918 = CARTESIAN_POINT ( 'NONE',  ( -0.02796772174355911800, -0.03604012701503885724, 0.2140137836320240572 ) ) ;
#2919 = DIRECTION ( 'NONE',  ( 0.000000000000000000, -1.000000000000000000, 0.000000000000000000 ) ) ;
#2920 = DIRECTION ( 'NONE',  ( 0.000000000000000000, -1.000000000000000000, 0.000000000000000000 ) ) ;
#2921 = VECTOR ( 'NONE', #3173, 1.000000000000000000 ) ;
#2922 = DIRECTION ( 'NONE',  ( 0.000000000000000000, -1.000000000000000000, 0.000000000000000000 ) ) ;
#2923 = CARTESIAN_POINT ( 'NONE',  ( -0.03504721896024300121, -0.03066232424600760093, 0.2140137836320240017 ) ) ;
#2924 = VERTEX_POINT ( 'NONE', #145 ) ;
#2925 = CIRCLE ( 'NONE', #3159, 0.005625329094090220083 ) ;
#2926 = DIRECTION ( 'NONE',  ( 1.000000000000000000, 0.000000000000000000, 1.073081856240829922E-16 ) ) ;
#2927 = CARTESIAN_POINT ( 'NONE',  ( -0.02537944051142313612, -0.03814029334435251745, 0.2136274263422547615 ) ) ;
#2928 = VERTEX_POINT ( 'NONE', #1894 ) ;
#2929 = CARTESIAN_POINT ( 'NONE',  ( -0.01949721896024299989, 0.04228996209459180006, 0.2400137836320239970 ) ) ;
#2930 = AXIS2_PLACEMENT_3D ( 'NONE', #1252, #1585, #2462 ) ;
#2931 = ORIENTED_EDGE ( 'NONE', *, *, #3190, .T. ) ;
#2932 = DIRECTION ( 'NONE',  ( 0.000000000000000000, -1.000000000000000000, 0.000000000000000000 ) ) ;
#2933 = LINE ( 'NONE', #3545, #485 ) ;
#2934 = CARTESIAN_POINT ( 'NONE',  ( -0.02893912319269675848, -0.03573809732333199651, 0.2260137836320240123 ) ) ;
#2935 = AXIS2_PLACEMENT_3D ( 'NONE', #3208, #2100, #2078 ) ;
#2936 = DIRECTION ( 'NONE',  ( 0.4999999999999998890, 0.000000000000000000, 0.8660254037844387076 ) ) ;
#2937 = CARTESIAN_POINT ( 'NONE',  ( -0.02709517793137570033, -0.03654856314307609877, 0.2140137836320240017 ) ) ;
#2938 = ADVANCED_FACE ( 'NONE', ( #2417 ), #2401, .F. ) ;
#2939 = EDGE_CURVE ( 'NONE', #2964, #346, #2722, .T. ) ;
#2940 = CARTESIAN_POINT ( 'NONE',  ( -0.009928416806726059890, -0.03066232424600760093, 0.2247769233528379984 ) ) ;
#2941 = LINE ( 'NONE', #967, #717 ) ;
#2942 = AXIS2_PLACEMENT_3D ( 'NONE', #3184, #1435, #9 ) ;
#2943 = CARTESIAN_POINT ( 'NONE',  ( -0.02554204909991787675, -0.03795073773344891099, 0.2136999463668865229 ) ) ;
#2944 = CARTESIAN_POINT ( 'NONE',  ( -0.01454721896024310096, -0.03466232424600759754, 0.2287769233528390012 ) ) ;
#2945 = ORIENTED_EDGE ( 'NONE', *, *, #77, .F. ) ;
#2946 = DIRECTION ( 'NONE',  ( 0.000000000000000000, -1.000000000000000000, 0.000000000000000000 ) ) ;
#2947 = EDGE_LOOP ( 'NONE', ( #1073, #204, #75, #242 ) ) ;
#2948 = ORIENTED_EDGE ( 'NONE', *, *, #570, .T. ) ;
#2949 = CARTESIAN_POINT ( 'NONE',  ( -0.03729721896024299627, -0.03316232424600759621, 0.2200137836320239793 ) ) ;
#2950 = DIRECTION ( 'NONE',  ( 0.000000000000000000, -1.000000000000000000, 0.000000000000000000 ) ) ;
#2951 = PLANE ( 'NONE',  #2319 ) ;
#2952 = FACE_OUTER_BOUND ( 'NONE', #2476, .T. ) ;
#2953 = EDGE_LOOP ( 'NONE', ( #1901, #2004 ) ) ;
#2954 = CARTESIAN_POINT ( 'NONE',  ( 0.006744232924084316190, -0.03316232424600759621, 0.2200137836320239793 ) ) ;
#2955 = CARTESIAN_POINT ( 'NONE',  ( -0.01000848128169682001, -0.03919196118919388017, 0.2268846926466686342 ) ) ;
#2956 = EDGE_CURVE ( 'NONE', #43, #3531, #3279, .T. ) ;
#2957 = EDGE_CURVE ( 'NONE', #2306, #1236, #3023, .T. ) ;
#2958 = DIRECTION ( 'NONE',  ( 0.000000000000000000, -1.000000000000000000, 0.000000000000000000 ) ) ;
#2959 = DIRECTION ( 'NONE',  ( -0.8660254037844387076, 0.000000000000000000, -0.4999999999999998890 ) ) ;
#2960 = EDGE_LOOP ( 'NONE', ( #1136, #2392, #3340, #3074, #1256, #2838, #3508, #772, #2680, #3397, #3401, #2948, #3168, #195, #113, #100, #2587, #3373, #2283, #1219, #155, #1072, #2444, #3133, #3500, #2171, #2641, #1795 ) ) ;
#2961 = CARTESIAN_POINT ( 'NONE',  ( -0.01817841680672600130, -0.03466232424600759754, 0.2200137836320239793 ) ) ;
#2962 = ADVANCED_FACE ( 'NONE', ( #3587, #960 ), #2130, .T. ) ;
#2963 = ORIENTED_EDGE ( 'NONE', *, *, #2772, .F. ) ;
#2964 = VERTEX_POINT ( 'NONE', #1817 ) ;
#2965 = EDGE_LOOP ( 'NONE', ( #3273, #2083, #2220, #1498 ) ) ;
#2966 = DIRECTION ( 'NONE',  ( 0.000000000000000000, 1.000000000000000000, 0.000000000000000000 ) ) ;
#2967 = CARTESIAN_POINT ( 'NONE',  ( 0.005733869953002469419, -0.03246232424600770106, 0.2217637836320239808 ) ) ;
#2968 = EDGE_CURVE ( 'NONE', #2263, #3598, #2739, .T. ) ;
#2969 = CYLINDRICAL_SURFACE ( 'NONE', #2808, 0.002000000000000000042 ) ;
#2970 = CARTESIAN_POINT ( 'NONE',  ( -0.01129721896024309981, -0.03625982200856055909, 0.2302316178333021768 ) ) ;
#2971 = CARTESIAN_POINT ( 'NONE',  ( -0.01108311734510530021, -0.03466232424600759754, 0.2132506439112100138 ) ) ;
#2972 = ORIENTED_EDGE ( 'NONE', *, *, #2723, .F. ) ;
#2973 = CARTESIAN_POINT ( 'NONE',  ( -0.01801132057538079936, -0.03066232424600760093, 0.2227769233528379966 ) ) ;
#2974 = DIRECTION ( 'NONE',  ( 0.000000000000000000, 1.000000000000000000, 0.000000000000000000 ) ) ;
#2975 = DIRECTION ( 'NONE',  ( 0.000000000000000000, -1.000000000000000000, 0.000000000000000000 ) ) ;
#2976 = LINE ( 'NONE', #2090, #96 ) ;
#2977 = VERTEX_POINT ( 'NONE', #2989 ) ;
#2978 = CARTESIAN_POINT ( 'NONE',  ( 0.0005027810397569398154, -0.03246232424600770106, 0.2200137836320239793 ) ) ;
#2979 = AXIS2_PLACEMENT_3D ( 'NONE', #481, #2208, #3437 ) ;
#2980 = ORIENTED_EDGE ( 'NONE', *, *, #3533, .F. ) ;
#2981 = VERTEX_POINT ( 'NONE', #3347 ) ;
#2982 = AXIS2_PLACEMENT_3D ( 'NONE', #2007, #3191, #1140 ) ;
#2983 = CARTESIAN_POINT ( 'NONE',  ( -0.03729721896024299627, -0.03316232424600759621, 0.2165137836320239761 ) ) ;
#2984 = EDGE_CURVE ( 'NONE', #2448, #396, #401, .T. ) ;
#2985 = ADVANCED_FACE ( 'NONE', ( #389 ), #107, .F. ) ;
#2986 = CARTESIAN_POINT ( 'NONE',  ( -0.02994632960091649782, -0.03566232424600759843, 0.2140137836320240017 ) ) ;
#2987 = ORIENTED_EDGE ( 'NONE', *, *, #191, .F. ) ;
#2988 = VECTOR ( 'NONE', #2834, 1.000000000000000000 ) ;
#2989 = CARTESIAN_POINT ( 'NONE',  ( -0.01949721896024299989, -0.03066232424600760093, 0.2000137836320239892 ) ) ;
#2990 = ORIENTED_EDGE ( 'NONE', *, *, #1885, .T. ) ;
#2991 = DIRECTION ( 'NONE',  ( 0.000000000000000000, 1.000000000000000000, 0.000000000000000000 ) ) ;
#2992 = CIRCLE ( 'NONE', #1954, 0.005625329094090220083 ) ;
#2993 = CARTESIAN_POINT ( 'NONE',  ( -0.02429576108248059779, -0.03966232424600769912, 0.2128709264891670006 ) ) ;
#2994 = CARTESIAN_POINT ( 'NONE',  ( -0.01129721896024310328, -0.03604012701503898908, 0.2093432808487250274 ) ) ;
#2995 = CARTESIAN_POINT ( 'NONE',  ( -0.02279721896024300073, -0.05366232424600769768, 0.2200137836320239793 ) ) ;
#2996 = ORIENTED_EDGE ( 'NONE', *, *, #1872, .T. ) ;
#2997 = CARTESIAN_POINT ( 'NONE',  ( -0.02133867084457044538, -0.03316232424600759621, 0.2000137836320239892 ) ) ;
#2998 = CIRCLE ( 'NONE', #1, 0.002200000000000000566 ) ;
#2999 = VECTOR ( 'NONE', #2337, 1.000000000000000000 ) ;
#3000 = AXIS2_PLACEMENT_3D ( 'NONE', #3695, #165, #1337 ) ;
#3001 = ORIENTED_EDGE ( 'NONE', *, *, #1687, .F. ) ;
#3002 = ORIENTED_EDGE ( 'NONE', *, *, #1338, .F. ) ;
#3003 = LINE ( 'NONE', #381, #119 ) ;
#3004 = CARTESIAN_POINT ( 'NONE',  ( -0.01029867683800550146, -0.03966232424600769912, 0.2271566407748809857 ) ) ;
#3005 = EDGE_CURVE ( 'NONE', #794, #1048, #2452, .T. ) ;
#3006 = EDGE_CURVE ( 'NONE', #503, #815, #702, .T. ) ;
#3007 = CARTESIAN_POINT ( 'NONE',  ( -0.01737751865587182018, -0.03316232424600759621, 0.2455906413658638932 ) ) ;
#3008 = LINE ( 'NONE', #2177, #620 ) ;
#3009 = ORIENTED_EDGE ( 'NONE', *, *, #633, .F. ) ;
#3010 = CARTESIAN_POINT ( 'NONE',  ( -0.01729721896024309993, -0.1117833592535820014, 0.2152506439112099879 ) ) ;
#3011 = ORIENTED_EDGE ( 'NONE', *, *, #2463, .F. ) ;
#3012 = CARTESIAN_POINT ( 'NONE',  ( -0.04479721896024299599, -0.03066232424600760093, 0.2160137836320239757 ) ) ;
#3013 = FACE_OUTER_BOUND ( 'NONE', #2104, .T. ) ;
#3014 = CARTESIAN_POINT ( 'NONE',  ( -0.007297218960243099725, -0.03066232424600760093, 0.2200137836320239793 ) ) ;
#3015 = EDGE_CURVE ( 'NONE', #1982, #1675, #1162, .T. ) ;
#3016 = FACE_OUTER_BOUND ( 'NONE', #3740, .T. ) ;
#3017 = B_SPLINE_CURVE_WITH_KNOTS ( 'NONE', 3,
 ( #2111, #1278, #2796, #438 ),
 .UNSPECIFIED., .F., .F.,
 ( 4, 4 ),
 ( -0.0001581165586652080095, 0.000000000000000000 ),
 .UNSPECIFIED. ) ;
#3018 = ORIENTED_EDGE ( 'NONE', *, *, #1183, .F. ) ;
#3019 = VERTEX_POINT ( 'NONE', #129 ) ;
#3020 = LINE ( 'NONE', #418, #1153 ) ;
#3021 = CYLINDRICAL_SURFACE ( 'NONE', #2275, 0.003999999999999996614 ) ;
#3022 = EDGE_CURVE ( 'NONE', #2196, #1333, #1297, .T. ) ;
#3023 = LINE ( 'NONE', #1856, #175 ) ;
#3024 = DIRECTION ( 'NONE',  ( 0.000000000000000000, -1.000000000000000000, 0.000000000000000000 ) ) ;
#3025 = EDGE_CURVE ( 'NONE', #584, #1658, #2468, .T. ) ;
#3026 = EDGE_CURVE ( 'NONE', #2595, #3438, #2180, .T. ) ;
#3027 = DIRECTION ( 'NONE',  ( 0.000000000000000000, 1.000000000000000000, 0.000000000000000000 ) ) ;
#3028 = CARTESIAN_POINT ( 'NONE',  ( -0.01685662003700160241, -0.03466232424600759754, 0.2207769233528390218 ) ) ;
#3029 = CARTESIAN_POINT ( 'NONE',  ( -0.01129721896024309981, -0.03573788479981387933, 0.2083715618166016581 ) ) ;
#3030 = LINE ( 'NONE', #1578, #2694 ) ;
#3031 = DIRECTION ( 'NONE',  ( 0.000000000000000000, -1.000000000000000000, 0.000000000000000000 ) ) ;
#3032 = AXIS2_PLACEMENT_3D ( 'NONE', #947, #2663, #691 ) ;
#3033 = EDGE_LOOP ( 'NONE', ( #1440, #2591, #1350, #716 ) ) ;
#3034 = ORIENTED_EDGE ( 'NONE', *, *, #1008, .F. ) ;
#3035 = AXIS2_PLACEMENT_3D ( 'NONE', #1994, #2285, #1417 ) ;
#3036 = FACE_OUTER_BOUND ( 'NONE', #1240, .T. ) ;
#3037 = AXIS2_PLACEMENT_3D ( 'NONE', #2344, #328, #2922 ) ;
#3038 = DIRECTION ( 'NONE',  ( 0.000000000000000000, 1.000000000000000000, 0.000000000000000000 ) ) ;
#3039 = FACE_OUTER_BOUND ( 'NONE', #845, .T. ) ;
#3040 = CIRCLE ( 'NONE', #1389, 0.002749999999999998973 ) ;
#3041 = ORIENTED_EDGE ( 'NONE', *, *, #2984, .F. ) ;
#3042 = DIRECTION ( 'NONE',  ( 1.000000000000000000, 0.000000000000000000, 0.000000000000000000 ) ) ;
#3043 = CARTESIAN_POINT ( 'NONE',  ( -0.01082573846256931066, -0.03835107712045880690, 0.2121122103574075712 ) ) ;
#3044 = DIRECTION ( 'NONE',  ( 0.000000000000000000, 0.000000000000000000, -1.000000000000000000 ) ) ;
#3045 = LINE ( 'NONE', #169, #1631 ) ;
#3046 = EDGE_CURVE ( 'NONE', #433, #2928, #1699, .T. ) ;
#3047 = EDGE_CURVE ( 'NONE', #3308, #1351, #1628, .T. ) ;
#3048 = CARTESIAN_POINT ( 'NONE',  ( -0.01729721896024309993, -0.03066232424600760093, 0.2200137836320239793 ) ) ;
#3049 = ORIENTED_EDGE ( 'NONE', *, *, #2822, .F. ) ;
#3050 = DIRECTION ( 'NONE',  ( -0.000000000000000000, 1.000000000000000000, 0.000000000000000000 ) ) ;
#3051 = VECTOR ( 'NONE', #1185, 1.000000000000000000 ) ;
#3052 = VECTOR ( 'NONE', #1172, 1.000000000000000000 ) ;
#3053 = ORIENTED_EDGE ( 'NONE', *, *, #1927, .F. ) ;
#3054 = VERTEX_POINT ( 'NONE', #533 ) ;
#3055 = AXIS2_PLACEMENT_3D ( 'NONE', #3048, #426, #207 ) ;
#3056 = DIRECTION ( 'NONE',  ( 0.000000000000000000, -1.000000000000000000, 0.000000000000000000 ) ) ;
#3057 = AXIS2_PLACEMENT_3D ( 'NONE', #946, #2420, #1299 ) ;
#3058 = DIRECTION ( 'NONE',  ( 1.000000000000000000, 0.000000000000000000, 0.000000000000000000 ) ) ;
#3059 = DIRECTION ( 'NONE',  ( 0.000000000000000000, -1.000000000000000000, 0.000000000000000000 ) ) ;
#3060 = AXIS2_PLACEMENT_3D ( 'NONE', #1304, #3293, #1903 ) ;
#3061 = EDGE_LOOP ( 'NONE', ( #2980, #2709, #3420, #638, #2117, #2903 ) ) ;
#3062 = DIRECTION ( 'NONE',  ( 0.000000000000000000, 1.000000000000000000, 0.000000000000000000 ) ) ;
#3063 = CARTESIAN_POINT ( 'NONE',  ( -0.01107110089270400312, -0.03770277242131710171, 0.2115444927728609148 ) ) ;
#3064 = ORIENTED_EDGE ( 'NONE', *, *, #1687, .T. ) ;
#3065 = CIRCLE ( 'NONE', #1416, 0.01400000000000000029 ) ;
#3066 = CARTESIAN_POINT ( 'NONE',  ( 0.002702781039756940382, -0.03566232424600759843, 0.2200137836320239793 ) ) ;
#3067 = DIRECTION ( 'NONE',  ( 1.000000000000000000, 0.000000000000000000, 0.000000000000000000 ) ) ;
#3068 = ORIENTED_EDGE ( 'NONE', *, *, #1526, .F. ) ;
#3069 = FACE_OUTER_BOUND ( 'NONE', #3479, .T. ) ;
#3070 = DIRECTION ( 'NONE',  ( 0.000000000000000000, -1.000000000000000000, 0.000000000000000000 ) ) ;
#3071 = EDGE_CURVE ( 'NONE', #1924, #2013, #1975, .T. ) ;
#3072 = DIRECTION ( 'NONE',  ( -0.4999999999999998890, 0.000000000000000000, -0.8660254037844387076 ) ) ;
#3073 = EDGE_LOOP ( 'NONE', ( #72, #974, #2833, #3505 ) ) ;
#3074 = ORIENTED_EDGE ( 'NONE', *, *, #3519, .T. ) ;
#3075 = EDGE_CURVE ( 'NONE', #3169, #1438, #1648, .T. ) ;
#3076 = LINE ( 'NONE', #1388, #350 ) ;
#3077 = DIRECTION ( 'NONE',  ( 0.000000000000000000, 1.000000000000000000, 0.000000000000000000 ) ) ;
#3078 = CARTESIAN_POINT ( 'NONE',  ( -0.01729721896024309993, -0.03566232424600759843, 0.2200137836320239793 ) ) ;
#3079 = EDGE_CURVE ( 'NONE', #3450, #1642, #2200, .T. ) ;
#3080 = CARTESIAN_POINT ( 'NONE',  ( -0.01223781788348459951, -0.03466232424600759754, 0.2192506439112099914 ) ) ;
#3081 = CARTESIAN_POINT ( 'NONE',  ( -0.01022486199203980102, -0.03954156905908690067, 0.2129414266638210151 ) ) ;
#3082 = DIRECTION ( 'NONE',  ( 0.000000000000000000, -1.000000000000000000, 0.000000000000000000 ) ) ;
#3083 = DIRECTION ( 'NONE',  ( 0.000000000000000000, 0.000000000000000000, -1.000000000000000000 ) ) ;
#3084 = CARTESIAN_POINT ( 'NONE',  ( -0.005157414364409593568, -0.03566232424600759843, 0.2260137836320240123 ) ) ;
#3085 = DIRECTION ( 'NONE',  ( 0.000000000000000000, -1.000000000000000000, 0.000000000000000000 ) ) ;
#3086 = CARTESIAN_POINT ( 'NONE',  ( 0.0004527810397569399553, -0.03066232424600760093, 0.2260137836320239846 ) ) ;
#3087 = CARTESIAN_POINT ( 'NONE',  ( -0.02458591293264023037, -0.03919203180553555016, 0.2268847333365909269 ) ) ;
#3088 = ORIENTED_EDGE ( 'NONE', *, *, #1854, .F. ) ;
#3089 = EDGE_LOOP ( 'NONE', ( #3495, #337, #679, #3292 ) ) ;
#3090 = DIRECTION ( 'NONE',  ( 1.000000000000000000, 0.000000000000000000, 0.000000000000000000 ) ) ;
#3091 = DIRECTION ( 'NONE',  ( 0.4999999999999998890, 0.000000000000000000, 0.8660254037844387076 ) ) ;
#3092 = EDGE_CURVE ( 'NONE', #904, #2055, #2219, .T. ) ;
#3093 = ADVANCED_FACE ( 'NONE', ( #3735 ), #783, .F. ) ;
#3094 = CIRCLE ( 'NONE', #1442, 0.002200000000000000133 ) ;
#3095 = LINE ( 'NONE', #2851, #2871 ) ;
#3096 = CARTESIAN_POINT ( 'NONE',  ( -0.02329721896024300118, -0.03566232424600759843, 0.2321535882278163154 ) ) ;
#3097 = CIRCLE ( 'NONE', #3532, 0.002000000000000001776 ) ;
#3098 = DIRECTION ( 'NONE',  ( 0.000000000000000000, -1.000000000000000000, 0.000000000000000000 ) ) ;
#3099 = ORIENTED_EDGE ( 'NONE', *, *, #448, .T. ) ;
#3100 = VECTOR ( 'NONE', #2065, 1.000000000000000000 ) ;
#3101 = CARTESIAN_POINT ( 'NONE',  ( -0.01916602111376010040, -0.03466232424600759754, 0.2247769233528379984 ) ) ;
#3102 = CARTESIAN_POINT ( 'NONE',  ( -0.01729721896024299932, 0.04228996209459180006, 0.2400137836320239970 ) ) ;
#3103 = CARTESIAN_POINT ( 'NONE',  ( -0.03426613004699759907, -0.03246232424600770106, 0.2182637836320239777 ) ) ;
#3104 = LINE ( 'NONE', #3127, #981 ) ;
#3105 = DIRECTION ( 'NONE',  ( -1.000000000000000000, 0.000000000000000000, 0.000000000000000000 ) ) ;
#3106 = ORIENTED_EDGE ( 'NONE', *, *, #3363, .F. ) ;
#3107 = EDGE_LOOP ( 'NONE', ( #2313, #3188, #1329, #215 ) ) ;
#3108 = VERTEX_POINT ( 'NONE', #2877 ) ;
#3109 = VECTOR ( 'NONE', #1643, 1.000000000000000000 ) ;
#3110 = AXIS2_PLACEMENT_3D ( 'NONE', #1860, #3640, #677 ) ;
#3111 = CARTESIAN_POINT ( 'NONE',  ( -0.01737751865587182018, -0.03316232424600759621, 0.2399653122717736731 ) ) ;
#3112 = CARTESIAN_POINT ( 'NONE',  ( 0.002702781039756939948, -0.03316232424600759621, 0.2165137836320239761 ) ) ;
#3113 = ORIENTED_EDGE ( 'NONE', *, *, #2913, .F. ) ;
#3114 = CARTESIAN_POINT ( 'NONE',  ( 0.002702781039756939948, -0.03246232424600770106, 0.2200137836320239793 ) ) ;
#3115 = CARTESIAN_POINT ( 'NONE',  ( -0.02329721896024300118, -0.03654856314307609877, 0.2298117426031570099 ) ) ;
#3116 = AXIS2_PLACEMENT_3D ( 'NONE', #2169, #3304, #1613 ) ;
#3117 = ADVANCED_FACE ( 'NONE', ( #2536 ), #2818, .T. ) ;
#3118 = ADVANCED_FACE ( 'NONE', ( #474 ), #184, .T. ) ;
#3119 = VECTOR ( 'NONE', #1797, 1.000000000000000000 ) ;
#3120 = ORIENTED_EDGE ( 'NONE', *, *, #949, .F. ) ;
#3121 = DIRECTION ( 'NONE',  ( -0.4999999999999998890, 0.000000000000000000, -0.8660254037844387076 ) ) ;
#3122 = VECTOR ( 'NONE', #552, 1.000000000000000000 ) ;
#3123 = ORIENTED_EDGE ( 'NONE', *, *, #1410, .F. ) ;
#3124 = EDGE_CURVE ( 'NONE', #2895, #85, #373, .T. ) ;
#3125 = ORIENTED_EDGE ( 'NONE', *, *, #2027, .F. ) ;
#3126 = CARTESIAN_POINT ( 'NONE',  ( -0.02510662003700159933, -0.03466232424600759754, 0.2160137836320239757 ) ) ;
#3127 = CARTESIAN_POINT ( 'NONE',  ( -0.03426613004699759907, -0.03316232424600759621, 0.2217637836320239808 ) ) ;
#3128 = CARTESIAN_POINT ( 'NONE',  ( -0.01076432193622479418, -0.03848393184740279971, 0.2278153971756502472 ) ) ;
#3129 = ORIENTED_EDGE ( 'NONE', *, *, #862, .F. ) ;
#3130 = AXIS2_PLACEMENT_3D ( 'NONE', #1799, #42, #345 ) ;
#3131 = CARTESIAN_POINT ( 'NONE',  ( -0.02741602111376000017, -0.03066232424600760093, 0.2200137836320239793 ) ) ;
#3132 = EDGE_CURVE ( 'NONE', #2276, #451, #2193, .T. ) ;
#3133 = ORIENTED_EDGE ( 'NONE', *, *, #494, .T. ) ;
#3134 = ORIENTED_EDGE ( 'NONE', *, *, #402, .T. ) ;
#3135 = ORIENTED_EDGE ( 'NONE', *, *, #3524, .T. ) ;
#3136 = DIRECTION ( 'NONE',  ( 1.000000000000000000, 0.000000000000000000, 0.000000000000000000 ) ) ;
#3137 = ORIENTED_EDGE ( 'NONE', *, *, #1037, .T. ) ;
#3138 = ORIENTED_EDGE ( 'NONE', *, *, #1224, .F. ) ;
#3139 = DIRECTION ( 'NONE',  ( -1.779203565104409733E-16, 0.000000000000000000, 1.000000000000000000 ) ) ;
#3140 = CARTESIAN_POINT ( 'NONE',  ( -0.01729721896024299932, -0.03316232424600759621, 0.2056391127261142093 ) ) ;
#3141 = DIRECTION ( 'NONE',  ( 0.000000000000000000, 1.000000000000000000, 0.000000000000000000 ) ) ;
#3142 = ORIENTED_EDGE ( 'NONE', *, *, #1481, .T. ) ;
#3143 = CARTESIAN_POINT ( 'NONE',  ( -0.01426613004699749977, -0.03246232424600770106, 0.2417637836320239986 ) ) ;
#3144 = FACE_OUTER_BOUND ( 'NONE', #3073, .T. ) ;
#3145 = ADVANCED_FACE ( 'NONE', ( #1093 ), #1071, .F. ) ;
#3146 = DIRECTION ( 'NONE',  ( 1.000000000000000000, 0.000000000000000000, 6.438491137444970658E-16 ) ) ;
#3147 = EDGE_CURVE ( 'NONE', #623, #2631, #2684, .T. ) ;
#3148 = ORIENTED_EDGE ( 'NONE', *, *, #415, .F. ) ;
#3149 = FACE_OUTER_BOUND ( 'NONE', #2491, .T. ) ;
#3150 = ORIENTED_EDGE ( 'NONE', *, *, #640, .T. ) ;
#3151 = ORIENTED_EDGE ( 'NONE', *, *, #898, .F. ) ;
#3152 = LINE ( 'NONE', #2910, #2541 ) ;
#3153 = ORIENTED_EDGE ( 'NONE', *, *, #3729, .T. ) ;
#3154 = CARTESIAN_POINT ( 'NONE',  ( -0.01916602111376010040, -0.03066232424600760093, 0.2247769233528379984 ) ) ;
#3155 = DIRECTION ( 'NONE',  ( 0.000000000000000000, 1.000000000000000000, 0.000000000000000000 ) ) ;
#3156 = AXIS2_PLACEMENT_3D ( 'NONE', #3143, #844, #3737 ) ;
#3157 = CARTESIAN_POINT ( 'NONE',  ( -0.009217747162016117629, -0.03814225318533697590, 0.2136257259425761446 ) ) ;
#3158 = ORIENTED_EDGE ( 'NONE', *, *, #634, .F. ) ;
#3159 = AXIS2_PLACEMENT_3D ( 'NONE', #568, #2946, #1160 ) ;
#3160 = CARTESIAN_POINT ( 'NONE',  ( -0.02279721896024300073, -0.03466232424600759754, 0.2200137836320239793 ) ) ;
#3161 = AXIS2_PLACEMENT_3D ( 'NONE', #3327, #360, #57 ) ;
#3162 = CARTESIAN_POINT ( 'NONE',  ( -0.02329721896024300465, -0.03566232424600760537, 0.2078736112761601085 ) ) ;
#3163 = ORIENTED_EDGE ( 'NONE', *, *, #1576, .T. ) ;
#3164 = EDGE_CURVE ( 'NONE', #2448, #908, #3387, .T. ) ;
#3165 = EDGE_CURVE ( 'NONE', #3586, #1180, #2201, .T. ) ;
#3166 = CARTESIAN_POINT ( 'NONE',  ( 0.004902781039756940080, -0.03246232424600770106, 0.2200137836320239793 ) ) ;
#3167 = EDGE_LOOP ( 'NONE', ( #711, #2787, #180, #757 ) ) ;
#3168 = ORIENTED_EDGE ( 'NONE', *, *, #2206, .T. ) ;
#3169 = VERTEX_POINT ( 'NONE', #3679 ) ;
#3170 = DIRECTION ( 'NONE',  ( 0.000000000000000000, -1.000000000000000000, 0.000000000000000000 ) ) ;
#3171 = CIRCLE ( 'NONE', #1270, 0.002749999999999998973 ) ;
#3172 = CARTESIAN_POINT ( 'NONE',  ( -0.02626132057538079975, -0.03466232424600759754, 0.2220137836320239810 ) ) ;
#3173 = DIRECTION ( 'NONE',  ( -1.000000000000000000, 0.000000000000000000, 0.000000000000000000 ) ) ;
#3174 = AXIS2_PLACEMENT_3D ( 'NONE', #3103, #536, #2582 ) ;
#3175 = DIRECTION ( 'NONE',  ( 1.000000000000000000, 0.000000000000000000, 0.000000000000000000 ) ) ;
#3176 = VECTOR ( 'NONE', #2902, 1.000000000000000000 ) ;
#3177 = LINE ( 'NONE', #1740, #1096 ) ;
#3178 = ORIENTED_EDGE ( 'NONE', *, *, #494, .F. ) ;
#3179 = AXIS2_PLACEMENT_3D ( 'NONE', #1594, #1013, #2726 ) ;
#3180 = AXIS2_PLACEMENT_3D ( 'NONE', #1314, #2836, #1356 ) ;
#3181 = TOROIDAL_SURFACE ( 'NONE', #3, 0.01400000000000000029, 0.004000000000000000083 ) ;
#3182 = DIRECTION ( 'NONE',  ( 1.000000000000000000, 0.000000000000000000, 1.779203565104419840E-16 ) ) ;
#3183 = CARTESIAN_POINT ( 'NONE',  ( -0.01729721896024309993, -0.03566232424600759843, 0.2200137836320239793 ) ) ;
#3184 = CARTESIAN_POINT ( 'NONE',  ( -0.01933311734510530233, -0.03466232424600759754, 0.2180137836320239775 ) ) ;
#3185 = ORIENTED_EDGE ( 'NONE', *, *, #2302, .T. ) ;
#3186 = CARTESIAN_POINT ( 'NONE',  ( 0.002702781039756940382, -0.03316232424600759621, 0.2200137836320239793 ) ) ;
#3187 = ORIENTED_EDGE ( 'NONE', *, *, #1904, .F. ) ;
#3188 = ORIENTED_EDGE ( 'NONE', *, *, #2750, .T. ) ;
#3189 = LINE ( 'NONE', #932, #3223 ) ;
#3190 = EDGE_CURVE ( 'NONE', #2908, #3586, #416, .T. ) ;
#3191 = DIRECTION ( 'NONE',  ( 0.000000000000000000, -1.000000000000000000, 0.000000000000000000 ) ) ;
#3192 = EDGE_LOOP ( 'NONE', ( #2514, #2731, #1948, #2646, #2156 ) ) ;
#3193 = ORIENTED_EDGE ( 'NONE', *, *, #3313, .F. ) ;
#3194 = CARTESIAN_POINT ( 'NONE',  ( -0.01801132057538079936, -0.03466232424600759754, 0.2132506439112100138 ) ) ;
#3195 = EDGE_CURVE ( 'NONE', #869, #2893, #3218, .T. ) ;
#3196 = ORIENTED_EDGE ( 'NONE', *, *, #1339, .F. ) ;
#3197 = CARTESIAN_POINT ( 'NONE',  ( 0.008202781039756950471, -0.03066232424600760093, 0.2160137836320239757 ) ) ;
#3198 = EDGE_LOOP ( 'NONE', ( #2580, #3416, #3551, #134 ) ) ;
#3199 = CARTESIAN_POINT ( 'NONE',  ( -0.02359865158741253008, -0.03791712787829556314, 0.2282883256384213577 ) ) ;
#3200 = ADVANCED_FACE ( 'NONE', ( #3237 ), #284, .T. ) ;
#3201 = CYLINDRICAL_SURFACE ( 'NONE', #3302, 0.004000000000000000083 ) ;
#3202 = FACE_BOUND ( 'NONE', #2617, .T. ) ;
#3203 = DIRECTION ( 'NONE',  ( 1.000000000000000000, 0.000000000000000000, 0.000000000000000000 ) ) ;
#3204 = PLANE ( 'NONE',  #3312 ) ;
#3205 = EDGE_LOOP ( 'NONE', ( #1936, #1810, #1813, #1135 ) ) ;
#3206 = CARTESIAN_POINT ( 'NONE',  ( -0.01933311734510530233, -0.03466232424600759754, 0.2220137836320239810 ) ) ;
#3207 = CARTESIAN_POINT ( 'NONE',  ( -0.01426613004699749977, -0.03246232424600770106, 0.2382637836320239955 ) ) ;
#3208 = CARTESIAN_POINT ( 'NONE',  ( -0.01737751865587182018, -0.03316232424600759621, 0.2399653122717736731 ) ) ;
#3209 = ORIENTED_EDGE ( 'NONE', *, *, #2913, .T. ) ;
#3210 = DIRECTION ( 'NONE',  ( 1.000000000000000000, 0.000000000000000000, 0.000000000000000000 ) ) ;
#3211 = ORIENTED_EDGE ( 'NONE', *, *, #3701, .T. ) ;
#3212 = ORIENTED_EDGE ( 'NONE', *, *, #2002, .F. ) ;
#3213 = CARTESIAN_POINT ( 'NONE',  ( -0.007297218960243059827, -0.03066232424600760093, 0.2298117426031570099 ) ) ;
#3214 = PLANE ( 'NONE',  #3611 ) ;
#3215 = FACE_OUTER_BOUND ( 'NONE', #2830, .T. ) ;
#3216 = EDGE_CURVE ( 'NONE', #799, #641, #1395, .T. ) ;
#3217 = EDGE_CURVE ( 'NONE', #1985, #2867, #1785, .T. ) ;
#3218 = LINE ( 'NONE', #3770, #2384 ) ;
#3219 = AXIS2_PLACEMENT_3D ( 'NONE', #1937, #1652, #189 ) ;
#3220 = CARTESIAN_POINT ( 'NONE',  ( -0.02893944077564830630, -0.03573788479981385158, 0.2140137836320240294 ) ) ;
#3221 = DIRECTION ( 'NONE',  ( 0.000000000000000000, -1.000000000000000000, 0.000000000000000000 ) ) ;
#3222 = LINE ( 'NONE', #597, #1842 ) ;
#3223 = VECTOR ( 'NONE', #892, 1.000000000000000000 ) ;
#3224 = ORIENTED_EDGE ( 'NONE', *, *, #2378, .T. ) ;
#3225 = CARTESIAN_POINT ( 'NONE',  ( 0.002702781039756940382, -0.03316232424600759621, 0.2143884545379337592 ) ) ;
#3226 = FACE_OUTER_BOUND ( 'NONE', #1094, .T. ) ;
#3227 = VECTOR ( 'NONE', #619, 1.000000000000000000 ) ;
#3228 = CARTESIAN_POINT ( 'NONE',  ( -0.03426613004699759907, -0.03246232424600770106, 0.2217637836320239808 ) ) ;
#3229 = CARTESIAN_POINT ( 'NONE',  ( -0.02552683310804175834, -0.03796806918967716299, 0.2136935044286314977 ) ) ;
#3230 = ORIENTED_EDGE ( 'NONE', *, *, #1379, .F. ) ;
#3231 = LINE ( 'NONE', #2961, #3227 ) ;
#3232 = VECTOR ( 'NONE', #2184, 1.000000000000000000 ) ;
#3233 = VERTEX_POINT ( 'NONE', #591 ) ;
#3234 = ORIENTED_EDGE ( 'NONE', *, *, #1291, .T. ) ;
#3235 = CARTESIAN_POINT ( 'NONE',  ( -0.02133867084457044538, -0.03316232424600759621, 0.2400137836320239970 ) ) ;
#3236 = CARTESIAN_POINT ( 'NONE',  ( -0.01454721896024310096, -0.03466232424600759754, 0.2152506439112099879 ) ) ;
#3237 = FACE_OUTER_BOUND ( 'NONE', #1956, .T. ) ;
#3238 = AXIS2_PLACEMENT_3D ( 'NONE', #511, #2237, #2262 ) ;
#3239 = ADVANCED_FACE ( 'NONE', ( #323 ), #1170, .T. ) ;
#3240 = ADVANCED_FACE ( 'NONE', ( #1128 ), #2951, .T. ) ;
#3241 = VECTOR ( 'NONE', #2331, 1.000000000000000000 ) ;
#3242 = DIRECTION ( 'NONE',  ( 1.000000000000000000, 0.000000000000000000, 0.000000000000000000 ) ) ;
#3243 = VERTEX_POINT ( 'NONE', #1469 ) ;
#3244 = CARTESIAN_POINT ( 'NONE',  ( 0.0004527810397569399553, -0.03566232424600759843, 0.2140137836320240017 ) ) ;
#3245 = ORIENTED_EDGE ( 'NONE', *, *, #1904, .T. ) ;
#3246 = CARTESIAN_POINT ( 'NONE',  ( -0.01029867683800550146, -0.03966232424600769912, 0.2271566407748809857 ) ) ;
#3247 = EDGE_CURVE ( 'NONE', #1163, #3588, #3546, .T. ) ;
#3248 = CIRCLE ( 'NONE', #3554, 0.001999999999999998307 ) ;
#3249 = CARTESIAN_POINT ( 'NONE',  ( -0.01454721896024310096, -0.03466232424600759754, 0.2192506439112099914 ) ) ;
#3250 = DIRECTION ( 'NONE',  ( -0.8660254037844387076, 0.000000000000000000, 0.4999999999999998890 ) ) ;
#3251 = PLANE ( 'NONE',  #2935 ) ;
#3252 = ORIENTED_EDGE ( 'NONE', *, *, #3630, .T. ) ;
#3253 = DIRECTION ( 'NONE',  ( 0.000000000000000000, 0.000000000000000000, -1.000000000000000000 ) ) ;
#3254 = EDGE_CURVE ( 'NONE', #2786, #2163, #917, .T. ) ;
#3255 = AXIS2_PLACEMENT_3D ( 'NONE', #3386, #1973, #3748 ) ;
#3256 = VERTEX_POINT ( 'NONE', #2656 ) ;
#3257 = EDGE_LOOP ( 'NONE', ( #559, #2393, #2813, #1661, #2112 ) ) ;
#3258 = CARTESIAN_POINT ( 'NONE',  ( -0.04479721896024299599, -0.03566232424600759843, 0.2240137836320239828 ) ) ;
#3259 = CYLINDRICAL_SURFACE ( 'NONE', #3734, 0.002749999999999998973 ) ;
#3260 = VECTOR ( 'NONE', #1512, 1.000000000000000000 ) ;
#3261 = CARTESIAN_POINT ( 'NONE',  ( -0.02349141671445705709, -0.03760225392557573626, 0.2285793200863600605 ) ) ;
#3262 = DIRECTION ( 'NONE',  ( 1.000000000000000000, 0.000000000000000000, 0.000000000000000000 ) ) ;
#3263 = DIRECTION ( 'NONE',  ( 1.000000000000000000, 0.000000000000000000, -0.000000000000000000 ) ) ;
#3264 = ORIENTED_EDGE ( 'NONE', *, *, #3217, .T. ) ;
#3265 = DIRECTION ( 'NONE',  ( 0.000000000000000000, -1.000000000000000000, 0.000000000000000000 ) ) ;
#3266 = EDGE_CURVE ( 'NONE', #1022, #1943, #3177, .T. ) ;
#3267 = EDGE_CURVE ( 'NONE', #1048, #196, #226, .T. ) ;
#3268 = FACE_OUTER_BOUND ( 'NONE', #3205, .T. ) ;
#3269 = DIRECTION ( 'NONE',  ( 0.000000000000000000, 1.000000000000000000, 0.000000000000000000 ) ) ;
#3270 = ORIENTED_EDGE ( 'NONE', *, *, #571, .F. ) ;
#3271 = LINE ( 'NONE', #3481, #1755 ) ;
#3272 = ORIENTED_EDGE ( 'NONE', *, *, #2891, .F. ) ;
#3273 = ORIENTED_EDGE ( 'NONE', *, *, #1265, .F. ) ;
#3274 = ORIENTED_EDGE ( 'NONE', *, *, #3547, .T. ) ;
#3275 = LINE ( 'NONE', #1509, #665 ) ;
#3276 = ORIENTED_EDGE ( 'NONE', *, *, #2062, .T. ) ;
#3277 = CARTESIAN_POINT ( 'NONE',  ( -0.009928416806726059890, -0.03466232424600759754, 0.2152506439112099879 ) ) ;
#3278 = DIRECTION ( 'NONE',  ( 0.000000000000000000, 1.000000000000000000, 0.000000000000000000 ) ) ;
#3279 = LINE ( 'NONE', #3010, #1831 ) ;
#3280 = EDGE_LOOP ( 'NONE', ( #51, #931, #2568, #1053 ) ) ;
#3281 = LINE ( 'NONE', #3514, #222 ) ;
#3282 = DIRECTION ( 'NONE',  ( -1.779203565104419840E-16, 0.000000000000000000, 1.000000000000000000 ) ) ;
#3283 = CARTESIAN_POINT ( 'NONE',  ( -0.01129721896024310154, -0.03654856314307609877, 0.2102158246608909764 ) ) ;
#3284 = CIRCLE ( 'NONE', #153, 0.002000000000000000042 ) ;
#3285 = DIRECTION ( 'NONE',  ( 1.000000000000000000, 0.000000000000000000, 0.000000000000000000 ) ) ;
#3286 = ORIENTED_EDGE ( 'NONE', *, *, #862, .T. ) ;
#3287 = FACE_OUTER_BOUND ( 'NONE', #2660, .T. ) ;
#3288 = EDGE_CURVE ( 'NONE', #379, #2271, #3275, .T. ) ;
#3289 = EDGE_CURVE ( 'NONE', #1731, #3586, #781, .T. ) ;
#3290 = CIRCLE ( 'NONE', #2979, 0.01400000000000000029 ) ;
#3291 = ORIENTED_EDGE ( 'NONE', *, *, #2597, .F. ) ;
#3292 = ORIENTED_EDGE ( 'NONE', *, *, #3006, .F. ) ;
#3293 = DIRECTION ( 'NONE',  ( 0.000000000000000000, 1.000000000000000000, 0.000000000000000000 ) ) ;
#3294 = CARTESIAN_POINT ( 'NONE',  ( -0.02436957592844640058, -0.03954156905908699782, 0.2270861406002269989 ) ) ;
#3295 = CARTESIAN_POINT ( 'NONE',  ( -0.005655314727790718143, -0.03573809732333281530, 0.2140137836320240572 ) ) ;
#3296 = ORIENTED_EDGE ( 'NONE', *, *, #3471, .F. ) ;
#3297 = PLANE ( 'NONE',  #1029 ) ;
#3298 = AXIS2_PLACEMENT_3D ( 'NONE', #763, #3655, #3715 ) ;
#3299 = CARTESIAN_POINT ( 'NONE',  ( -0.01022486199203980102, -0.03954156905908690067, 0.2129414266638210151 ) ) ;
#3300 = ORIENTED_EDGE ( 'NONE', *, *, #2096, .F. ) ;
#3301 = DIRECTION ( 'NONE',  ( 1.000000000000000000, 0.000000000000000000, 0.000000000000000000 ) ) ;
#3302 = AXIS2_PLACEMENT_3D ( 'NONE', #1490, #884, #627 ) ;
#3303 = DIRECTION ( 'NONE',  ( -0.4999999999999998890, 0.000000000000000000, 0.8660254037844387076 ) ) ;
#3304 = DIRECTION ( 'NONE',  ( 0.000000000000000000, -1.000000000000000000, 0.000000000000000000 ) ) ;
#3305 = DIRECTION ( 'NONE',  ( 0.000000000000000000, 0.000000000000000000, -1.000000000000000000 ) ) ;
#3306 = AXIS2_PLACEMENT_3D ( 'NONE', #2776, #1871, #3042 ) ;
#3307 = AXIS2_PLACEMENT_3D ( 'NONE', #3086, #624, #1220 ) ;
#3308 = VERTEX_POINT ( 'NONE', #668 ) ;
#3309 = EDGE_CURVE ( 'NONE', #85, #2632, #3020, .T. ) ;
#3310 = ORIENTED_EDGE ( 'NONE', *, *, #1130, .T. ) ;
#3311 = AXIS2_PLACEMENT_3D ( 'NONE', #349, #1514, #70 ) ;
#3312 = AXIS2_PLACEMENT_3D ( 'NONE', #961, #1175, #2342 ) ;
#3313 = EDGE_CURVE ( 'NONE', #2754, #443, #645, .T. ) ;
#3314 = EDGE_CURVE ( 'NONE', #2245, #202, #1253, .T. ) ;
#3315 = DIRECTION ( 'NONE',  ( 0.000000000000000000, -1.000000000000000000, 0.000000000000000000 ) ) ;
#3316 = DIRECTION ( 'NONE',  ( 1.000000000000000000, 0.000000000000000000, 0.000000000000000000 ) ) ;
#3317 = CIRCLE ( 'NONE', #3130, 0.005625329094090220083 ) ;
#3318 = CARTESIAN_POINT ( 'NONE',  ( -0.03325576707591569592, -0.03246232424600770106, 0.2200137836320239793 ) ) ;
#3319 = CARTESIAN_POINT ( 'NONE',  ( -0.01116174466961789187, -0.03740620404667383686, 0.2112550296124367510 ) ) ;
#3320 = CARTESIAN_POINT ( 'NONE',  ( -0.01729721896024299932, -0.03066232424600760093, 0.1925137836320239826 ) ) ;
#3321 = DIRECTION ( 'NONE',  ( -1.000000000000000000, 0.000000000000000000, 0.000000000000000000 ) ) ;
#3322 = DIRECTION ( 'NONE',  ( 1.000000000000000000, 0.000000000000000000, 0.000000000000000000 ) ) ;
#3323 = VERTEX_POINT ( 'NONE', #2679 ) ;
#3324 = CARTESIAN_POINT ( 'NONE',  ( -0.01509721896024299875, -0.03246232424600770106, 0.2000137836320239892 ) ) ;
#3325 = ORIENTED_EDGE ( 'NONE', *, *, #2957, .F. ) ;
#3326 = ORIENTED_EDGE ( 'NONE', *, *, #2289, .T. ) ;
#3327 = CARTESIAN_POINT ( 'NONE',  ( -0.01454721896024310096, -0.03466232424600759754, 0.2112506439112100121 ) ) ;
#3328 = CARTESIAN_POINT ( 'NONE',  ( -0.02367740290481307533, -0.03812948041184756331, 0.2281010793246680268 ) ) ;
#3329 = LINE ( 'NONE', #1890, #318 ) ;
#3330 = ADVANCED_FACE ( 'NONE', ( #1814 ), #2969, .T. ) ;
#3331 = EDGE_CURVE ( 'NONE', #3462, #3736, #699, .T. ) ;
#3332 = DIRECTION ( 'NONE',  ( 0.000000000000000000, -1.000000000000000000, 0.000000000000000000 ) ) ;
#3333 = CARTESIAN_POINT ( 'NONE',  ( -0.01737751865587182018, -0.03316232424600759621, 0.2399653122717736731 ) ) ;
#3334 = CARTESIAN_POINT ( 'NONE',  ( -0.02329721896024300118, -0.03066232424600760093, 0.2377637836320239950 ) ) ;
#3335 = DIRECTION ( 'NONE',  ( 0.000000000000000000, -1.000000000000000000, 0.000000000000000000 ) ) ;
#3336 = PLANE ( 'NONE',  #3110 ) ;
#3337 = ORIENTED_EDGE ( 'NONE', *, *, #2482, .T. ) ;
#3338 = CARTESIAN_POINT ( 'NONE',  ( -0.01223781788348459951, -0.03066232424600760093, 0.2192506439112099914 ) ) ;
#3339 = AXIS2_PLACEMENT_3D ( 'NONE', #1803, #1859, #2077 ) ;
#3340 = ORIENTED_EDGE ( 'NONE', *, *, #2968, .T. ) ;
#3341 = VERTEX_POINT ( 'NONE', #719 ) ;
#3342 = VECTOR ( 'NONE', #1703, 1.000000000000000000 ) ;
#3343 = AXIS2_PLACEMENT_3D ( 'NONE', #1641, #2811, #178 ) ;
#3344 = ORIENTED_EDGE ( 'NONE', *, *, #3267, .T. ) ;
#3345 = CARTESIAN_POINT ( 'NONE',  ( -0.007079384758968790790, -0.03625982200856300158, 0.2140137836320240017 ) ) ;
#3346 = DIRECTION ( 'NONE',  ( -1.000000000000000000, 0.000000000000000000, 0.000000000000000000 ) ) ;
#3347 = CARTESIAN_POINT ( 'NONE',  ( -0.01931794490240680215, -0.03316232424600759621, 0.2365137836320239939 ) ) ;
#3348 = EDGE_CURVE ( 'NONE', #3653, #250, #2397, .T. ) ;
#3349 = EDGE_CURVE ( 'NONE', #2865, #936, #3171, .T. ) ;
#3350 = CARTESIAN_POINT ( 'NONE',  ( -0.02510662003700159933, -0.03066232424600760093, 0.2240137836320239828 ) ) ;
#3351 = DIRECTION ( 'NONE',  ( 0.000000000000000000, -1.000000000000000000, 0.000000000000000000 ) ) ;
#3352 = AXIS2_PLACEMENT_3D ( 'NONE', #2756, #1851, #1868 ) ;
#3353 = DIRECTION ( 'NONE',  ( 1.000000000000000000, 0.000000000000000000, 0.000000000000000000 ) ) ;
#3354 = DIRECTION ( 'NONE',  ( 0.000000000000000000, 1.000000000000000000, 0.000000000000000000 ) ) ;
#3355 = ORIENTED_EDGE ( 'NONE', *, *, #2822, .T. ) ;
#3356 = EDGE_CURVE ( 'NONE', #1944, #1415, #56, .T. ) ;
#3357 = FACE_OUTER_BOUND ( 'NONE', #2960, .T. ) ;
#3358 = CARTESIAN_POINT ( 'NONE',  ( -0.02352102273262917861, -0.03769638224052162395, 0.2115382609055960206 ) ) ;
#3359 = CARTESIAN_POINT ( 'NONE',  ( -0.02657618677670220766, -0.03693116855791050979, 0.2260394760535754388 ) ) ;
#3360 = CIRCLE ( 'NONE', #1216, 0.002749999999999998973 ) ;
#3361 = EDGE_LOOP ( 'NONE', ( #1081, #1102, #2633, #3011 ) ) ;
#3362 = VERTEX_POINT ( 'NONE', #2986 ) ;
#3363 = EDGE_CURVE ( 'NONE', #1601, #2901, #363, .T. ) ;
#3364 = VECTOR ( 'NONE', #2110, 1.000000000000000000 ) ;
#3365 = DIRECTION ( 'NONE',  ( -0.8660254037844387076, 0.000000000000000000, 0.4999999999999998890 ) ) ;
#3366 = CIRCLE ( 'NONE', #3060, 0.001999999999999998307 ) ;
#3367 = EDGE_LOOP ( 'NONE', ( #1912, #2192, #465, #3389 ) ) ;
#3368 = DIRECTION ( 'NONE',  ( 1.000000000000000000, 0.000000000000000000, 0.000000000000000000 ) ) ;
#3369 = DIRECTION ( 'NONE',  ( 0.000000000000000000, 1.000000000000000000, 0.000000000000000000 ) ) ;
#3370 = VERTEX_POINT ( 'NONE', #76 ) ;
#3371 = CARTESIAN_POINT ( 'NONE',  ( -0.009153281507826308006, -0.03806668585043631453, 0.2136556671742516622 ) ) ;
#3372 = CARTESIAN_POINT ( 'NONE',  ( -0.01108311734510530021, -0.03066232424600760093, 0.2172506439112099896 ) ) ;
#3373 = ORIENTED_EDGE ( 'NONE', *, *, #1726, .T. ) ;
#3374 = DIRECTION ( 'NONE',  ( -0.4999999999999998890, 0.000000000000000000, 0.8660254037844387076 ) ) ;
#3375 = CARTESIAN_POINT ( 'NONE',  ( -0.01509721896024299875, -0.03246232424600770106, 0.2400137836320239970 ) ) ;
#3376 = CARTESIAN_POINT ( 'NONE',  ( -0.01098212930021414020, -0.03795409864640343633, 0.2282556525580453355 ) ) ;
#3377 = CARTESIAN_POINT ( 'NONE',  ( -0.01729721896024299932, 0.04228996209459180006, 0.2000137836320239892 ) ) ;
#3378 = EDGE_CURVE ( 'NONE', #1415, #1944, #2014, .T. ) ;
#3379 = EDGE_CURVE ( 'NONE', #1351, #22, #103, .T. ) ;
#3380 = CARTESIAN_POINT ( 'NONE',  ( -0.02709517793137580094, -0.03654856314307609877, 0.2260137836320239846 ) ) ;
#3381 = VERTEX_POINT ( 'NONE', #2176 ) ;
#3382 = EDGE_LOOP ( 'NONE', ( #2309, #2887, #2530, #2350, #944, #3185 ) ) ;
#3383 = CYLINDRICAL_SURFACE ( 'NONE', #3343, 0.004000000000000000951 ) ;
#3384 = VERTEX_POINT ( 'NONE', #342 ) ;
#3385 = CARTESIAN_POINT ( 'NONE',  ( -0.01685662003700160241, -0.03466232424600759754, 0.2207769233528390218 ) ) ;
#3386 = CARTESIAN_POINT ( 'NONE',  ( -0.03729721896024299627, -0.03246232424600770106, 0.2200137836320239793 ) ) ;
#3387 = LINE ( 'NONE', #1955, #721 ) ;
#3388 = ORIENTED_EDGE ( 'NONE', *, *, #1183, .T. ) ;
#3389 = ORIENTED_EDGE ( 'NONE', *, *, #1007, .T. ) ;
#3390 = LINE ( 'NONE', #748, #1078 ) ;
#3391 = DIRECTION ( 'NONE',  ( 1.000000000000000000, 0.000000000000000000, 7.511572993685800087E-16 ) ) ;
#3392 = PLANE ( 'NONE',  #3711 ) ;
#3393 = APPLICATION_PROTOCOL_DEFINITION ( 'draft international standard', 'automotive_design', 1998, #3456 ) ;
#3394 = ORIENTED_EDGE ( 'NONE', *, *, #2852, .T. ) ;
#3395 = CARTESIAN_POINT ( 'NONE',  ( -0.02329721896024300118, -0.03066232424600760093, 0.2298117426031570099 ) ) ;
#3396 = ORIENTED_EDGE ( 'NONE', *, *, #1978, .T. ) ;
#3397 = ORIENTED_EDGE ( 'NONE', *, *, #3486, .F. ) ;
#3398 = EDGE_CURVE ( 'NONE', #2672, #52, #237, .T. ) ;
#3399 = EDGE_CURVE ( 'NONE', #3625, #434, #1530, .T. ) ;
#3400 = DIRECTION ( 'NONE',  ( 0.000000000000000000, 0.000000000000000000, -1.000000000000000000 ) ) ;
#3401 = ORIENTED_EDGE ( 'NONE', *, *, #613, .T. ) ;
#3402 = AXIS2_PLACEMENT_3D ( 'NONE', #3160, #3492, #2047 ) ;
#3403 = CYLINDRICAL_SURFACE ( 'NONE', #1332, 0.002749999999999998973 ) ;
#3404 = CARTESIAN_POINT ( 'NONE',  ( -0.03509721896024299570, 0.04228996209459180006, 0.2200137836320239793 ) ) ;
#3405 = VECTOR ( 'NONE', #411, 1.000000000000000000 ) ;
#3406 = CARTESIAN_POINT ( 'NONE',  ( -0.01129721896024310154, -0.03566232424600759843, 0.2073646729913510012 ) ) ;
#3407 = CARTESIAN_POINT ( 'NONE',  ( 0.006744232924084319659, -0.03246232424600770106, 0.2200137836320239793 ) ) ;
#3408 = ORIENTED_EDGE ( 'NONE', *, *, #1504, .T. ) ;
#3409 = AXIS2_PLACEMENT_3D ( 'NONE', #280, #834, #3745 ) ;
#3410 = ADVANCED_FACE ( 'NONE', ( #3585 ), #143, .T. ) ;
#3411 = ORIENTED_EDGE ( 'NONE', *, *, #3775, .T. ) ;
#3412 = CARTESIAN_POINT ( 'NONE',  ( -0.02626132057538079975, -0.03066232424600760093, 0.2180137836320239775 ) ) ;
#3413 = FACE_OUTER_BOUND ( 'NONE', #1780, .T. ) ;
#3414 = CARTESIAN_POINT ( 'NONE',  ( -0.03729721896024299627, -0.03316232424600759621, 0.2143884545379337592 ) ) ;
#3415 = CARTESIAN_POINT ( 'NONE',  ( -0.01129721896024310154, -0.03654856314307609877, 0.2298117426031570099 ) ) ;
#3416 = ORIENTED_EDGE ( 'NONE', *, *, #3075, .F. ) ;
#3417 = CARTESIAN_POINT ( 'NONE',  ( -0.02552653619569916071, -0.03796837366444487383, 0.2263342027408545010 ) ) ;
#3418 = VERTEX_POINT ( 'NONE', #1949 ) ;
#3419 = VERTEX_POINT ( 'NONE', #2500 ) ;
#3420 = ORIENTED_EDGE ( 'NONE', *, *, #1577, .F. ) ;
#3421 = AXIS2_PLACEMENT_3D ( 'NONE', #124, #2736, #3601 ) ;
#3422 = AXIS2_PLACEMENT_3D ( 'NONE', #890, #3780, #3285 ) ;
#3423 = CARTESIAN_POINT ( 'NONE',  ( -0.04479721896024299599, -0.03566232424600759843, 0.2200137836320239793 ) ) ;
#3424 = EDGE_CURVE ( 'NONE', #2517, #3019, #2074, .T. ) ;
#3425 = ORIENTED_EDGE ( 'NONE', *, *, #762, .T. ) ;
#3426 = ORIENTED_EDGE ( 'NONE', *, *, #2616, .F. ) ;
#3427 = DIRECTION ( 'NONE',  ( 1.000000000000000000, 0.000000000000000000, 0.000000000000000000 ) ) ;
#3428 = DIRECTION ( 'NONE',  ( 0.000000000000000000, 1.000000000000000000, 0.000000000000000000 ) ) ;
#3429 = VECTOR ( 'NONE', #1669, 1.000000000000000000 ) ;
#3430 = ADVANCED_FACE ( 'NONE', ( #1068 ), #2814, .T. ) ;
#3431 = EDGE_CURVE ( 'NONE', #1364, #3323, #2518, .T. ) ;
#3432 = AXIS2_PLACEMENT_3D ( 'NONE', #3320, #1573, #2742 ) ;
#3433 = CARTESIAN_POINT ( 'NONE',  ( -0.01022486199203980102, -0.03954156905908690067, 0.2129414266638210151 ) ) ;
#3434 = AXIS2_PLACEMENT_3D ( 'NONE', #3377, #1796, #1019 ) ;
#3435 = CARTESIAN_POINT ( 'NONE',  ( -0.01329721896024309985, -0.03566232424600759843, 0.2475137836320239759 ) ) ;
#3436 = CARTESIAN_POINT ( 'NONE',  ( 0.002702781039756929973, -0.03246232424600770106, 0.2235137836320239824 ) ) ;
#3437 = DIRECTION ( 'NONE',  ( 1.000000000000000000, 0.000000000000000000, 0.000000000000000000 ) ) ;
#3438 = VERTEX_POINT ( 'NONE', #3651 ) ;
#3439 = VECTOR ( 'NONE', #1895, 1.000000000000000000 ) ;
#3440 = FACE_OUTER_BOUND ( 'NONE', #3167, .T. ) ;
#3441 = CARTESIAN_POINT ( 'NONE',  ( -0.01729721896024299932, -0.03316232424600759621, 0.2000137836320239892 ) ) ;
#3442 = EDGE_LOOP ( 'NONE', ( #2990, #3325, #1542, #3781 ) ) ;
#3443 = ORIENTED_EDGE ( 'NONE', *, *, #949, .T. ) ;
#3444 = ORIENTED_EDGE ( 'NONE', *, *, #1738, .T. ) ;
#3445 = CARTESIAN_POINT ( 'NONE',  ( -0.03527649301807944671, -0.03316232424600759621, 0.2165137836320239761 ) ) ;
#3446 = VERTEX_POINT ( 'NONE', #742 ) ;
#3447 = LINE ( 'NONE', #3385, #1701 ) ;
#3448 = FACE_OUTER_BOUND ( 'NONE', #1583, .T. ) ;
#3449 = DIRECTION ( 'NONE',  ( 0.8660254037844387076, 0.000000000000000000, -0.4999999999999998890 ) ) ;
#3450 = VERTEX_POINT ( 'NONE', #2197 ) ;
#3451 = EDGE_CURVE ( 'NONE', #2163, #1419, #2556, .T. ) ;
#3452 = ADVANCED_FACE ( 'NONE', ( #2256 ), #800, .F. ) ;
#3453 = FACE_OUTER_BOUND ( 'NONE', #2831, .T. ) ;
#3454 = CARTESIAN_POINT ( 'NONE',  ( -0.01454721896024310096, -0.03466232424600759754, 0.2287769233528390012 ) ) ;
#3455 = CARTESIAN_POINT ( 'NONE',  ( -0.01058021812288808400, -0.03888219488116428924, 0.2275157720923471349 ) ) ;
#3456 = APPLICATION_CONTEXT ( 'automotive_design' ) ;
#3457 = LINE ( 'NONE', #829, #903 ) ;
#3458 = ORIENTED_EDGE ( 'NONE', *, *, #1481, .F. ) ;
#3459 = ORIENTED_EDGE ( 'NONE', *, *, #2839, .T. ) ;
#3460 = ORIENTED_EDGE ( 'NONE', *, *, #3216, .T. ) ;
#3461 = DIRECTION ( 'NONE',  ( -0.4999999999999998890, 0.000000000000000000, 0.8660254037844387076 ) ) ;
#3462 = VERTEX_POINT ( 'NONE', #3712 ) ;
#3463 = LINE ( 'NONE', #837, #1347 ) ;
#3464 = FACE_BOUND ( 'NONE', #954, .T. ) ;
#3465 = DIRECTION ( 'NONE',  ( 0.4999999999999998890, 0.000000000000000000, 0.8660254037844387076 ) ) ;
#3466 = CIRCLE ( 'NONE', #2239, 0.005625329094090220083 ) ;
#3467 = CARTESIAN_POINT ( 'NONE',  ( 0.005733869953002479827, -0.03246232424600770106, 0.2182637836320239777 ) ) ;
#3468 = ORIENTED_EDGE ( 'NONE', *, *, #2868, .T. ) ;
#3469 = CIRCLE ( 'NONE', #773, 0.002000000000000000042 ) ;
#3470 = CARTESIAN_POINT ( 'NONE',  ( -0.01129721896024310154, -0.03066232424600760093, 0.2377637836320239950 ) ) ;
#3471 = EDGE_CURVE ( 'NONE', #250, #397, #3447, .T. ) ;
#3472 = EDGE_LOOP ( 'NONE', ( #2252, #3579, #483, #1666, #1054, #756 ) ) ;
#3473 = CIRCLE ( 'NONE', #1815, 0.002000000000000000042 ) ;
#3474 = DIRECTION ( 'NONE',  ( 0.000000000000000000, -1.000000000000000000, 0.000000000000000000 ) ) ;
#3475 = DIRECTION ( 'NONE',  ( 0.4999999999999998890, 0.000000000000000000, -0.8660254037844387076 ) ) ;
#3476 = ORIENTED_EDGE ( 'NONE', *, *, #2625, .T. ) ;
#3477 = DIRECTION ( 'NONE',  ( 0.000000000000000000, 0.000000000000000000, -1.000000000000000000 ) ) ;
#3478 = EDGE_CURVE ( 'NONE', #3384, #1206, #1662, .T. ) ;
#3479 = EDGE_LOOP ( 'NONE', ( #3480, #1725, #2005, #621 ) ) ;
#3480 = ORIENTED_EDGE ( 'NONE', *, *, #117, .T. ) ;
#3481 = CARTESIAN_POINT ( 'NONE',  ( -0.04133867084457040070, -0.03246232424600770106, 0.2200137836320239793 ) ) ;
#3482 = CARTESIAN_POINT ( 'NONE',  ( -0.01729721896024299932, -0.03066232424600760093, 0.2400137836320239970 ) ) ;
#3483 = AXIS2_PLACEMENT_3D ( 'NONE', #1330, #200, #3427 ) ;
#3484 = EDGE_LOOP ( 'NONE', ( #3178, #680, #738, #2410, #744 ) ) ;
#3485 = DIRECTION ( 'NONE',  ( 0.000000000000000000, 1.000000000000000000, 0.000000000000000000 ) ) ;
#3486 = EDGE_CURVE ( 'NONE', #3736, #503, #181, .T. ) ;
#3487 = VECTOR ( 'NONE', #48, 1.000000000000000000 ) ;
#3488 = PLANE ( 'NONE',  #1892 ) ;
#3489 = AXIS2_PLACEMENT_3D ( 'NONE', #3494, #1491, #290 ) ;
#3490 = CARTESIAN_POINT ( 'NONE',  ( -0.02329721896024292138, -0.03672534053596987480, 0.2295546803433916039 ) ) ;
#3491 = VECTOR ( 'NONE', #1486, 1.000000000000000000 ) ;
#3492 = DIRECTION ( 'NONE',  ( -0.000000000000000000, 1.000000000000000000, 0.000000000000000000 ) ) ;
#3493 = ORIENTED_EDGE ( 'NONE', *, *, #142, .F. ) ;
#3494 = CARTESIAN_POINT ( 'NONE',  ( -0.01729721896024299932, -0.03246232424600770106, 0.2035137836320239924 ) ) ;
#3495 = ORIENTED_EDGE ( 'NONE', *, *, #1112, .F. ) ;
#3496 = CARTESIAN_POINT ( 'NONE',  ( -0.01801132057538079936, -0.03466232424600759754, 0.2132506439112100138 ) ) ;
#3497 = ORIENTED_EDGE ( 'NONE', *, *, #334, .T. ) ;
#3498 = LINE ( 'NONE', #3207, #3665 ) ;
#3499 = FACE_OUTER_BOUND ( 'NONE', #3628, .T. ) ;
#3500 = ORIENTED_EDGE ( 'NONE', *, *, #3015, .T. ) ;
#3501 = VECTOR ( 'NONE', #3428, 1.000000000000000000 ) ;
#3502 = CARTESIAN_POINT ( 'NONE',  ( -0.01223781788348459951, -0.03466232424600759754, 0.2112506439112100121 ) ) ;
#3503 = EDGE_CURVE ( 'NONE', #2102, #2706, #3675, .T. ) ;
#3504 = ADVANCED_FACE ( 'NONE', ( #1910 ), #3403, .F. ) ;
#3505 = ORIENTED_EDGE ( 'NONE', *, *, #2724, .T. ) ;
#3506 = VERTEX_POINT ( 'NONE', #160 ) ;
#3507 = CARTESIAN_POINT ( 'NONE',  ( 0.0006820550975932495501, -0.03316232424600759621, 0.2235137836320239824 ) ) ;
#3508 = ORIENTED_EDGE ( 'NONE', *, *, #3706, .T. ) ;
#3509 = CARTESIAN_POINT ( 'NONE',  ( -0.009055350034227112668, -0.03795409864640911929, 0.2136986939719924539 ) ) ;
#3510 = DIRECTION ( 'NONE',  ( 0.000000000000000000, 1.000000000000000000, 0.000000000000000000 ) ) ;
#3511 = CARTESIAN_POINT ( 'NONE',  ( 0.004723506981920633056, -0.03316232424600759621, 0.2165137836320239761 ) ) ;
#3512 = CARTESIAN_POINT ( 'NONE',  ( -0.01685662003700160241, -0.03066232424600760093, 0.2207769233528390218 ) ) ;
#3513 = VERTEX_POINT ( 'NONE', #488 ) ;
#3514 = CARTESIAN_POINT ( 'NONE',  ( -0.02279721896024300073, -0.03466232424600759754, 0.2240137836320239828 ) ) ;
#3515 = CARTESIAN_POINT ( 'NONE',  ( -0.01108311734510530021, -0.03466232424600759754, 0.2267769233528380002 ) ) ;
#3516 = VERTEX_POINT ( 'NONE', #2533 ) ;
#3517 = LINE ( 'NONE', #1018, #3405 ) ;
#3518 = EDGE_LOOP ( 'NONE', ( #3337, #2621, #1552, #3326 ) ) ;
#3519 = EDGE_CURVE ( 'NONE', #3598, #3370, #2875, .T. ) ;
#3520 = EDGE_CURVE ( 'NONE', #1236, #3418, #508, .T. ) ;
#3521 = ORIENTED_EDGE ( 'NONE', *, *, #1308, .T. ) ;
#3522 = CARTESIAN_POINT ( 'NONE',  ( 0.002702781039756940382, -0.03566232424600759843, 0.2143884545379337592 ) ) ;
#3523 = CARTESIAN_POINT ( 'NONE',  ( -0.01729721896024299932, -0.03066232424600760093, 0.2475137836320239759 ) ) ;
#3524 = EDGE_CURVE ( 'NONE', #908, #1754, #1679, .T. ) ;
#3525 = CARTESIAN_POINT ( 'NONE',  ( -0.02358730203556202651, -0.03788599651459423345, 0.2283160394130387683 ) ) ;
#3526 = AXIS2_PLACEMENT_3D ( 'NONE', #2186, #3681, #3353 ) ;
#3527 = CARTESIAN_POINT ( 'NONE',  ( -0.01129721896024310154, -0.03566232424600759843, 0.2326628942726980120 ) ) ;
#3528 = EDGE_LOOP ( 'NONE', ( #3068, #835, #2407, #1218, #2931, #1776 ) ) ;
#3529 = CARTESIAN_POINT ( 'NONE',  ( -0.02554721896024299971, -0.05366232424600769768, 0.2200137836320239793 ) ) ;
#3530 = DIRECTION ( 'NONE',  ( 0.000000000000000000, -1.000000000000000000, 0.000000000000000000 ) ) ;
#3531 = VERTEX_POINT ( 'NONE', #2553 ) ;
#3532 = AXIS2_PLACEMENT_3D ( 'NONE', #2103, #3782, #3210 ) ;
#3533 = EDGE_CURVE ( 'NONE', #3438, #2024, #3095, .T. ) ;
#3534 = FACE_OUTER_BOUND ( 'NONE', #1390, .T. ) ;
#3535 = AXIS2_PLACEMENT_3D ( 'NONE', #3333, #1555, #2202 ) ;
#3536 = LINE ( 'NONE', #654, #524 ) ;
#3537 = CARTESIAN_POINT ( 'NONE',  ( -0.02544288507765315316, -0.03806527422315806458, 0.2136566493251829679 ) ) ;
#3538 = ORIENTED_EDGE ( 'NONE', *, *, #3071, .F. ) ;
#3539 = FACE_OUTER_BOUND ( 'NONE', #338, .T. ) ;
#3540 = VECTOR ( 'NONE', #3779, 1.000000000000000000 ) ;
#3541 = VERTEX_POINT ( 'NONE', #1109 ) ;
#3542 = ORIENTED_EDGE ( 'NONE', *, *, #2852, .F. ) ;
#3543 = VERTEX_POINT ( 'NONE', #2277 ) ;
#3544 = CARTESIAN_POINT ( 'NONE',  ( -0.02332039730130431796, -0.03692134428766469939, 0.2107211634291721591 ) ) ;
#3545 = CARTESIAN_POINT ( 'NONE',  ( -0.02510662003700159933, -0.03466232424600759754, 0.2240137836320239828 ) ) ;
#3546 = LINE ( 'NONE', #2611, #477 ) ;
#3547 = EDGE_CURVE ( 'NONE', #936, #2865, #1951, .T. ) ;
#3548 = EDGE_CURVE ( 'NONE', #1971, #2317, #2029, .T. ) ;
#3549 = VECTOR ( 'NONE', #2490, 1.000000000000000000 ) ;
#3550 = DIRECTION ( 'NONE',  ( 0.000000000000000000, 1.000000000000000000, 0.000000000000000000 ) ) ;
#3551 = ORIENTED_EDGE ( 'NONE', *, *, #163, .F. ) ;
#3552 = AXIS2_PLACEMENT_3D ( 'NONE', #3496, #871, #2711 ) ;
#3553 = DIRECTION ( 'NONE',  ( 1.000000000000000000, 0.000000000000000000, 5.633679745264349572E-16 ) ) ;
#3554 = AXIS2_PLACEMENT_3D ( 'NONE', #78, #1534, #2707 ) ;
#3555 = CARTESIAN_POINT ( 'NONE',  ( -0.008408674682782314724, -0.03728216568332257813, 0.2261169201833802544 ) ) ;
#3556 = CARTESIAN_POINT ( 'NONE',  ( -0.01527649301807929884, -0.03246232424600770106, 0.2035137836320239924 ) ) ;
#3557 = VECTOR ( 'NONE', #2154, 1.000000000000000000 ) ;
#3558 = FACE_BOUND ( 'NONE', #2356, .T. ) ;
#3559 = EDGE_LOOP ( 'NONE', ( #1563, #650, #2686, #975, #1024, #3088 ) ) ;
#3560 = CARTESIAN_POINT ( 'NONE',  ( -0.01916602111376010040, -0.03066232424600760093, 0.2152506439112099879 ) ) ;
#3561 = VERTEX_POINT ( 'NONE', #3154 ) ;
#3562 = ORIENTED_EDGE ( 'NONE', *, *, #2771, .F. ) ;
#3563 = PLANE ( 'NONE',  #1660 ) ;
#3564 = EDGE_LOOP ( 'NONE', ( #128, #1034, #1602, #1693 ) ) ;
#3565 = DIRECTION ( 'NONE',  ( 0.000000000000000000, -1.000000000000000000, 0.000000000000000000 ) ) ;
#3566 = DIRECTION ( 'NONE',  ( 1.000000000000000000, 0.000000000000000000, 0.000000000000000000 ) ) ;
#3567 = ORIENTED_EDGE ( 'NONE', *, *, #3706, .F. ) ;
#3568 = CARTESIAN_POINT ( 'NONE',  ( -0.01729721896024309993, -0.03966232424600769912, 0.2200137836320239793 ) ) ;
#3569 = CARTESIAN_POINT ( 'NONE',  ( -0.03729721896024299627, -0.03316232424600759621, 0.2200137836320239793 ) ) ;
#3570 = LINE ( 'NONE', #2708, #15 ) ;
#3571 = ADVANCED_FACE ( 'NONE', ( #1125 ), #859, .F. ) ;
#3572 = ORIENTED_EDGE ( 'NONE', *, *, #730, .F. ) ;
#3573 = EDGE_CURVE ( 'NONE', #3506, #1986, #281, .T. ) ;
#3574 = CARTESIAN_POINT ( 'NONE',  ( -0.04479721896024299599, -0.03566232424600759843, 0.2160137836320239757 ) ) ;
#3575 = CARTESIAN_POINT ( 'NONE',  ( -0.02329721896024300118, -0.03066232424600760093, 0.2022637836320239912 ) ) ;
#3576 = DIRECTION ( 'NONE',  ( 0.000000000000000000, 1.000000000000000000, 0.000000000000000000 ) ) ;
#3577 = FACE_OUTER_BOUND ( 'NONE', #2548, .T. ) ;
#3578 = CARTESIAN_POINT ( 'NONE',  ( -0.02709517793137570033, -0.03066232424600760093, 0.2100137836320239981 ) ) ;
#3579 = ORIENTED_EDGE ( 'NONE', *, *, #2170, .T. ) ;
#3580 = CARTESIAN_POINT ( 'NONE',  ( -0.03426613004699759907, -0.03246232424600770106, 0.2217637836320239808 ) ) ;
#3581 = ORIENTED_EDGE ( 'NONE', *, *, #116, .F. ) ;
#3582 = VERTEX_POINT ( 'NONE', #1466 ) ;
#3583 = CARTESIAN_POINT ( 'NONE',  ( -0.01933311734510530233, -0.03066232424600760093, 0.2180137836320239775 ) ) ;
#3584 = LINE ( 'NONE', #123, #2181 ) ;
#3585 = FACE_OUTER_BOUND ( 'NONE', #1169, .T. ) ;
#3586 = VERTEX_POINT ( 'NONE', #1444 ) ;
#3587 = FACE_BOUND ( 'NONE', #2139, .T. ) ;
#3588 = VERTEX_POINT ( 'NONE', #3507 ) ;
#3589 = PLANE ( 'NONE',  #2246 ) ;
#3590 = PLANE ( 'NONE',  #118 ) ;
#3591 = EDGE_CURVE ( 'NONE', #893, #765, #2896, .T. ) ;
#3592 = DIRECTION ( 'NONE',  ( 0.000000000000000000, 1.000000000000000000, 0.000000000000000000 ) ) ;
#3593 = VECTOR ( 'NONE', #3607, 1.000000000000000000 ) ;
#3594 = DIRECTION ( 'NONE',  ( 0.000000000000000000, 1.000000000000000000, 0.000000000000000000 ) ) ;
#3595 = FACE_OUTER_BOUND ( 'NONE', #2861, .T. ) ;
#3596 = EDGE_CURVE ( 'NONE', #3516, #2196, #1412, .T. ) ;
#3597 = ORIENTED_EDGE ( 'NONE', *, *, #2939, .F. ) ;
#3598 = VERTEX_POINT ( 'NONE', #265 ) ;
#3599 = AXIS2_PLACEMENT_3D ( 'NONE', #398, #698, #2144 ) ;
#3600 = FACE_OUTER_BOUND ( 'NONE', #1369, .T. ) ;
#3601 = DIRECTION ( 'NONE',  ( 1.000000000000000000, 0.000000000000000000, 0.000000000000000000 ) ) ;
#3602 = VECTOR ( 'NONE', #1626, 1.000000000000000000 ) ;
#3603 = DIRECTION ( 'NONE',  ( 0.000000000000000000, -1.000000000000000000, 0.000000000000000000 ) ) ;
#3604 = CARTESIAN_POINT ( 'NONE',  ( 0.008202781039756950471, -0.03566232424600759843, 0.2140137836320240017 ) ) ;
#3605 = AXIS2_PLACEMENT_3D ( 'NONE', #2758, #3633, #126 ) ;
#3606 = DIRECTION ( 'NONE',  ( 0.000000000000000000, 1.000000000000000000, 0.000000000000000000 ) ) ;
#3607 = DIRECTION ( 'NONE',  ( 0.000000000000000000, -1.000000000000000000, 0.000000000000000000 ) ) ;
#3608 = DIRECTION ( 'NONE',  ( 1.000000000000000000, 0.000000000000000000, 0.000000000000000000 ) ) ;
#3609 = PLANE ( 'NONE',  #44 ) ;
#3610 = VECTOR ( 'NONE', #2599, 1.000000000000000000 ) ;
#3611 = AXIS2_PLACEMENT_3D ( 'NONE', #302, #2635, #2355 ) ;
#3612 = ORIENTED_EDGE ( 'NONE', *, *, #594, .F. ) ;
#3613 = ORIENTED_EDGE ( 'NONE', *, *, #2226, .T. ) ;
#3614 = ADVANCED_FACE ( 'NONE', ( #3784 ), #3181, .F. ) ;
#3615 = EDGE_CURVE ( 'NONE', #2488, #1907, #2008, .T. ) ;
#3616 = DIRECTION ( 'NONE',  ( 1.000000000000000000, 0.000000000000000000, 0.000000000000000000 ) ) ;
#3617 = CIRCLE ( 'NONE', #3677, 0.002000000000000001776 ) ;
#3618 = FACE_OUTER_BOUND ( 'NONE', #2105, .T. ) ;
#3619 = VECTOR ( 'NONE', #3263, 1.000000000000000000 ) ;
#3620 = CARTESIAN_POINT ( 'NONE',  ( -0.01454721896024310096, -0.03466232424600759754, 0.2192506439112099914 ) ) ;
#3621 = LINE ( 'NONE', #439, #3232 ) ;
#3622 = DIRECTION ( 'NONE',  ( 1.000000000000000000, 0.000000000000000000, 0.000000000000000000 ) ) ;
#3623 = DIRECTION ( 'NONE',  ( 0.000000000000000000, -1.000000000000000000, 0.000000000000000000 ) ) ;
#3624 = DIRECTION ( 'NONE',  ( 0.000000000000000000, -1.000000000000000000, 0.000000000000000000 ) ) ;
#3625 = VERTEX_POINT ( 'NONE', #2574 ) ;
#3626 = PLANE ( 'NONE',  #1201 ) ;
#3627 = B_SPLINE_CURVE_WITH_KNOTS ( 'NONE', 3,
 ( #1637, #2474, #3544, #1618, #2395, #2190, #3358, #151, #2106, #1323, #2804, #2413, #3664, #2700, #1523, #339, #172, #751, #1503 ),
 .UNSPECIFIED., .F., .F.,
 ( 4, 2, 2, 1, 1, 1, 1, 1, 2, 2, 2, 4 ),
 ( 0.000000000000000000, 0.2499999999999281686, 0.3749999999998980260, 0.4374999999998908096, 0.4687499999998943623, 0.4843749999998958611, 0.4921874999999018008, 0.4960937499998993583, 0.4980468749999053535, 0.4999999999999114042, 0.7499999999999557021, 1.000000000000000000 ),
 .UNSPECIFIED. ) ;
#3628 = EDGE_LOOP ( 'NONE', ( #1472, #874 ) ) ;
#3629 = ORIENTED_EDGE ( 'NONE', *, *, #3729, .F. ) ;
#3630 = EDGE_CURVE ( 'NONE', #831, #3381, #3463, .T. ) ;
#3631 = EDGE_CURVE ( 'NONE', #2706, #3108, #2634, .T. ) ;
#3632 = DIRECTION ( 'NONE',  ( 0.000000000000000000, 1.000000000000000000, 0.000000000000000000 ) ) ;
#3633 = DIRECTION ( 'NONE',  ( 0.000000000000000000, -1.000000000000000000, 0.000000000000000000 ) ) ;
#3634 = ADVANCED_FACE ( 'NONE', ( #820 ), #572, .F. ) ;
#3635 = ORIENTED_EDGE ( 'NONE', *, *, #1853, .T. ) ;
#3636 = CARTESIAN_POINT ( 'NONE',  ( 0.002702781039756939948, -0.03246232424600770106, 0.2165137836320239761 ) ) ;
#3637 = CARTESIAN_POINT ( 'NONE',  ( -0.01729721896024299932, -0.03246232424600770106, 0.2400137836320239970 ) ) ;
#3638 = CARTESIAN_POINT ( 'NONE',  ( 0.002702781039756939948, -0.03066232424600760093, 0.2200137836320239793 ) ) ;
#3639 = DIRECTION ( 'NONE',  ( 0.000000000000000000, 0.000000000000000000, -1.000000000000000000 ) ) ;
#3640 = DIRECTION ( 'NONE',  ( -0.8660254037844387076, 0.000000000000000000, 0.4999999999999998890 ) ) ;
#3641 = EDGE_CURVE ( 'NONE', #3689, #3543, #1593, .T. ) ;
#3642 = ORIENTED_EDGE ( 'NONE', *, *, #2253, .F. ) ;
#3643 = FACE_BOUND ( 'NONE', #390, .T. ) ;
#3644 = DIRECTION ( 'NONE',  ( 1.000000000000000000, 0.000000000000000000, 0.000000000000000000 ) ) ;
#3645 = AXIS2_PLACEMENT_3D ( 'NONE', #3102, #1668, #1595 ) ;
#3646 = ORIENTED_EDGE ( 'NONE', *, *, #3519, .F. ) ;
#3647 = VERTEX_POINT ( 'NONE', #3522 ) ;
#3648 = AXIS2_PLACEMENT_3D ( 'NONE', #2056, #1806, #333 ) ;
#3649 = CARTESIAN_POINT ( 'NONE',  ( -0.001338670844570439980, -0.03246232424600770106, 0.2200137836320239793 ) ) ;
#3650 = AXIS2_PLACEMENT_3D ( 'NONE', #45, #598, #581 ) ;
#3651 = CARTESIAN_POINT ( 'NONE',  ( -0.01223781788348459951, -0.03066232424600760093, 0.2287769233528390012 ) ) ;
#3652 = CARTESIAN_POINT ( 'NONE',  ( 0.004723506981920630454, -0.03246232424600770106, 0.2165137836320239761 ) ) ;
#3653 = VERTEX_POINT ( 'NONE', #878 ) ;
#3654 = ORIENTED_EDGE ( 'NONE', *, *, #1371, .T. ) ;
#3655 = DIRECTION ( 'NONE',  ( 0.000000000000000000, -1.000000000000000000, 0.000000000000000000 ) ) ;
#3656 = ADVANCED_FACE ( 'NONE', ( #321 ), #1777, .F. ) ;
#3657 = EDGE_CURVE ( 'NONE', #799, #2631, #300, .T. ) ;
#3658 = CARTESIAN_POINT ( 'NONE',  ( -0.009928416806726059890, -0.03466232424600759754, 0.2247769233528379984 ) ) ;
#3659 = ORIENTED_EDGE ( 'NONE', *, *, #1576, .F. ) ;
#3660 = VECTOR ( 'NONE', #3632, 1.000000000000000000 ) ;
#3661 = DIRECTION ( 'NONE',  ( -0.4999999999999998890, 0.000000000000000000, 0.8660254037844387076 ) ) ;
#3662 = CARTESIAN_POINT ( 'NONE',  ( -0.01022486199203970041, -0.03954156905908690067, 0.2270861406002269989 ) ) ;
#3663 = DIRECTION ( 'NONE',  ( 0.000000000000000000, -1.000000000000000000, 0.000000000000000000 ) ) ;
#3664 = CARTESIAN_POINT ( 'NONE',  ( -0.02360848934068923710, -0.03794380538400204950, 0.2117628471770557075 ) ) ;
#3665 = VECTOR ( 'NONE', #3072, 1.000000000000000000 ) ;
#3666 = CARTESIAN_POINT ( 'NONE',  ( -0.02533226823455650770, -0.03819521913905195992, 0.2264234161283590063 ) ) ;
#3667 = VECTOR ( 'NONE', #3550, 1.000000000000000000 ) ;
#3668 = VERTEX_POINT ( 'NONE', #3235 ) ;
#3669 = ORIENTED_EDGE ( 'NONE', *, *, #779, .F. ) ;
#3670 = CIRCLE ( 'NONE', #2021, 0.005625329094090220083 ) ;
#3671 = AXIS2_PLACEMENT_3D ( 'NONE', #2520, #3449, #2486 ) ;
#3672 = CARTESIAN_POINT ( 'NONE',  ( -0.01729721896024299932, -0.03246232424600770106, 0.2400137836320239970 ) ) ;
#3673 = AXIS2_PLACEMENT_3D ( 'NONE', #3213, #34, #587 ) ;
#3674 = ORIENTED_EDGE ( 'NONE', *, *, #2160, .F. ) ;
#3675 = LINE ( 'NONE', #1025, #2988 ) ;
#3676 = CYLINDRICAL_SURFACE ( 'NONE', #2151, 0.003999999999999996614 ) ;
#3677 = AXIS2_PLACEMENT_3D ( 'NONE', #1644, #1392, #3766 ) ;
#3678 = ORIENTED_EDGE ( 'NONE', *, *, #3132, .T. ) ;
#3679 = CARTESIAN_POINT ( 'NONE',  ( -0.01223781788348459951, -0.03466232424600759754, 0.2192506439112099914 ) ) ;
#3680 = ORIENTED_EDGE ( 'NONE', *, *, #209, .F. ) ;
#3681 = DIRECTION ( 'NONE',  ( 0.000000000000000000, -1.000000000000000000, 0.000000000000000000 ) ) ;
#3682 = ADVANCED_FACE ( 'NONE', ( #605, #1484 ), #2653, .F. ) ;
#3683 = EDGE_CURVE ( 'NONE', #1682, #1754, #734, .T. ) ;
#3684 = CARTESIAN_POINT ( 'NONE',  ( -0.02329721896024300118, -0.03573809732332475925, 0.2083718793995597007 ) ) ;
#3685 = CARTESIAN_POINT ( 'NONE',  ( -0.01931794490240680215, -0.03246232424600770106, 0.2365137836320239939 ) ) ;
#3686 = DIRECTION ( 'NONE',  ( 1.000000000000000000, 0.000000000000000000, 0.000000000000000000 ) ) ;
#3687 = ORIENTED_EDGE ( 'NONE', *, *, #3247, .F. ) ;
#3688 = ORIENTED_EDGE ( 'NONE', *, *, #2526, .T. ) ;
#3689 = VERTEX_POINT ( 'NONE', #358 ) ;
#3690 = PLANE ( 'NONE',  #1445 ) ;
#3691 = LINE ( 'NONE', #3112, #2790 ) ;
#3692 = ORIENTED_EDGE ( 'NONE', *, *, #972, .F. ) ;
#3693 = DIRECTION ( 'NONE',  ( 0.000000000000000000, -1.000000000000000000, 0.000000000000000000 ) ) ;
#3694 = DIRECTION ( 'NONE',  ( 0.000000000000000000, 1.000000000000000000, 0.000000000000000000 ) ) ;
#3695 = CARTESIAN_POINT ( 'NONE',  ( -0.01729721896024299932, -0.03066232424600760093, 0.2400137836320239970 ) ) ;
#3696 = EDGE_LOOP ( 'NONE', ( #2578, #2412, #3458, #2906 ) ) ;
#3697 = ORIENTED_EDGE ( 'NONE', *, *, #2119, .F. ) ;
#3698 = DIRECTION ( 'NONE',  ( 0.000000000000000000, 1.000000000000000000, 0.000000000000000000 ) ) ;
#3699 = DIRECTION ( 'NONE',  ( -1.000000000000000000, 0.000000000000000000, 0.000000000000000000 ) ) ;
#3700 = CARTESIAN_POINT ( 'NONE',  ( -0.01097679985140758742, -0.03796837366445501155, 0.2282431008674701833 ) ) ;
#3701 = EDGE_CURVE ( 'NONE', #1193, #858, #1830, .T. ) ;
#3702 = CARTESIAN_POINT ( 'NONE',  ( -0.02537669075867888396, -0.03814225318509661261, 0.2264018413213680359 ) ) ;
#3703 = ORIENTED_EDGE ( 'NONE', *, *, #3005, .T. ) ;
#3704 = ORIENTED_EDGE ( 'NONE', *, *, #2483, .T. ) ;
#3705 = ORIENTED_EDGE ( 'NONE', *, *, #2226, .F. ) ;
#3706 = EDGE_CURVE ( 'NONE', #3757, #1987, #3366, .T. ) ;
#3707 = EDGE_CURVE ( 'NONE', #2427, #3438, #2084, .T. ) ;
#3708 = CARTESIAN_POINT ( 'NONE',  ( 0.0006820550975932499838, -0.03246232424600770106, 0.2165137836320239761 ) ) ;
#3709 = DIRECTION ( 'NONE',  ( 0.000000000000000000, -1.000000000000000000, 0.000000000000000000 ) ) ;
#3710 = ORIENTED_EDGE ( 'NONE', *, *, #430, .F. ) ;
#3711 = AXIS2_PLACEMENT_3D ( 'NONE', #1322, #2288, #3663 ) ;
#3712 = CARTESIAN_POINT ( 'NONE',  ( -0.01129721896024310154, -0.03654856314307609877, 0.2298117426031570099 ) ) ;
#3713 = FACE_OUTER_BOUND ( 'NONE', #2888, .T. ) ;
#3714 = VECTOR ( 'NONE', #1494, 1.000000000000000000 ) ;
#3715 = DIRECTION ( 'NONE',  ( 1.000000000000000000, 0.000000000000000000, 0.000000000000000000 ) ) ;
#3716 = EDGE_LOOP ( 'NONE', ( #510, #2585, #18, #3158 ) ) ;
#3717 = VECTOR ( 'NONE', #1245, 1.000000000000000000 ) ;
#3718 = FACE_OUTER_BOUND ( 'NONE', #224, .T. ) ;
#3719 = CARTESIAN_POINT ( 'NONE',  ( 0.0006820550975932470564, -0.03246232424600770106, 0.2235137836320239824 ) ) ;
#3720 = CARTESIAN_POINT ( 'NONE',  ( -0.006626716176917554768, -0.03604012701503885724, 0.2260137836320240123 ) ) ;
#3721 = DIRECTION ( 'NONE',  ( 0.8660254037844387076, 0.000000000000000000, 0.4999999999999998890 ) ) ;
#3722 = DIRECTION ( 'NONE',  ( 0.000000000000000000, 0.000000000000000000, 1.000000000000000000 ) ) ;
#3723 = ORIENTED_EDGE ( 'NONE', *, *, #758, .F. ) ;
#3724 = VERTEX_POINT ( 'NONE', #3258 ) ;
#3725 = EDGE_LOOP ( 'NONE', ( #3777, #120, #2674, #2732, #2460 ) ) ;
#3726 = AXIS2_PLACEMENT_3D ( 'NONE', #3467, #269, #1148 ) ;
#3727 = VECTOR ( 'NONE', #1722, 1.000000000000000000 ) ;
#3728 = DIRECTION ( 'NONE',  ( 0.8660254037844387076, 0.000000000000000000, -0.4999999999999998890 ) ) ;
#3729 = EDGE_CURVE ( 'NONE', #512, #2977, #1838, .T. ) ;
#3730 = EDGE_CURVE ( 'NONE', #584, #2820, #3003, .T. ) ;
#3731 = DIRECTION ( 'NONE',  ( 0.4999999999999998890, 0.000000000000000000, -0.8660254037844387076 ) ) ;
#3732 = CARTESIAN_POINT ( 'NONE',  ( -0.01454721896024310096, -0.03466232424600759754, 0.2152506439112099879 ) ) ;
#3733 = VECTOR ( 'NONE', #1568, 1.000000000000000000 ) ;
#3734 = AXIS2_PLACEMENT_3D ( 'NONE', #1199, #2375, #2064 ) ;
#3735 = FACE_OUTER_BOUND ( 'NONE', #657, .T. ) ;
#3736 = VERTEX_POINT ( 'NONE', #913 ) ;
#3737 = DIRECTION ( 'NONE',  ( -0.4999999999999998890, 0.000000000000000000, 0.8660254037844387076 ) ) ;
#3738 = CARTESIAN_POINT ( 'NONE',  ( -0.007079693265333879618, -0.03626003416320197625, 0.2260137836320239291 ) ) ;
#3739 = CARTESIAN_POINT ( 'NONE',  ( -0.01801132057538079936, -0.03066232424600760093, 0.2267769233528380002 ) ) ;
#3740 = EDGE_LOOP ( 'NONE', ( #3252, #274, #3687, #67 ) ) ;
#3741 = CIRCLE ( 'NONE', #2093, 0.004000000000000000083 ) ;
#3742 = ORIENTED_EDGE ( 'NONE', *, *, #2723, .T. ) ;
#3743 = ORIENTED_EDGE ( 'NONE', *, *, #1935, .T. ) ;
#3744 = ORIENTED_EDGE ( 'NONE', *, *, #1244, .T. ) ;
#3745 = DIRECTION ( 'NONE',  ( 1.000000000000000000, 0.000000000000000000, 0.000000000000000000 ) ) ;
#3746 = EDGE_LOOP ( 'NONE', ( #2878, #3444 ) ) ;
#3747 = CARTESIAN_POINT ( 'NONE',  ( -0.01454721896024310096, -0.05366232424600769768, 0.2247769233528379984 ) ) ;
#3748 = DIRECTION ( 'NONE',  ( 1.000000000000000000, 0.000000000000000000, 0.000000000000000000 ) ) ;
#3749 = EDGE_CURVE ( 'NONE', #828, #3761, #1167, .T. ) ;
#3750 = ORIENTED_EDGE ( 'NONE', *, *, #3749, .T. ) ;
#3751 = CARTESIAN_POINT ( 'NONE',  ( -0.01729721896024299932, -0.03316232424600759621, 0.2000137836320239892 ) ) ;
#3752 = ORIENTED_EDGE ( 'NONE', *, *, #3657, .T. ) ;
#3753 = ADVANCED_FACE ( 'NONE', ( #1544 ), #2493, .F. ) ;
#3754 = FACE_OUTER_BOUND ( 'NONE', #1383, .T. ) ;
#3755 = FACE_OUTER_BOUND ( 'NONE', #1713, .T. ) ;
#3756 = CARTESIAN_POINT ( 'NONE',  ( -0.009046402164214603983, -0.03794394481402169755, 0.2263251024737512884 ) ) ;
#3757 = VERTEX_POINT ( 'NONE', #937 ) ;
#3758 = DIRECTION ( 'NONE',  ( 1.000000000000000000, 0.000000000000000000, 0.000000000000000000 ) ) ;
#3759 = ADVANCED_FACE ( 'NONE', ( #2768 ), #445, .F. ) ;
#3760 = ORIENTED_EDGE ( 'NONE', *, *, #570, .F. ) ;
#3761 = VERTEX_POINT ( 'NONE', #460 ) ;
#3762 = CARTESIAN_POINT ( 'NONE',  ( -0.009928416806726059890, -0.03066232424600760093, 0.2152506439112099879 ) ) ;
#3763 = CARTESIAN_POINT ( 'NONE',  ( 0.008202781039756950471, -0.03066232424600760093, 0.2160137836320239757 ) ) ;
#3764 = ORIENTED_EDGE ( 'NONE', *, *, #704, .T. ) ;
#3765 = DIRECTION ( 'NONE',  ( -0.000000000000000000, -1.000000000000000000, -0.000000000000000000 ) ) ;
#3766 = DIRECTION ( 'NONE',  ( 1.000000000000000000, 0.000000000000000000, 0.000000000000000000 ) ) ;
#3767 = FACE_BOUND ( 'NONE', #257, .T. ) ;
#3768 = B_SPLINE_CURVE_WITH_KNOTS ( 'NONE', 3,
 ( #132, #2800, #1300, #111 ),
 .UNSPECIFIED., .F., .F.,
 ( 4, 4 ),
 ( 4.291468873614599768E-17, 0.0001581165586650119857 ),
 .UNSPECIFIED. ) ;
#3769 = VECTOR ( 'NONE', #3698, 1.000000000000000000 ) ;
#3770 = CARTESIAN_POINT ( 'NONE',  ( -0.03729721896024299627, -0.03316232424600759621, 0.2235137836320239824 ) ) ;
#3771 = AXIS2_PLACEMENT_3D ( 'NONE', #171, #1345, #2842 ) ;
#3772 = LINE ( 'NONE', #1132, #3342 ) ;
#3773 = VECTOR ( 'NONE', #1969, 1.000000000000000000 ) ;
#3774 = FILL_AREA_STYLE_COLOUR ( '', #2623 ) ;
#3775 = EDGE_CURVE ( 'NONE', #3341, #696, #3627, .T. ) ;
#3776 = EDGE_CURVE ( 'NONE', #3308, #1436, #54, .T. ) ;
#3777 = ORIENTED_EDGE ( 'NONE', *, *, #3486, .T. ) ;
#3778 = ORIENTED_EDGE ( 'NONE', *, *, #3596, .T. ) ;
#3779 = DIRECTION ( 'NONE',  ( 0.000000000000000000, 1.000000000000000000, 0.000000000000000000 ) ) ;
#3780 = DIRECTION ( 'NONE',  ( 0.000000000000000000, 1.000000000000000000, 0.000000000000000000 ) ) ;
#3781 = ORIENTED_EDGE ( 'NONE', *, *, #3075, .T. ) ;
#3782 = DIRECTION ( 'NONE',  ( 0.000000000000000000, -1.000000000000000000, 0.000000000000000000 ) ) ;
#3783 = VECTOR ( 'NONE', #400, 1.000000000000000000 ) ;
#3784 = FACE_OUTER_BOUND ( 'NONE', #988, .T. ) ;
#3785 = CARTESIAN_POINT ( 'NONE',  ( -0.01129721896024310154, -0.03566232424600759843, 0.2377637836320239950 ) ) ;
#3786 = CIRCLE ( 'NONE', #2138, 0.004000000000000000083 ) ;
#3787 = CARTESIAN_POINT ( 'NONE',  ( -0.007297218960243099725, -0.03966232424600769912, 0.2200137836320239793 ) ) ;
ENDSEC;
END-ISO-10303-21;
