ISO-10303-21;
HEADER;
FILE_DESCRIPTION (( 'STEP AP214' ),
    '1' );
FILE_NAME ('tilt-arm2.STEP',
    '2026-05-02T00:36:39',
    ( '' ),
    ( '' ),
    'SwSTEP 2.0',
    'SolidWorks 2026',
    '' );
FILE_SCHEMA (( 'AUTOMOTIVE_DESIGN' ));
ENDSEC;

DATA;
#1 = CARTESIAN_POINT ( 'NONE',  ( 0.01065378103975699910, -0.04584464994484515471, 0.1941184630323110893 ) ) ;
#2 = VERTEX_POINT ( 'NONE', #1789 ) ;
#3 = CARTESIAN_POINT ( 'NONE',  ( 0.003716042812220249521, -0.04901782424600770183, 0.1624007982314608634 ) ) ;
#4 = EDGE_CURVE ( 'NONE', #1601, #1533, #255, .T. ) ;
#5 = ORIENTED_EDGE ( 'NONE', *, *, #733, .T. ) ;
#6 = VECTOR ( 'NONE', #962, 1.000000000000000000 ) ;
#7 = EDGE_LOOP ( 'NONE', ( #1087, #1609, #1944, #1137 ) ) ;
#8 = CARTESIAN_POINT ( 'NONE',  ( -0.01728390250005419973, -0.06401782424600770127, 0.1289080260047280047 ) ) ;
#9 = DIRECTION ( 'NONE',  ( 0.000000000000000000, -1.000000000000000000, 0.000000000000000000 ) ) ;
#10 = PLANE ( 'NONE',  #1262 ) ;
#11 = VECTOR ( 'NONE', #975, 1.000000000000000000 ) ;
#12 = CARTESIAN_POINT ( 'NONE',  ( 0.01065378103975700257, -0.04696444088357519531, 0.1969977597881343578 ) ) ;
#13 = EDGE_LOOP ( 'NONE', ( #1196, #846, #1185, #187 ) ) ;
#14 = VECTOR ( 'NONE', #220, 1.000000000000000000 ) ;
#15 = CARTESIAN_POINT ( 'NONE',  ( -0.04328390250005410139, -0.06401782424600740984, 0.1154010260047279995 ) ) ;
#16 = ORIENTED_EDGE ( 'NONE', *, *, #661, .T. ) ;
#17 = ORIENTED_EDGE ( 'NONE', *, *, #363, .F. ) ;
#18 = EDGE_CURVE ( 'NONE', #243, #1758, #1008, .T. ) ;
#19 = CYLINDRICAL_SURFACE ( 'NONE', #1023, 0.01986612513072927300 ) ;
#20 = DIRECTION ( 'NONE',  ( 0.000000000000000000, 4.191392448147252887E-15, -1.000000000000000000 ) ) ;
#21 = ADVANCED_FACE ( 'NONE', ( #1556 ), #752, .T. ) ;
#22 = SURFACE_SIDE_STYLE ('',( #1410 ) ) ;
#23 = FACE_BOUND ( 'NONE', #1553, .T. ) ;
#24 = ORIENTED_EDGE ( 'NONE', *, *, #733, .F. ) ;
#25 = CARTESIAN_POINT ( 'NONE',  ( -0.02389721896024300102, -0.04034882424600769874, 0.1860429838769410149 ) ) ;
#26 = B_SPLINE_CURVE_WITH_KNOTS ( 'NONE', 3,
 ( #1092, #676, #190, #1418, #182, #1246, #1748, #1710, #963, #484 ),
 .UNSPECIFIED., .F., .F.,
 ( 4, 2, 2, 2, 4 ),
 ( 0.01070245228518799593, 0.01290611735056231869, 0.01510978241593664145, 0.01731344748131096595, 0.01951711254668528697 ),
 .UNSPECIFIED. ) ;
#27 = ORIENTED_EDGE ( 'NONE', *, *, #1889, .T. ) ;
#28 = ORIENTED_EDGE ( 'NONE', *, *, #300, .T. ) ;
#29 = EDGE_CURVE ( 'NONE', #1742, #731, #1285, .T. ) ;
#30 = FACE_OUTER_BOUND ( 'NONE', #808, .T. ) ;
#31 = DIRECTION ( 'NONE',  ( 1.000000000000000000, 2.085317476756499970E-15, 4.212656823276499851E-30 ) ) ;
#32 = ORIENTED_EDGE ( 'NONE', *, *, #1692, .T. ) ;
#33 = VECTOR ( 'NONE', #2001, 1.000000000000000000 ) ;
#34 = AXIS2_PLACEMENT_3D ( 'NONE', #1232, #122, #1681 ) ;
#35 = CARTESIAN_POINT ( 'NONE',  ( 0.01079073727878644001, -0.04883317726306077300, 0.1992049698488746190 ) ) ;
#36 = VECTOR ( 'NONE', #1896, 1.000000000000000000 ) ;
#37 = ORIENTED_EDGE ( 'NONE', *, *, #1392, .F. ) ;
#38 = ORIENTED_EDGE ( 'NONE', *, *, #773, .F. ) ;
#39 = CIRCLE ( 'NONE', #109, 0.001400000000000012346 ) ;
#40 = LINE ( 'NONE', #657, #1784 ) ;
#41 = CARTESIAN_POINT ( 'NONE',  ( 0.003716042812220249521, -0.03901782424600769988, 0.1624007982314608634 ) ) ;
#42 = CARTESIAN_POINT ( 'NONE',  ( -0.03715002763078350395, -0.04567282424600770108, 0.2215801825813139836 ) ) ;
#43 = ORIENTED_EDGE ( 'NONE', *, *, #4, .F. ) ;
#44 = DIRECTION ( 'NONE',  ( -2.085317476756499970E-15, 1.000000000000000000, 4.040302611215700251E-15 ) ) ;
#45 = EDGE_CURVE ( 'NONE', #328, #1412, #1837, .T. ) ;
#46 = AXIS2_PLACEMENT_3D ( 'NONE', #1651, #740, #1182 ) ;
#47 = AXIS2_PLACEMENT_3D ( 'NONE', #370, #1305, #1474 ) ;
#48 = ORIENTED_EDGE ( 'NONE', *, *, #490, .F. ) ;
#49 = ORIENTED_EDGE ( 'NONE', *, *, #1969, .T. ) ;
#50 = APPLICATION_PROTOCOL_DEFINITION ( 'draft international standard', 'automotive_design', 1998, #1521 ) ;
#51 = CARTESIAN_POINT ( 'NONE',  ( -0.04524821896024299600, -0.03901782424600769988, 0.1966754738686400106 ) ) ;
#52 = LINE ( 'NONE', #1907, #1202 ) ;
#53 = CARTESIAN_POINT ( 'NONE',  ( -0.04524821896024300988, -0.04655686441018878907, 0.1963027418186305273 ) ) ;
#54 = VERTEX_POINT ( 'NONE', #1205 ) ;
#55 = CARTESIAN_POINT ( 'NONE',  ( 0.01084605422937566510, -0.04905015929258352975, 0.1994147454179839851 ) ) ;
#56 = EDGE_CURVE ( 'NONE', #807, #1882, #1960, .T. ) ;
#57 = DIRECTION ( 'NONE',  ( 0.000000000000000000, 0.000000000000000000, -1.000000000000000000 ) ) ;
#58 = ORIENTED_EDGE ( 'NONE', *, *, #1108, .T. ) ;
#59 = ORIENTED_EDGE ( 'NONE', *, *, #1229, .T. ) ;
#60 = CARTESIAN_POINT ( 'NONE',  ( -0.03828390250005420103, -0.04567282424600770108, 0.1504010260047279890 ) ) ;
#61 = FACE_OUTER_BOUND ( 'NONE', #511, .T. ) ;
#62 = FACE_OUTER_BOUND ( 'NONE', #1257, .T. ) ;
#63 = DIRECTION ( 'NONE',  ( 0.000000000000000000, -1.000000000000000000, 0.000000000000000000 ) ) ;
#64 = ORIENTED_EDGE ( 'NONE', *, *, #1416, .T. ) ;
#65 = DIRECTION ( 'NONE',  ( 0.000000000000000000, 0.000000000000000000, 1.000000000000000000 ) ) ;
#66 = AXIS2_PLACEMENT_3D ( 'NONE', #729, #1649, #1942 ) ;
#67 = CARTESIAN_POINT ( 'NONE',  ( -0.01728390250005425871, -0.04901782424600770183, 0.1633376877479618128 ) ) ;
#68 = EDGE_LOOP ( 'NONE', ( #1468, #1327, #27, #1938 ) ) ;
#69 = ORIENTED_EDGE ( 'NONE', *, *, #1671, .F. ) ;
#70 = EDGE_CURVE ( 'NONE', #694, #1393, #1438, .T. ) ;
#71 = EDGE_CURVE ( 'NONE', #469, #786, #1378, .T. ) ;
#72 = VECTOR ( 'NONE', #1696, 1.000000000000000000 ) ;
#73 = CARTESIAN_POINT ( 'NONE',  ( -0.05524821896024299794, -0.03901782424600769988, 0.1404010260047280079 ) ) ;
#74 = CARTESIAN_POINT ( 'NONE',  ( 0.01271609749994579916, -0.03901782424600769988, 0.1763188240990190003 ) ) ;
#75 = FACE_OUTER_BOUND ( 'NONE', #1764, .T. ) ;
#76 = LINE ( 'NONE', #552, #1473 ) ;
#77 = ORIENTED_EDGE ( 'NONE', *, *, #1535, .F. ) ;
#78 = CIRCLE ( 'NONE', #1661, 0.02101254999999999096 ) ;
#79 = DIRECTION ( 'NONE',  ( 1.156482317317860089E-15, 4.040302611215700251E-15, -1.000000000000000000 ) ) ;
#80 = FACE_OUTER_BOUND ( 'NONE', #1192, .T. ) ;
#81 = VECTOR ( 'NONE', #355, 1.000000000000000000 ) ;
#82 = ORIENTED_EDGE ( 'NONE', *, *, #1502, .T. ) ;
#83 = ORIENTED_EDGE ( 'NONE', *, *, #56, .F. ) ;
#84 = VECTOR ( 'NONE', #1673, 1.000000000000000000 ) ;
#85 = CARTESIAN_POINT ( 'NONE',  ( -0.04728390250005420209, -0.03901782424600769988, 0.1464483116207679902 ) ) ;
#86 = ADVANCED_FACE ( 'NONE', ( #1565 ), #1074, .T. ) ;
#87 = CARTESIAN_POINT ( 'NONE',  ( -0.01728390250005425871, -0.04567282424600770108, 0.1633376877479618128 ) ) ;
#88 = CARTESIAN_POINT ( 'NONE',  ( -0.01729721896024299932, -0.04567282424600770108, 0.2200137836320239793 ) ) ;
#89 = CYLINDRICAL_SURFACE ( 'NONE', #1135, 0.01000000000000000888 ) ;
#90 = VERTEX_POINT ( 'NONE', #925 ) ;
#91 = CARTESIAN_POINT ( 'NONE',  ( -0.04728390250005420209, -0.04567282424600770108, 0.1464483116207679902 ) ) ;
#92 = EDGE_CURVE ( 'NONE', #148, #825, #1547, .T. ) ;
#93 = CARTESIAN_POINT ( 'NONE',  ( -0.04524821896024299600, -0.04567282424600770108, 0.1404010260047280079 ) ) ;
#94 = EDGE_LOOP ( 'NONE', ( #1434, #82, #1318, #547, #1730, #1801, #1922, #193 ) ) ;
#95 = ORIENTED_EDGE ( 'NONE', *, *, #785, .F. ) ;
#96 = DIRECTION ( 'NONE',  ( 1.000000000000000000, 0.000000000000000000, 0.000000000000000000 ) ) ;
#97 = CARTESIAN_POINT ( 'NONE',  ( -0.03828390250005410389, -0.04567282424600770108, 0.2215801825813139836 ) ) ;
#98 = ORIENTED_EDGE ( 'NONE', *, *, #138, .T. ) ;
#99 = ADVANCED_FACE ( 'NONE', ( #320 ), #1083, .F. ) ;
#100 = LINE ( 'NONE', #703, #1756 ) ;
#101 = CARTESIAN_POINT ( 'NONE',  ( -0.04328390250005419854, -0.04567282424600770108, 0.1504010260047279890 ) ) ;
#102 = ORIENTED_EDGE ( 'NONE', *, *, #1229, .F. ) ;
#103 = TOROIDAL_SURFACE ( 'NONE', #1780, 0.03960600000000000231, 0.005000000000000000104 ) ;
#104 = VERTEX_POINT ( 'NONE', #474 ) ;
#105 = CARTESIAN_POINT ( 'NONE',  ( -0.04608836944249320583, -0.03901782424600769988, 0.2008136562910809997 ) ) ;
#106 = DIRECTION ( 'NONE',  ( 1.000000000000000000, 0.000000000000000000, 0.000000000000000000 ) ) ;
#107 = LINE ( 'NONE', #1773, #1923 ) ;
#108 = ORIENTED_EDGE ( 'NONE', *, *, #1026, .F. ) ;
#109 = AXIS2_PLACEMENT_3D ( 'NONE', #1900, #534, #1554 ) ;
#110 = FACE_OUTER_BOUND ( 'NONE', #1450, .T. ) ;
#111 = FACE_OUTER_BOUND ( 'NONE', #1461, .T. ) ;
#112 = EDGE_CURVE ( 'NONE', #805, #1282, #1691, .T. ) ;
#113 = ORIENTED_EDGE ( 'NONE', *, *, #191, .F. ) ;
#114 = VECTOR ( 'NONE', #383, 1.000000000000000000 ) ;
#115 = PLANE ( 'NONE',  #954 ) ;
#116 = DIRECTION ( 'NONE',  ( 0.000000000000000000, 1.000000000000000000, 0.000000000000000000 ) ) ;
#117 = VERTEX_POINT ( 'NONE', #1855 ) ;
#118 = CARTESIAN_POINT ( 'NONE',  ( -0.01728390250005425871, -0.04901782424600770183, 0.1633376877479618128 ) ) ;
#119 = CARTESIAN_POINT ( 'NONE',  ( -0.02729721896024300126, -0.04565182424600770089, 0.1953077836320240013 ) ) ;
#120 = EDGE_CURVE ( 'NONE', #864, #1401, #141, .T. ) ;
#121 = ORIENTED_EDGE ( 'NONE', *, *, #1863, .T. ) ;
#122 = DIRECTION ( 'NONE',  ( 0.000000000000000000, -1.000000000000000000, 0.000000000000000000 ) ) ;
#123 = VERTEX_POINT ( 'NONE', #760 ) ;
#124 = DIRECTION ( 'NONE',  ( 0.000000000000000000, -1.000000000000000000, 0.000000000000000000 ) ) ;
#125 = DIRECTION ( 'NONE',  ( 1.000000000000000000, 0.000000000000000000, 0.000000000000000000 ) ) ;
#126 = EDGE_CURVE ( 'NONE', #305, #148, #388, .T. ) ;
#127 = ORIENTED_EDGE ( 'NONE', *, *, #166, .F. ) ;
#128 = AXIS2_PLACEMENT_3D ( 'NONE', #1734, #964, #1586 ) ;
#129 = DIRECTION ( 'NONE',  ( 0.000000000000000000, 1.000000000000000000, 0.000000000000000000 ) ) ;
#130 = DIRECTION ( 'NONE',  ( 4.212656823276499851E-30, -4.040302611215700251E-15, 1.000000000000000000 ) ) ;
#131 = CARTESIAN_POINT ( 'NONE',  ( -0.03828390250005420103, -0.03901782424600760274, 0.1594010260047279970 ) ) ;
#132 = EDGE_CURVE ( 'NONE', #1014, #807, #1394, .T. ) ;
#133 =( GEOMETRIC_REPRESENTATION_CONTEXT ( 3 ) GLOBAL_UNCERTAINTY_ASSIGNED_CONTEXT ( ( #396 ) ) GLOBAL_UNIT_ASSIGNED_CONTEXT ( ( #348, #1722, #1152 ) ) REPRESENTATION_CONTEXT ( 'NONE', 'WORKASPACE' ) );
#134 = CARTESIAN_POINT ( 'NONE',  ( 0.01065378103975700083, -0.04567282424600770108, 0.1919535477990879924 ) ) ;
#135 = CIRCLE ( 'NONE', #1267, 0.01986612513072920361 ) ;
#136 = DIRECTION ( 'NONE',  ( -1.000000000000000000, 0.000000000000000000, 1.243287455214477276E-16 ) ) ;
#137 = ORIENTED_EDGE ( 'NONE', *, *, #1523, .F. ) ;
#138 = EDGE_CURVE ( 'NONE', #196, #104, #1090, .T. ) ;
#139 = CARTESIAN_POINT ( 'NONE',  ( -0.03828390250005420103, -0.03901782424600740151, 0.1124010260047279969 ) ) ;
#140 = CARTESIAN_POINT ( 'NONE',  ( -0.03715002763078350395, -0.06401782424600770127, 0.1289080260047280047 ) ) ;
#141 = LINE ( 'NONE', #131, #1527 ) ;
#142 = VECTOR ( 'NONE', #434, 1.000000000000000000 ) ;
#143 = CIRCLE ( 'NONE', #177, 0.005000000000000004441 ) ;
#144 = ADVANCED_FACE ( 'NONE', ( #292, #346, #971, #1139 ), #339, .T. ) ;
#145 = CARTESIAN_POINT ( 'NONE',  ( -0.03715002763078352477, -0.04567282424600770108, 0.1633376877479618128 ) ) ;
#146 = ORIENTED_EDGE ( 'NONE', *, *, #1108, .F. ) ;
#147 = DIRECTION ( 'NONE',  ( 0.000000000000000000, -1.000000000000000000, -4.040302611215700251E-15 ) ) ;
#148 = VERTEX_POINT ( 'NONE', #362 ) ;
#149 = DIRECTION ( 'NONE',  ( 0.000000000000000000, -1.000000000000000000, 0.000000000000000000 ) ) ;
#150 = CARTESIAN_POINT ( 'NONE',  ( 0.003716097499945779890, -0.04567282424600770108, 0.1154010260047279995 ) ) ;
#151 = DIRECTION ( 'NONE',  ( 0.000000000000000000, -1.000000000000000000, 0.000000000000000000 ) ) ;
#152 = CARTESIAN_POINT ( 'NONE',  ( 0.01065378103975700083, -0.04619986545785752241, 0.1952072065393361811 ) ) ;
#153 = EDGE_LOOP ( 'NONE', ( #1357, #169, #726, #874 ) ) ;
#154 = AXIS2_PLACEMENT_3D ( 'NONE', #1865, #1675, #636 ) ;
#155 = EDGE_CURVE ( 'NONE', #626, #1401, #686, .T. ) ;
#156 = CARTESIAN_POINT ( 'NONE',  ( -0.04524821896024299600, -0.03901782424600769988, 0.1980395524736880131 ) ) ;
#157 = VERTEX_POINT ( 'NONE', #1429 ) ;
#158 = CARTESIAN_POINT ( 'NONE',  ( 0.008716097499945809485, -0.03901782424600769988, 0.1504010260047279890 ) ) ;
#159 = DIRECTION ( 'NONE',  ( -1.000000000000000000, 0.000000000000000000, 4.212656823276499851E-30 ) ) ;
#160 = CARTESIAN_POINT ( 'NONE',  ( -0.01729721896024299932, -0.04652767703395895016, 0.1832038084156130953 ) ) ;
#161 = AXIS2_PLACEMENT_3D ( 'NONE', #1444, #333, #957 ) ;
#162 = CARTESIAN_POINT ( 'NONE',  ( 0.006216097499945760427, -0.03901782424600720028, 0.1154010260047279995 ) ) ;
#163 = VERTEX_POINT ( 'NONE', #1274 ) ;
#164 = EDGE_CURVE ( 'NONE', #117, #1887, #1451, .T. ) ;
#165 = CARTESIAN_POINT ( 'NONE',  ( 0.003716097499945759941, -0.03901782424600720028, 0.1124010260047279969 ) ) ;
#166 = EDGE_CURVE ( 'NONE', #295, #1201, #1894, .T. ) ;
#167 = ORIENTED_EDGE ( 'NONE', *, *, #1245, .F. ) ;
#168 = VECTOR ( 'NONE', #1314, 1.000000000000000000 ) ;
#169 = ORIENTED_EDGE ( 'NONE', *, *, #1129, .F. ) ;
#170 = DIRECTION ( 'NONE',  ( 1.000000000000000000, 2.085317476756490109E-15, 5.782411586589390179E-16 ) ) ;
#171 = SHAPE_DEFINITION_REPRESENTATION ( #1250, #186 ) ;
#172 = CARTESIAN_POINT ( 'NONE',  ( -0.02573440552375609591, -0.04567282424600770108, 0.1813168959161821081 ) ) ;
#173 = DIRECTION ( 'NONE',  ( 0.000000000000000000, 1.000000000000000000, 4.040302611215700251E-15 ) ) ;
#174 = AXIS2_PLACEMENT_3D ( 'NONE', #118, #1492, #889 ) ;
#175 = CARTESIAN_POINT ( 'NONE',  ( -0.05524821896024299794, -0.04034882424600769874, 0.1824010260047279897 ) ) ;
#176 = ORIENTED_EDGE ( 'NONE', *, *, #1294, .F. ) ;
#177 = AXIS2_PLACEMENT_3D ( 'NONE', #912, #737, #1988 ) ;
#178 = DIRECTION ( 'NONE',  ( -2.085317476756499970E-15, 1.000000000000000000, 0.000000000000000000 ) ) ;
#179 = ORIENTED_EDGE ( 'NONE', *, *, #120, .F. ) ;
#180 = ORIENTED_EDGE ( 'NONE', *, *, #242, .F. ) ;
#181 = ADVANCED_FACE ( 'NONE', ( #1253 ), #1872, .F. ) ;
#182 = CARTESIAN_POINT ( 'NONE',  ( -0.01367863969181141656, -0.04623070203297171415, 0.1828873644566177403 ) ) ;
#183 = CARTESIAN_POINT ( 'NONE',  ( -0.01069721896024299936, -0.05165182424600769928, 0.1864077836320239823 ) ) ;
#184 = EDGE_LOOP ( 'NONE', ( #642, #48, #1035, #146 ) ) ;
#185 = CARTESIAN_POINT ( 'NONE',  ( 0.002582222630675140053, -0.06401782424600770127, 0.1289080260047280047 ) ) ;
#186 = ADVANCED_BREP_SHAPE_REPRESENTATION ( 'tilt-arm2', ( #568, #1389 ), #1621 ) ;
#187 = ORIENTED_EDGE ( 'NONE', *, *, #901, .T. ) ;
#188 = ORIENTED_EDGE ( 'NONE', *, *, #1311, .F. ) ;
#189 = EDGE_CURVE ( 'NONE', #1806, #424, #655, .T. ) ;
#190 = CARTESIAN_POINT ( 'NONE',  ( -0.01582666777491752857, -0.04648358177783464690, 0.1831634644780095189 ) ) ;
#191 = EDGE_CURVE ( 'NONE', #123, #1079, #1919, .T. ) ;
#192 = CARTESIAN_POINT ( 'NONE',  ( 0.01271609749994579916, -0.04567282424600770108, 0.2215801825813139836 ) ) ;
#193 = ORIENTED_EDGE ( 'NONE', *, *, #277, .T. ) ;
#194 = AXIS2_PLACEMENT_3D ( 'NONE', #677, #1786, #1953 ) ;
#195 = CARTESIAN_POINT ( 'NONE',  ( -0.01728390250005425871, -0.04901782424600770183, 0.1832038128786910858 ) ) ;
#196 = VERTEX_POINT ( 'NONE', #74 ) ;
#197 = EDGE_LOOP ( 'NONE', ( #1126, #407, #334, #1768 ) ) ;
#198 = VECTOR ( 'NONE', #929, 1.000000000000000000 ) ;
#199 = FACE_OUTER_BOUND ( 'NONE', #1578, .T. ) ;
#200 = ADVANCED_FACE ( 'NONE', ( #61 ), #710, .F. ) ;
#201 = CARTESIAN_POINT ( 'NONE',  ( -0.02729721896024300126, -0.04865182424600769662, 0.1953077836320240013 ) ) ;
#202 = LINE ( 'NONE', #658, #1295 ) ;
#203 = ORIENTED_EDGE ( 'NONE', *, *, #189, .T. ) ;
#204 = EDGE_CURVE ( 'NONE', #251, #1440, #809, .T. ) ;
#205 = LINE ( 'NONE', #25, #1021 ) ;
#206 = CARTESIAN_POINT ( 'NONE',  ( -0.01729721896024299932, -0.04034882424600769874, 0.2200137836320239793 ) ) ;
#207 = ORIENTED_EDGE ( 'NONE', *, *, #1776, .F. ) ;
#208 = ORIENTED_EDGE ( 'NONE', *, *, #972, .F. ) ;
#209 = PRODUCT_CONTEXT ( 'NONE', #1794, 'mechanical' ) ;
#210 = LINE ( 'NONE', #244, #1993 ) ;
#211 = CARTESIAN_POINT ( 'NONE',  ( 0.01149393152200720025, -0.03901782424600769988, 0.2008136562910809997 ) ) ;
#212 = LINE ( 'NONE', #341, #1654 ) ;
#213 = DIRECTION ( 'NONE',  ( 0.000000000000000000, 1.000000000000000000, 0.000000000000000000 ) ) ;
#214 = EDGE_LOOP ( 'NONE', ( #1016, #878, #1995, #358 ) ) ;
#215 = CARTESIAN_POINT ( 'NONE',  ( 0.01066991768557633453, -0.04815816772723752193, 0.1985128303631126245 ) ) ;
#216 = EDGE_CURVE ( 'NONE', #273, #1388, #1453, .T. ) ;
#217 = CARTESIAN_POINT ( 'NONE',  ( -0.007297218960243039877, -0.05365182424600770106, 0.1939077836320239889 ) ) ;
#218 = ORIENTED_EDGE ( 'NONE', *, *, #988, .T. ) ;
#219 = ORIENTED_EDGE ( 'NONE', *, *, #1186, .T. ) ;
#220 = DIRECTION ( 'NONE',  ( -1.000000000000000000, 0.000000000000000000, 0.000000000000000000 ) ) ;
#221 = DIRECTION ( 'NONE',  ( -1.000000000000000000, 0.000000000000000000, -3.172065784643300034E-16 ) ) ;
#222 = DIRECTION ( 'NONE',  ( 0.000000000000000000, -1.000000000000000000, -4.040302611215700251E-15 ) ) ;
#223 = VERTEX_POINT ( 'NONE', #211 ) ;
#224 = DIRECTION ( 'NONE',  ( 0.000000000000000000, 0.000000000000000000, -1.000000000000000000 ) ) ;
#225 = EDGE_CURVE ( 'NONE', #410, #1406, #868, .T. ) ;
#226 = VECTOR ( 'NONE', #1787, 1.000000000000000000 ) ;
#227 = DIRECTION ( 'NONE',  ( 0.000000000000000000, 0.000000000000000000, -1.000000000000000000 ) ) ;
#228 = EDGE_LOOP ( 'NONE', ( #584, #968, #1809, #1575 ) ) ;
#229 = EDGE_LOOP ( 'NONE', ( #1860, #1694, #1189, #1581 ) ) ;
#230 = AXIS2_PLACEMENT_3D ( 'NONE', #779, #1895, #1398 ) ;
#231 = ADVANCED_FACE ( 'NONE', ( #1177 ), #103, .F. ) ;
#232 = AXIS2_PLACEMENT_3D ( 'NONE', #1542, #444, #1086 ) ;
#233 = DIRECTION ( 'NONE',  ( 0.000000000000000000, 0.000000000000000000, 1.000000000000000000 ) ) ;
#234 = CARTESIAN_POINT ( 'NONE',  ( -0.01714923775056900052, -0.04567282424600770108, 0.1504010260047279890 ) ) ;
#235 = CARTESIAN_POINT ( 'NONE',  ( -0.01069721896024299936, -0.05365182424600770106, 0.1860429838769410149 ) ) ;
#236 = VERTEX_POINT ( 'NONE', #539 ) ;
#237 = CARTESIAN_POINT ( 'NONE',  ( 0.01065378103975700083, -0.04567282424600770108, 0.2446217836320239980 ) ) ;
#238 = CARTESIAN_POINT ( 'NONE',  ( -0.01728390250005425871, -0.03901782424600769988, 0.1633376877479618128 ) ) ;
#239 = AXIS2_PLACEMENT_3D ( 'NONE', #1703, #1518, #2002 ) ;
#240 = ORIENTED_EDGE ( 'NONE', *, *, #524, .T. ) ;
#241 = VECTOR ( 'NONE', #1853, 1.000000000000000000 ) ;
#242 = EDGE_CURVE ( 'NONE', #1014, #1587, #285, .T. ) ;
#243 = VERTEX_POINT ( 'NONE', #688 ) ;
#244 = CARTESIAN_POINT ( 'NONE',  ( -0.03828390250005420103, -0.04901782424600770183, 0.1763537403886880073 ) ) ;
#245 = DIRECTION ( 'NONE',  ( 0.000000000000000000, -1.000000000000000000, 0.000000000000000000 ) ) ;
#246 = FACE_OUTER_BOUND ( 'NONE', #481, .T. ) ;
#247 = CARTESIAN_POINT ( 'NONE',  ( 0.008716042812220211461, -0.04567282424600770108, 0.2215801825813139836 ) ) ;
#248 = ORIENTED_EDGE ( 'NONE', *, *, #926, .T. ) ;
#249 = CARTESIAN_POINT ( 'NONE',  ( 0.003716042812220255592, -0.04567282424600770108, 0.2215801825813139836 ) ) ;
#250 = CARTESIAN_POINT ( 'NONE',  ( -0.01728390250005419973, -0.03901782424600769988, 0.1289080260047280047 ) ) ;
#251 = VERTEX_POINT ( 'NONE', #1312 ) ;
#252 = ORIENTED_EDGE ( 'NONE', *, *, #1701, .F. ) ;
#253 = LINE ( 'NONE', #842, #601 ) ;
#254 = CARTESIAN_POINT ( 'NONE',  ( 0.003716070156083009501, -0.04567282424600770108, 0.1624009121180944315 ) ) ;
#255 = LINE ( 'NONE', #739, #766 ) ;
#256 = ADVANCED_FACE ( 'NONE', ( #823 ), #857, .T. ) ;
#257 = CARTESIAN_POINT ( 'NONE',  ( -0.04328390250005419854, -0.03901782424600740151, 0.1124010260047279969 ) ) ;
#258 = DIRECTION ( 'NONE',  ( 0.000000000000000000, -1.000000000000000000, 0.000000000000000000 ) ) ;
#259 = ORIENTED_EDGE ( 'NONE', *, *, #155, .T. ) ;
#260 = CIRCLE ( 'NONE', #128, 0.01000000000000000888 ) ;
#261 = DIRECTION ( 'NONE',  ( 0.000000000000000000, 0.000000000000000000, 1.000000000000000000 ) ) ;
#262 = DIRECTION ( 'NONE',  ( 0.000000000000000000, -1.000000000000000000, 0.000000000000000000 ) ) ;
#263 = ORIENTED_EDGE ( 'NONE', *, *, #1308, .F. ) ;
#264 = CARTESIAN_POINT ( 'NONE',  ( -0.01729721896024299932, -0.05067282424600769858, 0.1804077836320239769 ) ) ;
#265 = AXIS2_PLACEMENT_3D ( 'NONE', #877, #213, #834 ) ;
#266 = EDGE_CURVE ( 'NONE', #1793, #1742, #52, .T. ) ;
#267 = CARTESIAN_POINT ( 'NONE',  ( -0.04526402738137338955, -0.04815588151162062541, 0.1985100859595542722 ) ) ;
#268 = AXIS2_PLACEMENT_3D ( 'NONE', #880, #1197, #871 ) ;
#269 = EDGE_LOOP ( 'NONE', ( #720, #1892, #630, #1804 ) ) ;
#270 = AXIS2_PLACEMENT_3D ( 'NONE', #1497, #856, #875 ) ;
#271 = CYLINDRICAL_SURFACE ( 'NONE', #1891, 0.01000000000000000888 ) ;
#272 = DIRECTION ( 'NONE',  ( -1.000000000000000000, 0.000000000000000000, 0.000000000000000000 ) ) ;
#273 = VERTEX_POINT ( 'NONE', #515 ) ;
#274 = DIRECTION ( 'NONE',  ( 3.172065784643300034E-16, 0.000000000000000000, -1.000000000000000000 ) ) ;
#275 = EDGE_CURVE ( 'NONE', #1168, #765, #1566, .T. ) ;
#276 = CARTESIAN_POINT ( 'NONE',  ( -0.04547404420885290538, -0.04916530962794314619, 0.1995252375151400914 ) ) ;
#277 = EDGE_CURVE ( 'NONE', #694, #1212, #365, .T. ) ;
#278 = VERTEX_POINT ( 'NONE', #374 ) ;
#279 = CARTESIAN_POINT ( 'NONE',  ( 0.02065378103975699930, -0.06401782424600750698, 0.1824010260047279897 ) ) ;
#280 = CARTESIAN_POINT ( 'NONE',  ( -0.04524821896024299600, -0.03901782424600769988, 0.2066754738686400195 ) ) ;
#281 = CARTESIAN_POINT ( 'NONE',  ( -0.01729721896024299932, -0.03901782424600769988, 0.2200137836320239793 ) ) ;
#282 = DIRECTION ( 'NONE',  ( -2.085317476756499970E-15, 1.000000000000000000, 0.000000000000000000 ) ) ;
#283 = CYLINDRICAL_SURFACE ( 'NONE', #1666, 0.005000000000000004441 ) ;
#284 = EDGE_CURVE ( 'NONE', #54, #157, #384, .T. ) ;
#285 = CIRCLE ( 'NONE', #1045, 0.01986612513072927300 ) ;
#286 = ORIENTED_EDGE ( 'NONE', *, *, #1458, .F. ) ;
#287 = ORIENTED_EDGE ( 'NONE', *, *, #1512, .T. ) ;
#288 = EDGE_CURVE ( 'NONE', #410, #1347, #78, .T. ) ;
#289 = VECTOR ( 'NONE', #904, 1.000000000000000000 ) ;
#290 = CARTESIAN_POINT ( 'NONE',  ( 0.01565378103975700180, -0.03901782424600769988, 0.1980395524736880131 ) ) ;
#291 = CARTESIAN_POINT ( 'NONE',  ( -0.04328390250005419854, -0.04901782424600770183, 0.1763537403886880073 ) ) ;
#292 = FACE_OUTER_BOUND ( 'NONE', #1645, .T. ) ;
#293 = VECTOR ( 'NONE', #1130, 1.000000000000000000 ) ;
#294 = LINE ( 'NONE', #917, #753 ) ;
#295 = VERTEX_POINT ( 'NONE', #1480 ) ;
#296 = AXIS2_PLACEMENT_3D ( 'NONE', #238, #863, #1997 ) ;
#297 = CARTESIAN_POINT ( 'NONE',  ( -0.03828390250005420103, -0.06401782424600729882, 0.1124010260047279969 ) ) ;
#298 = VERTEX_POINT ( 'NONE', #1321 ) ;
#299 = CARTESIAN_POINT ( 'NONE',  ( -0.02389721896024300102, -0.05365182424600770106, 0.1969077836320239916 ) ) ;
#300 = EDGE_CURVE ( 'NONE', #1168, #1412, #1941, .T. ) ;
#301 = DIRECTION ( 'NONE',  ( 0.000000000000000000, -1.000000000000000000, 0.000000000000000000 ) ) ;
#302 = CARTESIAN_POINT ( 'NONE',  ( -0.01728834103839931718, -0.04652767950279147746, 0.1832038128786910858 ) ) ;
#303 = CIRCLE ( 'NONE', #1695, 0.01000000000000000888 ) ;
#304 = LINE ( 'NONE', #478, #1962 ) ;
#305 = VERTEX_POINT ( 'NONE', #1167 ) ;
#306 = LINE ( 'NONE', #165, #198 ) ;
#307 = ORIENTED_EDGE ( 'NONE', *, *, #1841, .T. ) ;
#308 = CYLINDRICAL_SURFACE ( 'NONE', #1858, 0.001400000000000012346 ) ;
#309 = FACE_OUTER_BOUND ( 'NONE', #1266, .T. ) ;
#310 = CARTESIAN_POINT ( 'NONE',  ( -0.01802420325973649526, -0.04652734833236100292, 0.1832033211107363946 ) ) ;
#311 = PRODUCT ( 'tilt-arm2', 'tilt-arm2', '', ( #209 ) ) ;
#312 = DIRECTION ( 'NONE',  ( -5.782411586589390179E-16, 0.000000000000000000, 1.000000000000000000 ) ) ;
#313 = CARTESIAN_POINT ( 'NONE',  ( 0.01065378103975700083, -0.04034882424600780282, 0.1404010260047280079 ) ) ;
#314 = ORIENTED_EDGE ( 'NONE', *, *, #132, .T. ) ;
#315 = EDGE_CURVE ( 'NONE', #690, #90, #1007, .T. ) ;
#316 = CARTESIAN_POINT ( 'NONE',  ( -0.04328390250005419854, -0.03901782424600740151, 0.1154010260047279995 ) ) ;
#317 = ORIENTED_EDGE ( 'NONE', *, *, #644, .F. ) ;
#318 = EDGE_LOOP ( 'NONE', ( #795, #1248, #884, #1688 ) ) ;
#319 = PLANE ( 'NONE',  #1210 ) ;
#320 = FACE_OUTER_BOUND ( 'NONE', #1812, .T. ) ;
#321 = VECTOR ( 'NONE', #995, 1.000000000000000000 ) ;
#322 = DIRECTION ( 'NONE',  ( 0.000000000000000000, 1.000000000000000000, 0.000000000000000000 ) ) ;
#323 = FACE_OUTER_BOUND ( 'NONE', #184, .T. ) ;
#324 = ORIENTED_EDGE ( 'NONE', *, *, #1957, .F. ) ;
#325 = CARTESIAN_POINT ( 'NONE',  ( 0.01065378103975700083, -0.04774269405938329908, 0.1980395524736880131 ) ) ;
#326 = ADVANCED_FACE ( 'NONE', ( #1179 ), #89, .F. ) ;
#327 = VECTOR ( 'NONE', #1821, 1.000000000000000000 ) ;
#328 = VERTEX_POINT ( 'NONE', #415 ) ;
#329 = ORIENTED_EDGE ( 'NONE', *, *, #556, .F. ) ;
#330 = CARTESIAN_POINT ( 'NONE',  ( -0.01714923775056900052, -0.04567282424600770108, 0.2215801825813139836 ) ) ;
#331 = DIRECTION ( 'NONE',  ( 0.000000000000000000, 0.000000000000000000, -1.000000000000000000 ) ) ;
#332 = VECTOR ( 'NONE', #79, 1.000000000000000000 ) ;
#333 = DIRECTION ( 'NONE',  ( 0.000000000000000000, -1.000000000000000000, 0.000000000000000000 ) ) ;
#334 = ORIENTED_EDGE ( 'NONE', *, *, #1692, .F. ) ;
#335 = DIRECTION ( 'NONE',  ( 0.000000000000000000, -1.000000000000000000, 0.000000000000000000 ) ) ;
#336 = ADVANCED_FACE ( 'NONE', ( #541 ), #1943, .F. ) ;
#337 = ORIENTED_EDGE ( 'NONE', *, *, #526, .F. ) ;
#338 = EDGE_CURVE ( 'NONE', #424, #825, #76, .T. ) ;
#339 = PLANE ( 'NONE',  #1589 ) ;
#340 = DIRECTION ( 'NONE',  ( 1.000000000000000000, 0.000000000000000000, 0.000000000000000000 ) ) ;
#341 = CARTESIAN_POINT ( 'NONE',  ( 0.003716097499945820223, -0.06401782424600729882, 0.1154010260047279995 ) ) ;
#342 = ORIENTED_EDGE ( 'NONE', *, *, #1369, .F. ) ;
#343 = LINE ( 'NONE', #1726, #11 ) ;
#344 = ORIENTED_EDGE ( 'NONE', *, *, #988, .F. ) ;
#345 = ORIENTED_EDGE ( 'NONE', *, *, #453, .T. ) ;
#346 = FACE_BOUND ( 'NONE', #639, .T. ) ;
#347 = EDGE_CURVE ( 'NONE', #945, #381, #1499, .T. ) ;
#348 =( LENGTH_UNIT ( ) NAMED_UNIT ( * ) SI_UNIT ( $, .METRE. ) );
#349 = PLANE ( 'NONE',  #911 ) ;
#350 = CARTESIAN_POINT ( 'NONE',  ( -0.04524821896024299600, -0.04573733947417361195, 0.1933108571066116388 ) ) ;
#351 = ORIENTED_EDGE ( 'NONE', *, *, #1632, .T. ) ;
#352 = VECTOR ( 'NONE', #1029, 1.000000000000000000 ) ;
#353 = AXIS2_PLACEMENT_3D ( 'NONE', #1690, #301, #924 ) ;
#354 = AXIS2_PLACEMENT_3D ( 'NONE', #465, #1536, #777 ) ;
#355 = DIRECTION ( 'NONE',  ( -1.000000000000000000, 0.000000000000000000, 0.000000000000000000 ) ) ;
#356 = DIRECTION ( 'NONE',  ( 0.000000000000000000, -1.000000000000000000, 0.000000000000000000 ) ) ;
#357 = ORIENTED_EDGE ( 'NONE', *, *, #45, .F. ) ;
#358 = ORIENTED_EDGE ( 'NONE', *, *, #616, .F. ) ;
#359 = AXIS2_PLACEMENT_3D ( 'NONE', #778, #1056, #1244 ) ;
#360 = CIRCLE ( 'NONE', #1234, 0.001400000000000012346 ) ;
#361 = DIRECTION ( 'NONE',  ( 0.000000000000000000, 0.000000000000000000, -1.000000000000000000 ) ) ;
#362 = CARTESIAN_POINT ( 'NONE',  ( -0.02389721896024300102, -0.05365182424600770106, 0.1860429838769410149 ) ) ;
#363 = EDGE_CURVE ( 'NONE', #1020, #223, #107, .T. ) ;
#364 = CARTESIAN_POINT ( 'NONE',  ( -0.01729721896024299932, -0.05165182424600769928, 0.2200137836320239793 ) ) ;
#365 = LINE ( 'NONE', #1762, #1822 ) ;
#366 = LINE ( 'NONE', #42, #1128 ) ;
#367 = EDGE_LOOP ( 'NONE', ( #486, #1737, #649, #974 ) ) ;
#368 = DIRECTION ( 'NONE',  ( -1.000000000000000000, 0.000000000000000000, 4.212656823276499851E-30 ) ) ;
#369 = VECTOR ( 'NONE', #1221, 1.000000000000000000 ) ;
#370 = CARTESIAN_POINT ( 'NONE',  ( 0.008716042812220204522, -0.04901782424600770183, 0.1624007982314608634 ) ) ;
#371 = EDGE_LOOP ( 'NONE', ( #1500, #1880, #1375, #1094 ) ) ;
#372 = EDGE_LOOP ( 'NONE', ( #1783, #502, #614, #897 ) ) ;
#373 = DIRECTION ( 'NONE',  ( -0.000000000000000000, 1.000000000000000000, -0.000000000000000000 ) ) ;
#374 = CARTESIAN_POINT ( 'NONE',  ( -0.007297218960243039877, -0.04565182424600770089, 0.1953077836320240013 ) ) ;
#375 = LINE ( 'NONE', #1145, #321 ) ;
#376 = DIRECTION ( 'NONE',  ( -2.085317476756499970E-15, 1.000000000000000000, 4.040302611215700251E-15 ) ) ;
#377 = ORIENTED_EDGE ( 'NONE', *, *, #723, .T. ) ;
#378 = CARTESIAN_POINT ( 'NONE',  ( -0.02389721896024300102, -0.05165182424600769928, 0.1969077836320239916 ) ) ;
#379 = EDGE_CURVE ( 'NONE', #731, #1742, #1304, .T. ) ;
#380 = DIRECTION ( 'NONE',  ( 0.000000000000000000, 1.000000000000000000, 0.000000000000000000 ) ) ;
#381 = VERTEX_POINT ( 'NONE', #1640 ) ;
#382 = ORIENTED_EDGE ( 'NONE', *, *, #1254, .F. ) ;
#383 = DIRECTION ( 'NONE',  ( -1.000000000000000000, 0.000000000000000000, -3.172065784643300034E-16 ) ) ;
#384 = LINE ( 'NONE', #994, #523 ) ;
#385 = CARTESIAN_POINT ( 'NONE',  ( 0.003716042812220249521, -0.04345449091267436503, 0.1624007982314608634 ) ) ;
#386 = DIRECTION ( 'NONE',  ( -1.000000000000000000, 0.000000000000000000, 4.212656823276499851E-30 ) ) ;
#387 = DIRECTION ( 'NONE',  ( 5.782411586589310307E-16, 4.040302611215700251E-15, -1.000000000000000000 ) ) ;
#388 = CIRCLE ( 'NONE', #454, 0.03460599999999999787 ) ;
#389 = CYLINDRICAL_SURFACE ( 'NONE', #174, 0.01986612513072927300 ) ;
#390 = CIRCLE ( 'NONE', #1463, 0.001400000000000012346 ) ;
#391 = EDGE_CURVE ( 'NONE', #652, #1012, #1300, .T. ) ;
#392 = CARTESIAN_POINT ( 'NONE',  ( -0.04545775860004554886, -0.04910882393021722553, 0.1994720329827281424 ) ) ;
#393 = EDGE_LOOP ( 'NONE', ( #491, #782, #853, #1292 ) ) ;
#394 = VERTEX_POINT ( 'NONE', #1921 ) ;
#395 = VECTOR ( 'NONE', #1963, 1.000000000000000000 ) ;
#396 = UNCERTAINTY_MEASURE_WITH_UNIT (LENGTH_MEASURE( 1.000000000000000082E-05 ), #348, 'distance_accuracy_value', 'NONE');
#397 = ORIENTED_EDGE ( 'NONE', *, *, #1206, .T. ) ;
#398 = AXIS2_PLACEMENT_3D ( 'NONE', #838, #1862, #1408 ) ;
#399 = LINE ( 'NONE', #1329, #14 ) ;
#400 = DIRECTION ( 'NONE',  ( -0.000000000000000000, 1.000000000000000000, -0.000000000000000000 ) ) ;
#401 = PLANE ( 'NONE',  #1198 ) ;
#402 = DIRECTION ( 'NONE',  ( 1.000000000000000000, 0.000000000000000000, 0.000000000000000000 ) ) ;
#403 = VERTEX_POINT ( 'NONE', #529 ) ;
#404 = CARTESIAN_POINT ( 'NONE',  ( 0.003715331039757002046, -0.05365182424600770106, 0.2200137836320239793 ) ) ;
#405 = CARTESIAN_POINT ( 'NONE',  ( 0.003716097499945809814, -0.06401782424600720167, 0.1067688840889799984 ) ) ;
#406 = AXIS2_PLACEMENT_3D ( 'NONE', #1819, #1325, #1945 ) ;
#407 = ORIENTED_EDGE ( 'NONE', *, *, #2006, .F. ) ;
#408 = AXIS2_PLACEMENT_3D ( 'NONE', #73, #1017, #233 ) ;
#409 = B_SPLINE_CURVE_WITH_KNOTS ( 'NONE', 3,
 ( #1422, #650, #215, #1258, #489, #35, #1279, #55, #816, #1303, #681, #1107, #532, #1290, #1269, #1888, #1911, #1134, #1924 ),
 .UNSPECIFIED., .F., .F.,
 ( 4, 2, 2, 1, 1, 1, 1, 1, 2, 2, 2, 4 ),
 ( 0.000000000000000000, 0.2499999999991605604, 0.3749999999987480570, 0.4374999999985401677, 0.4687499999984362509, 0.4843749999983781862, 0.4921874999983534837, 0.4960937499983427701, 0.4980468749983375520, 0.4999999999983323340, 0.7499999999991661115, 1.000000000000000000 ),
 .UNSPECIFIED. ) ;
#410 = VERTEX_POINT ( 'NONE', #1614 ) ;
#411 = EDGE_CURVE ( 'NONE', #54, #298, #1467, .T. ) ;
#412 = DIRECTION ( 'NONE',  ( -0.000000000000000000, 0.000000000000000000, 1.000000000000000000 ) ) ;
#413 = DIRECTION ( 'NONE',  ( 0.000000000000000000, 0.000000000000000000, -1.000000000000000000 ) ) ;
#414 = LINE ( 'NONE', #1313, #1622 ) ;
#415 = CARTESIAN_POINT ( 'NONE',  ( 0.002582222630675039873, -0.03901782424600769988, 0.1289080260047280047 ) ) ;
#416 = ORIENTED_EDGE ( 'NONE', *, *, #763, .F. ) ;
#417 = DIRECTION ( 'NONE',  ( -1.000000000000000000, 0.000000000000000000, -3.172065784643300034E-16 ) ) ;
#418 = DIRECTION ( 'NONE',  ( 0.000000000000000000, 1.000000000000000000, 0.000000000000000000 ) ) ;
#419 = ORIENTED_EDGE ( 'NONE', *, *, #1561, .T. ) ;
#420 = ORIENTED_EDGE ( 'NONE', *, *, #1550, .T. ) ;
#421 = CARTESIAN_POINT ( 'NONE',  ( -0.03127271896024300113, -0.04567282424600770108, 0.1067688840889799984 ) ) ;
#422 = EDGE_CURVE ( 'NONE', #684, #1439, #1019, .T. ) ;
#423 = CARTESIAN_POINT ( 'NONE',  ( 0.008716070156082986187, -0.03901782424600760274, 0.1624009121180944315 ) ) ;
#424 = VERTEX_POINT ( 'NONE', #513 ) ;
#425 = CYLINDRICAL_SURFACE ( 'NONE', #406, 0.01000000000000000888 ) ;
#426 = DIRECTION ( 'NONE',  ( 0.000000000000000000, -1.000000000000000000, 0.000000000000000000 ) ) ;
#427 = VECTOR ( 'NONE', #2009, 1.000000000000000000 ) ;
#428 = ORIENTED_EDGE ( 'NONE', *, *, #647, .F. ) ;
#429 = PLANE ( 'NONE',  #1636 ) ;
#430 = FACE_OUTER_BOUND ( 'NONE', #1174, .T. ) ;
#431 = ORIENTED_EDGE ( 'NONE', *, *, #216, .F. ) ;
#432 = VECTOR ( 'NONE', #1705, 1.000000000000000000 ) ;
#433 = ADVANCED_FACE ( 'NONE', ( #1885 ), #1874, .F. ) ;
#434 = DIRECTION ( 'NONE',  ( 1.000000000000000000, 0.000000000000000000, 3.172065784643300034E-16 ) ) ;
#435 = AXIS2_PLACEMENT_3D ( 'NONE', #496, #1702, #812 ) ;
#436 = DIRECTION ( 'NONE',  ( 1.000000000000000000, 0.000000000000000000, -4.212656823276499851E-30 ) ) ;
#437 = VECTOR ( 'NONE', #1754, 1.000000000000000000 ) ;
#438 = ORIENTED_EDGE ( 'NONE', *, *, #1333, .T. ) ;
#439 = AXIS2_PLACEMENT_3D ( 'NONE', #1231, #1680, #1655 ) ;
#440 = DIRECTION ( 'NONE',  ( 1.000000000000000000, 0.000000000000000000, 0.000000000000000000 ) ) ;
#441 = CARTESIAN_POINT ( 'NONE',  ( -0.04524821896024299600, -0.04567282424600770108, 0.2446217836320239980 ) ) ;
#442 = DIRECTION ( 'NONE',  ( 0.000000000000000000, 0.000000000000000000, 1.000000000000000000 ) ) ;
#443 = DIRECTION ( 'NONE',  ( -1.000000000000000000, -2.085317476756499970E-15, -4.212656823276499851E-30 ) ) ;
#444 = DIRECTION ( 'NONE',  ( 0.000000000000000000, -1.000000000000000000, 0.000000000000000000 ) ) ;
#445 = EDGE_CURVE ( 'NONE', #1380, #1118, #1432, .T. ) ;
#446 = ORIENTED_EDGE ( 'NONE', *, *, #644, .T. ) ;
#447 = CARTESIAN_POINT ( 'NONE',  ( 0.008716097499945809485, -0.04567282424600770108, 0.2215801825813139836 ) ) ;
#448 = DIRECTION ( 'NONE',  ( -2.085317476756499970E-15, 1.000000000000000000, 4.040302611215700251E-15 ) ) ;
#449 = CARTESIAN_POINT ( 'NONE',  ( 0.01065378103975700083, -0.04567282424600770108, 0.2546217836320239791 ) ) ;
#450 = CARTESIAN_POINT ( 'NONE',  ( -0.01729721896024296116, -0.04034882424600769874, 0.1854077836320239814 ) ) ;
#451 = ORIENTED_EDGE ( 'NONE', *, *, #1407, .T. ) ;
#452 = DIRECTION ( 'NONE',  ( 0.000000000000000000, 0.000000000000000000, 1.000000000000000000 ) ) ;
#453 = EDGE_CURVE ( 'NONE', #1961, #394, #780, .T. ) ;
#454 = AXIS2_PLACEMENT_3D ( 'NONE', #612, #9, #2010 ) ;
#455 = ORIENTED_EDGE ( 'NONE', *, *, #132, .F. ) ;
#456 = DIRECTION ( 'NONE',  ( 0.000000000000000000, 0.000000000000000000, 1.000000000000000000 ) ) ;
#457 = CARTESIAN_POINT ( 'NONE',  ( 0.008716042812220206257, -0.03901782424600769988, 0.1763535126154208710 ) ) ;
#458 = CARTESIAN_POINT ( 'NONE',  ( -0.01876398722287112367, -0.04648266401394215291, 0.1831619286916837119 ) ) ;
#459 = LINE ( 'NONE', #1676, #702 ) ;
#460 = ORIENTED_EDGE ( 'NONE', *, *, #1877, .T. ) ;
#461 = VECTOR ( 'NONE', #436, 1.000000000000000000 ) ;
#462 = DIRECTION ( 'NONE',  ( 0.000000000000000000, 1.000000000000000000, 0.000000000000000000 ) ) ;
#463 = ORIENTED_EDGE ( 'NONE', *, *, #1050, .F. ) ;
#464 = DIRECTION ( 'NONE',  ( 1.000000000000000000, 0.000000000000000000, 0.000000000000000000 ) ) ;
#465 = CARTESIAN_POINT ( 'NONE',  ( -0.01729721896024299932, -0.05067282424600769858, 0.2200137836320239793 ) ) ;
#466 = CARTESIAN_POINT ( 'NONE',  ( -0.02020864574207430209, -0.04633199840566724209, 0.1830007764358997646 ) ) ;
#467 = ADVANCED_FACE ( 'NONE', ( #505 ), #349, .T. ) ;
#468 = FACE_OUTER_BOUND ( 'NONE', #679, .T. ) ;
#469 = VERTEX_POINT ( 'NONE', #477 ) ;
#470 = CARTESIAN_POINT ( 'NONE',  ( -0.04328390250005419854, -0.03901782424600769988, 0.1504010260047279890 ) ) ;
#471 = ORIENTED_EDGE ( 'NONE', *, *, #901, .F. ) ;
#472 = ORIENTED_EDGE ( 'NONE', *, *, #1186, .F. ) ;
#473 = FACE_OUTER_BOUND ( 'NONE', #393, .T. ) ;
#474 = CARTESIAN_POINT ( 'NONE',  ( 0.01271609749994579916, -0.04567282424600770108, 0.1763188240990190003 ) ) ;
#475 = EDGE_CURVE ( 'NONE', #1882, #765, #26, .T. ) ;
#476 = CYLINDRICAL_SURFACE ( 'NONE', #230, 0.001400000000000012346 ) ;
#477 = CARTESIAN_POINT ( 'NONE',  ( -0.007297218960243039877, -0.04565182424600770089, 0.1925077836320239766 ) ) ;
#478 = CARTESIAN_POINT ( 'NONE',  ( 0.01065378103975700083, -0.03901782424600769988, 0.1671611351412380098 ) ) ;
#479 = ORIENTED_EDGE ( 'NONE', *, *, #926, .F. ) ;
#480 = DIRECTION ( 'NONE',  ( 0.000000000000000000, 0.000000000000000000, -1.000000000000000000 ) ) ;
#481 = EDGE_LOOP ( 'NONE', ( #307, #1870, #1976, #176 ) ) ;
#482 = EDGE_LOOP ( 'NONE', ( #589, #1653 ) ) ;
#483 = VECTOR ( 'NONE', #1055, 1.000000000000000000 ) ;
#484 = CARTESIAN_POINT ( 'NONE',  ( -0.008841849099876019497, -0.04567282424600770108, 0.1813208649449515597 ) ) ;
#485 = CARTESIAN_POINT ( 'NONE',  ( -0.04524821896024299600, -0.04034882424600769874, 0.1067688840889799984 ) ) ;
#486 = ORIENTED_EDGE ( 'NONE', *, *, #120, .T. ) ;
#487 = ADVANCED_FACE ( 'NONE', ( #646 ), #1585, .T. ) ;
#488 = AXIS2_PLACEMENT_3D ( 'NONE', #666, #1121, #1286 ) ;
#489 = CARTESIAN_POINT ( 'NONE',  ( 0.01074750909878771470, -0.04863953211501542001, 0.1990131537687914176 ) ) ;
#490 = EDGE_CURVE ( 'NONE', #1289, #403, #40, .T. ) ;
#491 = ORIENTED_EDGE ( 'NONE', *, *, #936, .T. ) ;
#492 = ORIENTED_EDGE ( 'NONE', *, *, #189, .F. ) ;
#493 = LINE ( 'NONE', #1243, #587 ) ;
#494 = LINE ( 'NONE', #514, #293 ) ;
#495 = VECTOR ( 'NONE', #1956, 1.000000000000000000 ) ;
#496 = CARTESIAN_POINT ( 'NONE',  ( 0.01271609749994579916, -0.06401782424600740984, 0.1594010260047279970 ) ) ;
#497 = CARTESIAN_POINT ( 'NONE',  ( -0.04524821896024300294, -0.04616765100578813785, 0.1951078749344010432 ) ) ;
#498 = ORIENTED_EDGE ( 'NONE', *, *, #1336, .F. ) ;
#499 = AXIS2_PLACEMENT_3D ( 'NONE', #290, #886, #1376 ) ;
#500 = CARTESIAN_POINT ( 'NONE',  ( 0.003716097499945759941, -0.03901782424600750560, 0.1594010260047279970 ) ) ;
#501 = EDGE_CURVE ( 'NONE', #979, #839, #803, .T. ) ;
#502 = ORIENTED_EDGE ( 'NONE', *, *, #950, .F. ) ;
#503 = EDGE_LOOP ( 'NONE', ( #479, #992, #965, #1151 ) ) ;
#504 = FILL_AREA_STYLE ('',( #1732 ) ) ;
#505 = FACE_OUTER_BOUND ( 'NONE', #1240, .T. ) ;
#506 = CARTESIAN_POINT ( 'NONE',  ( -0.04524821896024301682, -0.04617823553540908316, 0.1951408836266673996 ) ) ;
#507 = ORIENTED_EDGE ( 'NONE', *, *, #191, .T. ) ;
#508 = DIRECTION ( 'NONE',  ( 0.000000000000000000, -1.000000000000000000, 0.000000000000000000 ) ) ;
#509 = DIRECTION ( 'NONE',  ( -2.085317476756499970E-15, 1.000000000000000000, 0.000000000000000000 ) ) ;
#510 = EDGE_LOOP ( 'NONE', ( #121, #127, #1934, #1110 ) ) ;
#511 = EDGE_LOOP ( 'NONE', ( #1901, #1842, #1522, #108 ) ) ;
#512 = ADVANCED_FACE ( 'NONE', ( #30 ), #1740, .F. ) ;
#513 = CARTESIAN_POINT ( 'NONE',  ( -0.01069721896024299936, -0.05365182424600770106, 0.1969077836320239916 ) ) ;
#514 = CARTESIAN_POINT ( 'NONE',  ( 0.01065378103975700083, -0.03901782424600750560, 0.1824010260047279897 ) ) ;
#515 = CARTESIAN_POINT ( 'NONE',  ( 0.003716097499945769916, -0.04567282424600770108, 0.1504010260047279890 ) ) ;
#516 = DIRECTION ( 'NONE',  ( -1.156482317317869950E-15, 0.000000000000000000, 1.000000000000000000 ) ) ;
#517 = ORIENTED_EDGE ( 'NONE', *, *, #810, .T. ) ;
#518 = VECTOR ( 'NONE', #1525, 1.000000000000000000 ) ;
#519 = PLANE ( 'NONE',  #1727 ) ;
#520 = CARTESIAN_POINT ( 'NONE',  ( 0.008716097499945809485, -0.06401782424600720167, 0.1124010260047279969 ) ) ;
#521 = ORIENTED_EDGE ( 'NONE', *, *, #972, .T. ) ;
#522 = VERTEX_POINT ( 'NONE', #1091 ) ;
#523 = VECTOR ( 'NONE', #221, 1.000000000000000000 ) ;
#524 = EDGE_CURVE ( 'NONE', #786, #978, #1685, .T. ) ;
#525 = CARTESIAN_POINT ( 'NONE',  ( -0.03715002763078350395, -0.04567282424600770108, 0.1289080260047280047 ) ) ;
#526 = EDGE_CURVE ( 'NONE', #1440, #243, #1951, .T. ) ;
#527 = CARTESIAN_POINT ( 'NONE',  ( -0.04078390250005409917, -0.06401782424600750698, 0.1504010260047279890 ) ) ;
#528 = CARTESIAN_POINT ( 'NONE',  ( -0.04524821896024300294, -0.04618319734729049025, 0.1951562408646225211 ) ) ;
#529 = CARTESIAN_POINT ( 'NONE',  ( -0.04728390250005420209, -0.03901782424600760274, 0.1763537403886880073 ) ) ;
#530 = EDGE_LOOP ( 'NONE', ( #451, #735, #345, #1123 ) ) ;
#531 = CIRCLE ( 'NONE', #1540, 0.01000000000000000888 ) ;
#532 = CARTESIAN_POINT ( 'NONE',  ( 0.01087905650691030346, -0.04916621562994729494, 0.1995245010776153238 ) ) ;
#533 = VECTOR ( 'NONE', #1952, 1.000000000000000000 ) ;
#534 = DIRECTION ( 'NONE',  ( 0.000000000000000000, -1.000000000000000000, 0.000000000000000000 ) ) ;
#535 = VERTEX_POINT ( 'NONE', #1906 ) ;
#536 = ORIENTED_EDGE ( 'NONE', *, *, #204, .T. ) ;
#537 = ADVANCED_FACE ( 'NONE', ( #811 ), #793, .F. ) ;
#538 = CARTESIAN_POINT ( 'NONE',  ( -0.007297218960243039877, -0.04865182424600769662, 0.1953077836320240013 ) ) ;
#539 = CARTESIAN_POINT ( 'NONE',  ( 0.003716070156083009501, -0.04567282424600770108, 0.1624009121180944315 ) ) ;
#540 = DIRECTION ( 'NONE',  ( -1.156482317317869950E-15, 0.000000000000000000, -1.000000000000000000 ) ) ;
#541 = FACE_OUTER_BOUND ( 'NONE', #153, .T. ) ;
#542 = VERTEX_POINT ( 'NONE', #1275 ) ;
#543 = EDGE_CURVE ( 'NONE', #1955, #522, #1602, .T. ) ;
#544 = CARTESIAN_POINT ( 'NONE',  ( 0.003716097499945739992, -0.04567282424600770108, 0.2215801825813139836 ) ) ;
#545 = CARTESIAN_POINT ( 'NONE',  ( -0.04591089369148394772, -0.05033061554782265051, 0.2005475262304040607 ) ) ;
#546 = ORIENTED_EDGE ( 'NONE', *, *, #1523, .T. ) ;
#547 = ORIENTED_EDGE ( 'NONE', *, *, #1245, .T. ) ;
#548 = EDGE_LOOP ( 'NONE', ( #1099, #24, #762, #208 ) ) ;
#549 = PLANE ( 'NONE',  #1728 ) ;
#550 = CARTESIAN_POINT ( 'NONE',  ( 0.002582222630675007347, -0.04901782424600770183, 0.1633376877479618128 ) ) ;
#551 = CARTESIAN_POINT ( 'NONE',  ( -0.03659671896024299653, -0.04167282424600760038, 0.2200137836320239793 ) ) ;
#552 = CARTESIAN_POINT ( 'NONE',  ( -0.01729721896024299932, -0.05365182424600770106, 0.1969077836320239916 ) ) ;
#553 = ORIENTED_EDGE ( 'NONE', *, *, #56, .T. ) ;
#554 = AXIS2_PLACEMENT_3D ( 'NONE', #1612, #1330, #1488 ) ;
#555 = FACE_OUTER_BOUND ( 'NONE', #716, .T. ) ;
#556 = EDGE_CURVE ( 'NONE', #1282, #1116, #494, .T. ) ;
#557 = VECTOR ( 'NONE', #130, 1.000000000000000000 ) ;
#558 = FACE_OUTER_BOUND ( 'NONE', #1053, .T. ) ;
#559 = ADVANCED_FACE ( 'NONE', ( #1114 ), #476, .F. ) ;
#560 = ORIENTED_EDGE ( 'NONE', *, *, #982, .F. ) ;
#561 = AXIS2_PLACEMENT_3D ( 'NONE', #1866, #340, #1264 ) ;
#562 = AXIS2_PLACEMENT_3D ( 'NONE', #1792, #1958, #892 ) ;
#563 = DIRECTION ( 'NONE',  ( 0.000000000000000000, 0.000000000000000000, -1.000000000000000000 ) ) ;
#564 = CARTESIAN_POINT ( 'NONE',  ( -0.01729721896024299932, -0.05067282424600769858, 0.2200137836320239793 ) ) ;
#565 = CARTESIAN_POINT ( 'NONE',  ( -0.01069721896024299936, -0.05165182424600769928, 0.1969077836320239916 ) ) ;
#566 = EDGE_LOOP ( 'NONE', ( #958, #1604, #1706, #571 ) ) ;
#567 = DIRECTION ( 'NONE',  ( 0.000000000000000000, 0.000000000000000000, 1.000000000000000000 ) ) ;
#568 = MANIFOLD_SOLID_BREP ( 'tilt arm[1]', #1033 ) ;
#569 = CARTESIAN_POINT ( 'NONE',  ( 0.01149393152200720025, -0.05067282424600769858, 0.2008136562910809997 ) ) ;
#570 = AXIS2_PLACEMENT_3D ( 'NONE', #1693, #1235, #282 ) ;
#571 = ORIENTED_EDGE ( 'NONE', *, *, #1268, .F. ) ;
#572 = ADVANCED_FACE ( 'NONE', ( #1487 ), #10, .T. ) ;
#573 = ORIENTED_EDGE ( 'NONE', *, *, #422, .F. ) ;
#574 = LINE ( 'NONE', #1187, #704 ) ;
#575 = CARTESIAN_POINT ( 'NONE',  ( -0.03830976896024300415, -0.04567282424600770108, 0.2200137836320239793 ) ) ;
#576 = CARTESIAN_POINT ( 'NONE',  ( -0.05524821896024299794, -0.06401782424600750698, 0.1404010260047280079 ) ) ;
#577 = EDGE_LOOP ( 'NONE', ( #1876, #674, #1069, #757, #829, #1569, #1927, #536 ) ) ;
#578 = PLANE ( 'NONE',  #46 ) ;
#579 = CARTESIAN_POINT ( 'NONE',  ( -0.01729721896024299932, -0.04567282424600770108, 0.2200137836320239793 ) ) ;
#580 = EDGE_CURVE ( 'NONE', #1475, #1697, #1932, .T. ) ;
#581 = ORIENTED_EDGE ( 'NONE', *, *, #1436, .F. ) ;
#582 = DIRECTION ( 'NONE',  ( -1.000000000000000000, 0.000000000000000000, 0.000000000000000000 ) ) ;
#583 = LINE ( 'NONE', #1385, #557 ) ;
#584 = ORIENTED_EDGE ( 'NONE', *, *, #622, .F. ) ;
#585 = CARTESIAN_POINT ( 'NONE',  ( 0.002582222630675007347, -0.03901782424600769988, 0.1633376877479618128 ) ) ;
#586 = CARTESIAN_POINT ( 'NONE',  ( -0.04538523441590094909, -0.04883073885135439524, 0.1992039053721939845 ) ) ;
#587 = VECTOR ( 'NONE', #1905, 1.000000000000000000 ) ;
#588 = VECTOR ( 'NONE', #262, 1.000000000000000000 ) ;
#589 = ORIENTED_EDGE ( 'NONE', *, *, #1129, .T. ) ;
#590 = DIRECTION ( 'NONE',  ( -2.085317476756499970E-15, 1.000000000000000000, 0.000000000000000000 ) ) ;
#591 = LINE ( 'NONE', #2000, #427 ) ;
#592 = ORIENTED_EDGE ( 'NONE', *, *, #501, .T. ) ;
#593 = VECTOR ( 'NONE', #1967, 1.000000000000000000 ) ;
#594 = EDGE_CURVE ( 'NONE', #839, #1887, #862, .T. ) ;
#595 = LINE ( 'NONE', #313, #1991 ) ;
#596 = AXIS2_PLACEMENT_3D ( 'NONE', #87, #1131, #1750 ) ;
#597 = CARTESIAN_POINT ( 'NONE',  ( -0.01729721896024299932, -0.04167282424600760038, 0.2200137836320239793 ) ) ;
#598 = EDGE_CURVE ( 'NONE', #960, #888, #253, .T. ) ;
#599 = CIRCLE ( 'NONE', #239, 0.03460599999999999787 ) ;
#600 = VERTEX_POINT ( 'NONE', #1176 ) ;
#601 = VECTOR ( 'NONE', #1037, 1.000000000000000000 ) ;
#602 = PLANE ( 'NONE',  #1404 ) ;
#603 = DIRECTION ( 'NONE',  ( 1.000000000000000000, 0.000000000000000000, -0.000000000000000000 ) ) ;
#604 = DIRECTION ( 'NONE',  ( 0.8076923076923080425, 0.000000000000000000, 0.5896042198752260433 ) ) ;
#605 = CARTESIAN_POINT ( 'NONE',  ( -0.04078390250005419632, -0.03901782424600740151, 0.1154010260047279995 ) ) ;
#606 = ORIENTED_EDGE ( 'NONE', *, *, #1141, .F. ) ;
#607 = ADVANCED_FACE ( 'NONE', ( #1340 ), #549, .F. ) ;
#608 = CARTESIAN_POINT ( 'NONE',  ( 0.008716070156082986187, -0.03901782424600760274, 0.1624009121180944315 ) ) ;
#609 = VERTEX_POINT ( 'NONE', #85 ) ;
#610 = DIRECTION ( 'NONE',  ( 0.000000000000000000, 4.163336342344333082E-15, -1.000000000000000000 ) ) ;
#611 = CARTESIAN_POINT ( 'NONE',  ( 0.000000000000000000, -0.04901782424600770183, 0.1763537403886880073 ) ) ;
#612 = CARTESIAN_POINT ( 'NONE',  ( -0.01729721896024299932, -0.05365182424600770106, 0.2200137836320239793 ) ) ;
#613 = CARTESIAN_POINT ( 'NONE',  ( -0.04524821896024299600, -0.04034882424600769874, 0.1067688840889799984 ) ) ;
#614 = ORIENTED_EDGE ( 'NONE', *, *, #1617, .F. ) ;
#615 = DIRECTION ( 'NONE',  ( 1.243287455214477276E-16, 0.000000000000000000, 1.000000000000000000 ) ) ;
#616 = EDGE_CURVE ( 'NONE', #1380, #1533, #574, .T. ) ;
#617 = EDGE_LOOP ( 'NONE', ( #1731, #1230, #1415, #1421, #219, #2007 ) ) ;
#618 = AXIS2_PLACEMENT_3D ( 'NONE', #611, #1082, #603 ) ;
#619 = DIRECTION ( 'NONE',  ( 0.000000000000000000, -1.000000000000000000, 0.000000000000000000 ) ) ;
#620 = LINE ( 'NONE', #291, #518 ) ;
#621 = DIRECTION ( 'NONE',  ( -4.344411409909339931E-16, 0.000000000000000000, 1.000000000000000000 ) ) ;
#622 = EDGE_CURVE ( 'NONE', #278, #978, #1637, .T. ) ;
#623 = CARTESIAN_POINT ( 'NONE',  ( -0.04328390250005410139, -0.06401782424600729882, 0.1124010260047279969 ) ) ;
#624 = DIRECTION ( 'NONE',  ( -2.085317476756499970E-15, 1.000000000000000000, 4.040302611215700251E-15 ) ) ;
#625 = B_SPLINE_CURVE_WITH_KNOTS ( 'NONE', 3,
 ( #1043, #1974, #267, #715, #1352, #586, #1199, #1484, #392, #1052, #748, #1011, #276, #900, #1519, #1629, #1362, #545, #1160 ),
 .UNSPECIFIED., .F., .F.,
 ( 4, 2, 2, 1, 1, 1, 1, 1, 2, 2, 2, 4 ),
 ( 0.000000000000000000, 0.2499999999992659760, 0.3749999999989061528, 0.4374999999987201349, 0.4687499999986192711, 0.4843749999985704213, 0.4921874999985416110, 0.4960937499985327293, 0.4980468749985297872, 0.4999999999985269561, 0.7499999999992633670, 1.000000000000000000 ),
 .UNSPECIFIED. ) ;
#626 = VERTEX_POINT ( 'NONE', #1770 ) ;
#627 = AXIS2_PLACEMENT_3D ( 'NONE', #3, #136, #629 ) ;
#628 = VECTOR ( 'NONE', #376, 1.000000000000000000 ) ;
#629 = DIRECTION ( 'NONE',  ( 1.243287455214477276E-16, 0.000000000000000000, 1.000000000000000000 ) ) ;
#630 = ORIENTED_EDGE ( 'NONE', *, *, #708, .F. ) ;
#631 = ORIENTED_EDGE ( 'NONE', *, *, #1324, .F. ) ;
#632 = EDGE_CURVE ( 'NONE', #840, #196, #1646, .T. ) ;
#633 = CIRCLE ( 'NONE', #788, 0.01000000000000000888 ) ;
#634 = DIRECTION ( 'NONE',  ( 0.000000000000000000, 0.000000000000000000, -1.000000000000000000 ) ) ;
#635 = CIRCLE ( 'NONE', #270, 0.01000000000000000888 ) ;
#636 = DIRECTION ( 'NONE',  ( 0.000000000000000000, -1.000000000000000000, 0.000000000000000000 ) ) ;
#637 = DIRECTION ( 'NONE',  ( -2.085317476756490109E-15, 1.000000000000000000, 0.000000000000000000 ) ) ;
#638 = CARTESIAN_POINT ( 'NONE',  ( 0.01065378103975700257, -0.04621153888363895013, 0.1952423733197662659 ) ) ;
#639 = EDGE_LOOP ( 'NONE', ( #910, #1627 ) ) ;
#640 = CARTESIAN_POINT ( 'NONE',  ( -0.01729721896024304095, -0.04034882424600769874, 0.2546197836320239771 ) ) ;
#641 = EDGE_LOOP ( 'NONE', ( #712, #1036 ) ) ;
#642 = ORIENTED_EDGE ( 'NONE', *, *, #1278, .F. ) ;
#643 = CARTESIAN_POINT ( 'NONE',  ( -0.04328390250005419854, -0.04567282424600770108, 0.1763537403886880073 ) ) ;
#644 = EDGE_CURVE ( 'NONE', #600, #1475, #1452, .T. ) ;
#645 = CARTESIAN_POINT ( 'NONE',  ( -0.03715002763078360110, -0.03901782424600769988, 0.1329010260047280012 ) ) ;
#646 = FACE_OUTER_BOUND ( 'NONE', #318, .T. ) ;
#647 = EDGE_CURVE ( 'NONE', #1283, #1401, #210, .T. ) ;
#648 = DIRECTION ( 'NONE',  ( 0.000000000000000000, -4.163336342344333082E-15, 1.000000000000000000 ) ) ;
#649 = ORIENTED_EDGE ( 'NONE', *, *, #1889, .F. ) ;
#650 = CARTESIAN_POINT ( 'NONE',  ( 0.01065378103975745186, -0.04794037972641441298, 0.1982708823826699607 ) ) ;
#651 = ORIENTED_EDGE ( 'NONE', *, *, #1678, .T. ) ;
#652 = VERTEX_POINT ( 'NONE', #60 ) ;
#653 = VECTOR ( 'NONE', #698, 1.000000000000000000 ) ;
#654 =( NAMED_UNIT ( * ) SI_UNIT ( $, .STERADIAN. ) SOLID_ANGLE_UNIT ( ) );
#655 = LINE ( 'NONE', #801, #1949 ) ;
#656 = CIRCLE ( 'NONE', #1360, 0.03960600000000000231 ) ;
#657 = CARTESIAN_POINT ( 'NONE',  ( -0.04728390250005420209, -0.04234532424600759987, 0.1763537403886880073 ) ) ;
#658 = CARTESIAN_POINT ( 'NONE',  ( -0.04328390250005429568, -0.04567282424600770108, 0.2215801825813139836 ) ) ;
#659 = EDGE_LOOP ( 'NONE', ( #240, #1817 ) ) ;
#660 = COLOUR_RGB ( '',0.7921568627450980005, 0.8196078431372548767, 0.9333333333333333481 ) ;
#661 = EDGE_CURVE ( 'NONE', #840, #1319, #635, .T. ) ;
#662 = CARTESIAN_POINT ( 'NONE',  ( 0.006216097499945809866, -0.06401782424600729882, 0.1154010260047279995 ) ) ;
#663 = ORIENTED_EDGE ( 'NONE', *, *, #1729, .F. ) ;
#664 = EDGE_CURVE ( 'NONE', #1475, #1031, #687, .T. ) ;
#665 = VERTEX_POINT ( 'NONE', #525 ) ;
#666 = CARTESIAN_POINT ( 'NONE',  ( -0.04524821896024299600, -0.04034882424600769874, 0.1787760658539359893 ) ) ;
#667 = CIRCLE ( 'NONE', #920, 0.01000000000000000888 ) ;
#668 = DIRECTION ( 'NONE',  ( -2.085317476756499970E-15, 1.000000000000000000, 4.040302611215700251E-15 ) ) ;
#669 = ORIENTED_EDGE ( 'NONE', *, *, #1392, .T. ) ;
#670 = CIRCLE ( 'NONE', #1478, 0.001400000000000012346 ) ;
#671 = LINE ( 'NONE', #1899, #81 ) ;
#672 = EDGE_CURVE ( 'NONE', #684, #1239, #399, .T. ) ;
#673 = ORIENTED_EDGE ( 'NONE', *, *, #1975, .T. ) ;
#674 = ORIENTED_EDGE ( 'NONE', *, *, #1957, .T. ) ;
#675 = CARTESIAN_POINT ( 'NONE',  ( -0.01729721896024299932, -0.05365182424600770106, 0.2200137836320239793 ) ) ;
#676 = CARTESIAN_POINT ( 'NONE',  ( -0.01655139071195800213, -0.04652749967242394979, 0.1832038128786910858 ) ) ;
#677 = CARTESIAN_POINT ( 'NONE',  ( -0.01729721896024299932, -0.05165182424600769928, 0.2200137836320239793 ) ) ;
#678 = CARTESIAN_POINT ( 'NONE',  ( 0.01065378103975700083, -0.03901782424600769988, 0.1980395524736880131 ) ) ;
#679 = EDGE_LOOP ( 'NONE', ( #928, #814, #179, #1834 ) ) ;
#680 = AXIS2_PLACEMENT_3D ( 'NONE', #281, #151, #792 ) ;
#681 = CARTESIAN_POINT ( 'NONE',  ( 0.01087589459051519630, -0.04915538889470306289, 0.1995143199136861778 ) ) ;
#682 = DIRECTION ( 'NONE',  ( -0.000000000000000000, 1.000000000000000000, -0.000000000000000000 ) ) ;
#683 = ORIENTED_EDGE ( 'NONE', *, *, #580, .F. ) ;
#684 = VERTEX_POINT ( 'NONE', #1143 ) ;
#685 = EDGE_CURVE ( 'NONE', #1014, #945, #1510, .T. ) ;
#686 = LINE ( 'NONE', #1610, #1226 ) ;
#687 = LINE ( 'NONE', #866, #891 ) ;
#688 = CARTESIAN_POINT ( 'NONE',  ( -0.02389721896024300102, -0.05165182424600769928, 0.1860429838769410149 ) ) ;
#689 = CARTESIAN_POINT ( 'NONE',  ( -0.03828390250005420103, -0.03901782424600730437, 0.1067688840889809976 ) ) ;
#690 = VERTEX_POINT ( 'NONE', #1004 ) ;
#691 = AXIS2_PLACEMENT_3D ( 'NONE', #1276, #813, #1920 ) ;
#692 = LINE ( 'NONE', #500, #495 ) ;
#693 = LINE ( 'NONE', #1080, #1363 ) ;
#694 = VERTEX_POINT ( 'NONE', #105 ) ;
#695 = ORIENTED_EDGE ( 'NONE', *, *, #379, .T. ) ;
#696 = VECTOR ( 'NONE', #312, 1.000000000000000000 ) ;
#697 = EDGE_CURVE ( 'NONE', #1955, #609, #1142, .T. ) ;
#698 = DIRECTION ( 'NONE',  ( 0.000000000000000000, -1.000000000000000000, 0.000000000000000000 ) ) ;
#699 = DIRECTION ( 'NONE',  ( 0.000000000000000000, 1.000000000000000000, 0.000000000000000000 ) ) ;
#700 = CARTESIAN_POINT ( 'NONE',  ( -0.04328390250005410139, -0.06401782424600729882, 0.1067688840889799984 ) ) ;
#701 = ORIENTED_EDGE ( 'NONE', *, *, #445, .F. ) ;
#702 = VECTOR ( 'NONE', #624, 1.000000000000000000 ) ;
#703 = CARTESIAN_POINT ( 'NONE',  ( -0.03127271896024300113, -0.04567282424600770108, 0.1067688840889799984 ) ) ;
#704 = VECTOR ( 'NONE', #709, 1.000000000000000000 ) ;
#705 = FACE_OUTER_BOUND ( 'NONE', #870, .T. ) ;
#706 = ORIENTED_EDGE ( 'NONE', *, *, #29, .T. ) ;
#707 = EDGE_LOOP ( 'NONE', ( #1928, #774, #830, #1027, #894, #521 ) ) ;
#708 = EDGE_CURVE ( 'NONE', #1012, #1119, #1479, .T. ) ;
#709 = DIRECTION ( 'NONE',  ( -2.085317476756499970E-15, 1.000000000000000000, 4.040302611215700251E-15 ) ) ;
#710 = CYLINDRICAL_SURFACE ( 'NONE', #554, 0.01929950000000000068 ) ;
#711 = LINE ( 'NONE', #97, #1496 ) ;
#712 = ORIENTED_EDGE ( 'NONE', *, *, #1208, .F. ) ;
#713 = ADVANCED_FACE ( 'NONE', ( #1815 ), #271, .F. ) ;
#714 = FACE_OUTER_BOUND ( 'NONE', #197, .T. ) ;
#715 = CARTESIAN_POINT ( 'NONE',  ( -0.04531848894471418587, -0.04851262680012383144, 0.1988843328226803098 ) ) ;
#716 = EDGE_LOOP ( 'NONE', ( #736, #1769 ) ) ;
#717 = ORIENTED_EDGE ( 'NONE', *, *, #1992, .T. ) ;
#718 = CARTESIAN_POINT ( 'NONE',  ( -0.04328390250005410139, -0.06401782424600750698, 0.1504010260047279890 ) ) ;
#719 = DIRECTION ( 'NONE',  ( 4.212656823276499851E-30, -4.040302611215700251E-15, 1.000000000000000000 ) ) ;
#720 = ORIENTED_EDGE ( 'NONE', *, *, #1979, .T. ) ;
#721 = VECTOR ( 'NONE', #1537, 1.000000000000000000 ) ;
#722 = LINE ( 'NONE', #257, #332 ) ;
#723 = EDGE_CURVE ( 'NONE', #1079, #694, #143, .T. ) ;
#724 = B_SPLINE_CURVE_WITH_KNOTS ( 'NONE', 3,
 ( #254, #385, #1154, #887 ),
 .UNSPECIFIED., .F., .F.,
 ( 4, 4 ),
 ( 0.3345000000000000195, 1.000000000000000000 ),
 .UNSPECIFIED. ) ;
#725 = CARTESIAN_POINT ( 'NONE',  ( -0.02573440552375609591, -0.04567282424600770108, 0.1813168959161821081 ) ) ;
#726 = ORIENTED_EDGE ( 'NONE', *, *, #1026, .T. ) ;
#727 = ORIENTED_EDGE ( 'NONE', *, *, #275, .T. ) ;
#728 = AXIS2_PLACEMENT_3D ( 'NONE', #882, #125, #1660 ) ;
#729 = CARTESIAN_POINT ( 'NONE',  ( -0.03715002763078350395, -0.06401782424600770127, 0.1329010260047280012 ) ) ;
#730 = CARTESIAN_POINT ( 'NONE',  ( -0.01729721896024299932, -0.03901782424600769988, 0.2200137836320239793 ) ) ;
#731 = VERTEX_POINT ( 'NONE', #1534 ) ;
#732 = CARTESIAN_POINT ( 'NONE',  ( -0.03828390250005420103, -0.03901782424600769988, 0.1763537403886880073 ) ) ;
#733 = EDGE_CURVE ( 'NONE', #1981, #690, #1541, .T. ) ;
#734 = CYLINDRICAL_SURFACE ( 'NONE', #1790, 0.02101255000000000137 ) ;
#735 = ORIENTED_EDGE ( 'NONE', *, *, #1729, .T. ) ;
#736 = ORIENTED_EDGE ( 'NONE', *, *, #948, .T. ) ;
#737 = DIRECTION ( 'NONE',  ( 0.000000000000000000, -1.000000000000000000, 0.000000000000000000 ) ) ;
#738 = DIRECTION ( 'NONE',  ( 0.000000000000000000, 0.000000000000000000, -1.000000000000000000 ) ) ;
#739 = CARTESIAN_POINT ( 'NONE',  ( 0.008716097499945759178, -0.03901782424600720028, 0.1124010260047279969 ) ) ;
#740 = DIRECTION ( 'NONE',  ( 0.000000000000000000, -1.000000000000000000, 0.000000000000000000 ) ) ;
#741 = DIRECTION ( 'NONE',  ( 0.000000000000000000, 0.000000000000000000, -1.000000000000000000 ) ) ;
#742 = EDGE_CURVE ( 'NONE', #979, #117, #670, .T. ) ;
#743 = EDGE_CURVE ( 'NONE', #1439, #1388, #1515, .T. ) ;
#744 = DIRECTION ( 'NONE',  ( -1.000000000000000000, -2.085317476756499970E-15, -4.212656823276499851E-30 ) ) ;
#745 = DIRECTION ( 'NONE',  ( -4.212656823276499851E-30, 4.040302611215700251E-15, -1.000000000000000000 ) ) ;
#746 = ORIENTED_EDGE ( 'NONE', *, *, #18, .F. ) ;
#747 = CARTESIAN_POINT ( 'NONE',  ( -0.04524821896024299600, -0.03901782424600769988, 0.1404010260047280079 ) ) ;
#748 = CARTESIAN_POINT ( 'NONE',  ( -0.04547086700239856560, -0.04915440900996875112, 0.1995149983147509465 ) ) ;
#749 = CARTESIAN_POINT ( 'NONE',  ( 0.01065378103975700083, -0.04567282424600770108, 0.1919535477990879924 ) ) ;
#750 = ADVANCED_FACE ( 'NONE', ( #758 ), #602, .T. ) ;
#751 = DIRECTION ( 'NONE',  ( 0.000000000000000000, -1.000000000000000000, 0.000000000000000000 ) ) ;
#752 = PLANE ( 'NONE',  #154 ) ;
#753 = VECTOR ( 'NONE', #1538, 1.000000000000000000 ) ;
#754 = DIRECTION ( 'NONE',  ( 1.000000000000000000, 2.085317476756499970E-15, 4.212656823276499851E-30 ) ) ;
#755 = CARTESIAN_POINT ( 'NONE',  ( 0.008716097499945809485, -0.04567282424600770108, 0.1154010260047279995 ) ) ;
#756 = CIRCLE ( 'NONE', #1209, 0.005000000000000004441 ) ;
#757 = ORIENTED_EDGE ( 'NONE', *, *, #1520, .F. ) ;
#758 = FACE_OUTER_BOUND ( 'NONE', #1039, .T. ) ;
#759 = CARTESIAN_POINT ( 'NONE',  ( 0.003716097499945840172, -0.04567282424600770108, 0.2215801825813139836 ) ) ;
#760 = CARTESIAN_POINT ( 'NONE',  ( -0.04524821896024299600, -0.04774269405938329908, 0.1980395524736880131 ) ) ;
#761 = DIRECTION ( 'NONE',  ( 0.000000000000000000, -1.000000000000000000, -4.040302611215700251E-15 ) ) ;
#762 = ORIENTED_EDGE ( 'NONE', *, *, #1270, .T. ) ;
#763 = EDGE_CURVE ( 'NONE', #1212, #163, #1373, .T. ) ;
#764 = CARTESIAN_POINT ( 'NONE',  ( 0.002582222630675007347, -0.04567282424600770108, 0.1633376877479618128 ) ) ;
#765 = VERTEX_POINT ( 'NONE', #1384 ) ;
#766 = VECTOR ( 'NONE', #387, 1.000000000000000000 ) ;
#767 = CARTESIAN_POINT ( 'NONE',  ( 0.01065378103975700083, -0.04034882424600769874, 0.1197473883991319876 ) ) ;
#768 = CARTESIAN_POINT ( 'NONE',  ( 0.003716070156083004731, -0.03901782424600760274, 0.1624009121180944315 ) ) ;
#769 = DIRECTION ( 'NONE',  ( 1.156482317317880008E-15, -4.040302611215700251E-15, 1.000000000000000000 ) ) ;
#770 = DIRECTION ( 'NONE',  ( 0.000000000000000000, 0.000000000000000000, 1.000000000000000000 ) ) ;
#771 = ORIENTED_EDGE ( 'NONE', *, *, #1765, .T. ) ;
#772 = CARTESIAN_POINT ( 'NONE',  ( -0.04608836944249320583, -0.05067282424600769858, 0.2008136562910809997 ) ) ;
#773 = EDGE_CURVE ( 'NONE', #1494, #1697, #1689, .T. ) ;
#774 = ORIENTED_EDGE ( 'NONE', *, *, #1060, .F. ) ;
#775 = VECTOR ( 'NONE', #1132, 1.000000000000000000 ) ;
#776 = FACE_OUTER_BOUND ( 'NONE', #1757, .T. ) ;
#777 = DIRECTION ( 'NONE',  ( 0.000000000000000000, 0.000000000000000000, -1.000000000000000000 ) ) ;
#778 = CARTESIAN_POINT ( 'NONE',  ( -0.01729721896024299932, -0.05165182424600769928, 0.2167637836320239764 ) ) ;
#779 = CARTESIAN_POINT ( 'NONE',  ( -0.007297218960243039877, -0.04865182424600769662, 0.1939077836320239889 ) ) ;
#780 = LINE ( 'NONE', #41, #36 ) ;
#781 = CARTESIAN_POINT ( 'NONE',  ( 0.01065378103975700083, -0.04740900601012604243, 0.1976490738556747340 ) ) ;
#782 = ORIENTED_EDGE ( 'NONE', *, *, #622, .T. ) ;
#783 = VECTOR ( 'NONE', #400, 1.000000000000000000 ) ;
#784 = CYLINDRICAL_SURFACE ( 'NONE', #232, 0.001400000000000012346 ) ;
#785 = EDGE_CURVE ( 'NONE', #1168, #1981, #1663, .T. ) ;
#786 = VERTEX_POINT ( 'NONE', #1355 ) ;
#787 = ORIENTED_EDGE ( 'NONE', *, *, #1841, .F. ) ;
#788 = AXIS2_PLACEMENT_3D ( 'NONE', #1065, #899, #770 ) ;
#789 = DIRECTION ( 'NONE',  ( -2.085317476756499970E-15, 1.000000000000000000, 4.040302611215700251E-15 ) ) ;
#790 = FACE_BOUND ( 'NONE', #967, .T. ) ;
#791 = VECTOR ( 'NONE', #1062, 1.000000000000000000 ) ;
#792 = DIRECTION ( 'NONE',  ( 1.000000000000000000, 0.000000000000000000, 0.000000000000000000 ) ) ;
#793 = PLANE ( 'NONE',  #1982 ) ;
#794 = CARTESIAN_POINT ( 'NONE',  ( -0.04524821896024299600, -0.04611603042283503318, 0.1949426973660789153 ) ) ;
#795 = ORIENTED_EDGE ( 'NONE', *, *, #1910, .F. ) ;
#796 = PLANE ( 'NONE',  #627 ) ;
#797 = ORIENTED_EDGE ( 'NONE', *, *, #92, .T. ) ;
#798 = ORIENTED_EDGE ( 'NONE', *, *, #1369, .T. ) ;
#799 = ADVANCED_FACE ( 'NONE', ( #1054 ), #1929, .F. ) ;
#800 = CARTESIAN_POINT ( 'NONE',  ( -0.01714923775056900052, -0.04167282424600760038, 0.2315801825813139925 ) ) ;
#801 = CARTESIAN_POINT ( 'NONE',  ( -0.01069721896024299936, -0.05365182424600770106, 0.1864077836320239823 ) ) ;
#802 = ADVANCED_FACE ( 'NONE', ( #1072 ), #1970, .T. ) ;
#803 = LINE ( 'NONE', #201, #1428 ) ;
#804 = CARTESIAN_POINT ( 'NONE',  ( -0.04078390250005419632, -0.03901782424600750560, 0.1504010260047279890 ) ) ;
#805 = VERTEX_POINT ( 'NONE', #749 ) ;
#806 = CARTESIAN_POINT ( 'NONE',  ( -0.03828390250005420103, -0.06401782424600740984, 0.1154010260047279995 ) ) ;
#807 = VERTEX_POINT ( 'NONE', #1203 ) ;
#808 = EDGE_LOOP ( 'NONE', ( #1097, #203, #1916, #819 ) ) ;
#809 = CIRCLE ( 'NONE', #194, 0.03460599999999999787 ) ;
#810 = EDGE_CURVE ( 'NONE', #223, #1679, #1310, .T. ) ;
#811 = FACE_OUTER_BOUND ( 'NONE', #68, .T. ) ;
#812 = DIRECTION ( 'NONE',  ( -2.085317476756499970E-15, 1.000000000000000000, 0.000000000000000000 ) ) ;
#813 = DIRECTION ( 'NONE',  ( 0.000000000000000000, 1.000000000000000000, 0.000000000000000000 ) ) ;
#814 = ORIENTED_EDGE ( 'NONE', *, *, #647, .T. ) ;
#815 = AXIS2_PLACEMENT_3D ( 'NONE', #1884, #322, #943 ) ;
#816 = CARTESIAN_POINT ( 'NONE',  ( 0.01086285152431610765, -0.04911009587891346923, 0.1994715999232241910 ) ) ;
#817 = VECTOR ( 'NONE', #1068, 1.000000000000000000 ) ;
#818 = ORIENTED_EDGE ( 'NONE', *, *, #315, .T. ) ;
#819 = ORIENTED_EDGE ( 'NONE', *, *, #1632, .F. ) ;
#820 =( LENGTH_UNIT ( ) NAMED_UNIT ( * ) SI_UNIT ( $, .METRE. ) );
#821 = DIRECTION ( 'NONE',  ( -1.000000000000000000, -2.085317476756499970E-15, -4.212656823276499851E-30 ) ) ;
#822 = VECTOR ( 'NONE', #1158, 1.000000000000000000 ) ;
#823 = FACE_OUTER_BOUND ( 'NONE', #269, .T. ) ;
#824 = CARTESIAN_POINT ( 'NONE',  ( -0.04524821896024298906, -0.04592550888965755973, 0.1942462443483401746 ) ) ;
#825 = VERTEX_POINT ( 'NONE', #299 ) ;
#826 = DIRECTION ( 'NONE',  ( 0.000000000000000000, -1.000000000000000000, 0.000000000000000000 ) ) ;
#827 = ADVANCED_FACE ( 'NONE', ( #1999 ), #429, .F. ) ;
#828 = PLANE ( 'NONE',  #1798 ) ;
#829 = ORIENTED_EDGE ( 'NONE', *, *, #1120, .T. ) ;
#830 = ORIENTED_EDGE ( 'NONE', *, *, #1416, .F. ) ;
#831 = ADVANCED_FACE ( 'NONE', ( #1507 ), #115, .T. ) ;
#832 = CARTESIAN_POINT ( 'NONE',  ( 0.01065378103975700083, -0.04034882424600769874, 0.1297473883991319965 ) ) ;
#833 = FACE_BOUND ( 'NONE', #617, .T. ) ;
#834 = DIRECTION ( 'NONE',  ( 1.000000000000000000, 0.000000000000000000, 0.000000000000000000 ) ) ;
#835 = ORIENTED_EDGE ( 'NONE', *, *, #1572, .F. ) ;
#836 = CARTESIAN_POINT ( 'NONE',  ( 0.01065378103975700083, -0.04567282424600770108, 0.1824010260047279897 ) ) ;
#837 = EDGE_CURVE ( 'NONE', #1679, #1066, #923, .T. ) ;
#838 = CARTESIAN_POINT ( 'NONE',  ( -0.007297218960243039877, -0.04565182424600770089, 0.1939077836320239889 ) ) ;
#839 = VERTEX_POINT ( 'NONE', #1366 ) ;
#840 = VERTEX_POINT ( 'NONE', #1618 ) ;
#841 = DIRECTION ( 'NONE',  ( 0.000000000000000000, -1.000000000000000000, 0.000000000000000000 ) ) ;
#842 = CARTESIAN_POINT ( 'NONE',  ( 0.006216097499945760427, -0.03901782424600740151, 0.1504010260047279890 ) ) ;
#843 = CARTESIAN_POINT ( 'NONE',  ( -0.01729721896024299932, -0.04167282424600760038, 0.2200137836320239793 ) ) ;
#844 = CARTESIAN_POINT ( 'NONE',  ( -0.04524821896024299600, -0.04034882424600769874, 0.1067688840889799984 ) ) ;
#845 = DIRECTION ( 'NONE',  ( 3.172065784643300034E-16, 0.000000000000000000, -1.000000000000000000 ) ) ;
#846 = ORIENTED_EDGE ( 'NONE', *, *, #284, .T. ) ;
#847 = PRODUCT_DEFINITION_FORMATION_WITH_SPECIFIED_SOURCE ( 'ANY', '', #311, .NOT_KNOWN. ) ;
#848 = CIRCLE ( 'NONE', #34, 0.02101254999999999096 ) ;
#849 = DIRECTION ( 'NONE',  ( 0.000000000000000000, 1.000000000000000000, 0.000000000000000000 ) ) ;
#850 = DIRECTION ( 'NONE',  ( -1.203067775051822688E-15, 0.000000000000000000, 1.000000000000000000 ) ) ;
#851 = ORIENTED_EDGE ( 'NONE', *, *, #347, .T. ) ;
#852 = CIRCLE ( 'NONE', #1850, 0.02101254999999999096 ) ;
#853 = ORIENTED_EDGE ( 'NONE', *, *, #524, .F. ) ;
#854 = ADVANCED_FACE ( 'NONE', ( #1708 ), #319, .T. ) ;
#855 = ADVANCED_FACE ( 'NONE', ( #1291 ), #828, .F. ) ;
#856 = DIRECTION ( 'NONE',  ( 0.000000000000000000, -1.000000000000000000, 0.000000000000000000 ) ) ;
#857 = PLANE ( 'NONE',  #1721 ) ;
#858 = LINE ( 'NONE', #1508, #1390 ) ;
#859 = EDGE_LOOP ( 'NONE', ( #324, #1950, #553, #1342, #1003, #1509, #918 ) ) ;
#860 = AXIS2_PLACEMENT_3D ( 'NONE', #1775, #934, #1224 ) ;
#861 = FACE_OUTER_BOUND ( 'NONE', #1563, .T. ) ;
#862 = CIRCLE ( 'NONE', #1573, 0.001400000000000012346 ) ;
#863 = DIRECTION ( 'NONE',  ( 0.000000000000000000, 1.000000000000000000, 0.000000000000000000 ) ) ;
#864 = VERTEX_POINT ( 'NONE', #1448 ) ;
#865 = UNCERTAINTY_MEASURE_WITH_UNIT (LENGTH_MEASURE( 1.000000000000000082E-05 ), #820, 'distance_accuracy_value', 'NONE');
#866 = CARTESIAN_POINT ( 'NONE',  ( -0.03828390250005440226, -0.04567282424600770108, 0.2215801825813139836 ) ) ;
#867 = ADVANCED_FACE ( 'NONE', ( #80 ), #19, .F. ) ;
#868 = LINE ( 'NONE', #1298, #653 ) ;
#869 = CARTESIAN_POINT ( 'NONE',  ( -0.007297218960243039877, -0.04565182424600770089, 0.1939077836320239889 ) ) ;
#870 = EDGE_LOOP ( 'NONE', ( #1902, #472, #1315, #573 ) ) ;
#871 = DIRECTION ( 'NONE',  ( 0.000000000000000000, 0.000000000000000000, 1.000000000000000000 ) ) ;
#872 = DIRECTION ( 'NONE',  ( 0.000000000000000000, 0.000000000000000000, -1.000000000000000000 ) ) ;
#873 = ORIENTED_EDGE ( 'NONE', *, *, #1535, .T. ) ;
#874 = ORIENTED_EDGE ( 'NONE', *, *, #29, .F. ) ;
#875 = DIRECTION ( 'NONE',  ( 0.000000000000000000, 0.000000000000000000, 1.000000000000000000 ) ) ;
#876 = DIRECTION ( 'NONE',  ( -1.000000000000000000, -2.085317476756490109E-15, -4.344411409909339931E-16 ) ) ;
#877 = CARTESIAN_POINT ( 'NONE',  ( -0.01729721896024299932, -0.04567282424600770108, 0.2200137836320239793 ) ) ;
#878 = ORIENTED_EDGE ( 'NONE', *, *, #1241, .T. ) ;
#879 = ADVANCED_FACE ( 'NONE', ( #705 ), #1136, .T. ) ;
#880 = CARTESIAN_POINT ( 'NONE',  ( -0.01728390250005425871, -0.03901782424600769988, 0.1633376877479618128 ) ) ;
#881 = VECTOR ( 'NONE', #106, 1.000000000000000000 ) ;
#882 = CARTESIAN_POINT ( 'NONE',  ( -0.02389721896024300102, -0.05165182424600769928, 0.1954077836320239903 ) ) ;
#883 = ORIENTED_EDGE ( 'NONE', *, *, #1831, .F. ) ;
#884 = ORIENTED_EDGE ( 'NONE', *, *, #543, .T. ) ;
#885 = VECTOR ( 'NONE', #386, 1.000000000000000000 ) ;
#886 = DIRECTION ( 'NONE',  ( 0.000000000000000000, -1.000000000000000000, 0.000000000000000000 ) ) ;
#887 = CARTESIAN_POINT ( 'NONE',  ( 0.003716070156083004731, -0.03901782424600760274, 0.1624009121180944315 ) ) ;
#888 = VERTEX_POINT ( 'NONE', #940 ) ;
#889 = DIRECTION ( 'NONE',  ( 0.000000000000000000, 0.000000000000000000, 1.000000000000000000 ) ) ;
#890 = VECTOR ( 'NONE', #1736, 1.000000000000000000 ) ;
#891 = VECTOR ( 'NONE', #1918, 1.000000000000000000 ) ;
#892 = DIRECTION ( 'NONE',  ( 0.000000000000000000, 0.000000000000000000, -1.000000000000000000 ) ) ;
#893 = ADVANCED_FACE ( 'NONE', ( #473 ), #308, .F. ) ;
#894 = ORIENTED_EDGE ( 'NONE', *, *, #1050, .T. ) ;
#895 = DIRECTION ( 'NONE',  ( 0.000000000000000000, 1.000000000000000000, 4.040302611215700251E-15 ) ) ;
#896 = LINE ( 'NONE', #1836, #1744 ) ;
#897 = ORIENTED_EDGE ( 'NONE', *, *, #743, .F. ) ;
#898 = ADVANCED_FACE ( 'NONE', ( #1755 ), #990, .F. ) ;
#899 = DIRECTION ( 'NONE',  ( 0.000000000000000000, -1.000000000000000000, 0.000000000000000000 ) ) ;
#900 = CARTESIAN_POINT ( 'NONE',  ( -0.04547495808406824130, -0.04916843426824497182, 0.1995281699851783330 ) ) ;
#901 = EDGE_CURVE ( 'NONE', #522, #298, #1281, .T. ) ;
#902 = ORIENTED_EDGE ( 'NONE', *, *, #936, .F. ) ;
#903 = DIRECTION ( 'NONE',  ( 0.000000000000000000, 0.000000000000000000, -1.000000000000000000 ) ) ;
#904 = DIRECTION ( 'NONE',  ( 4.212656823276499851E-30, -4.040302611215700251E-15, 1.000000000000000000 ) ) ;
#905 = DIRECTION ( 'NONE',  ( -2.085317476756499970E-15, 1.000000000000000000, 4.040302611215700251E-15 ) ) ;
#906 = CARTESIAN_POINT ( 'NONE',  ( -0.01728390250005425871, -0.03901782424600769988, 0.1832038128786910858 ) ) ;
#907 = CARTESIAN_POINT ( 'NONE',  ( 0.01065378103975700083, -0.03901782424600769988, 0.1824010260047279897 ) ) ;
#908 = VECTOR ( 'NONE', #448, 1.000000000000000000 ) ;
#909 = EDGE_CURVE ( 'NONE', #978, #786, #1719, .T. ) ;
#910 = ORIENTED_EDGE ( 'NONE', *, *, #956, .F. ) ;
#911 = AXIS2_PLACEMENT_3D ( 'NONE', #623, #1399, #637 ) ;
#912 = CARTESIAN_POINT ( 'NONE',  ( -0.05024821896024300044, -0.03901782424600769988, 0.1980395524736880131 ) ) ;
#913 = CARTESIAN_POINT ( 'NONE',  ( -0.04328390250005419854, -0.03901782424600760274, 0.1594010260047279970 ) ) ;
#914 = CARTESIAN_POINT ( 'NONE',  ( -0.01729277985842654283, -0.04652767904107225905, 0.1832038113911876320 ) ) ;
#915 = ADVANCED_FACE ( 'NONE', ( #1745 ), #1000, .T. ) ;
#916 = AXIS2_PLACEMENT_3D ( 'NONE', #206, #1914, #850 ) ;
#917 = CARTESIAN_POINT ( 'NONE',  ( 0.003716042812220251255, -0.04901782424600770183, 0.1763535126154208710 ) ) ;
#918 = ORIENTED_EDGE ( 'NONE', *, *, #1311, .T. ) ;
#919 = DIRECTION ( 'NONE',  ( 1.000000000000000000, 2.085317476756480248E-15, 1.734723475976810053E-15 ) ) ;
#920 = AXIS2_PLACEMENT_3D ( 'NONE', #1124, #335, #1579 ) ;
#921 = ORIENTED_EDGE ( 'NONE', *, *, #1863, .F. ) ;
#922 = AXIS2_PLACEMENT_3D ( 'NONE', #2008, #1348, #261 ) ;
#923 = LINE ( 'NONE', #1545, #84 ) ;
#924 = DIRECTION ( 'NONE',  ( 0.000000000000000000, 0.000000000000000000, -1.000000000000000000 ) ) ;
#925 = CARTESIAN_POINT ( 'NONE',  ( -0.01728390250005424483, -0.03901782424600769988, 0.1090419008739988010 ) ) ;
#926 = EDGE_CURVE ( 'NONE', #1289, #1405, #1317, .T. ) ;
#927 = LINE ( 'NONE', #162, #1309 ) ;
#928 = ORIENTED_EDGE ( 'NONE', *, *, #1852, .F. ) ;
#929 = DIRECTION ( 'NONE',  ( -5.782411586589390179E-16, 4.040302611215700251E-15, -1.000000000000000000 ) ) ;
#930 = EDGE_LOOP ( 'NONE', ( #498, #416, #1857, #1138, #1657, #314 ) ) ;
#931 = DIRECTION ( 'NONE',  ( 0.000000000000000000, 4.191392448147252887E-15, -1.000000000000000000 ) ) ;
#932 = PLANE ( 'NONE',  #1100 ) ;
#933 = CARTESIAN_POINT ( 'NONE',  ( 0.002582222630675090180, -0.03901782424600769988, 0.1329010260047280012 ) ) ;
#934 = DIRECTION ( 'NONE',  ( 0.000000000000000000, 1.000000000000000000, 0.000000000000000000 ) ) ;
#935 = ORIENTED_EDGE ( 'NONE', *, *, #697, .T. ) ;
#936 = EDGE_CURVE ( 'NONE', #469, #278, #1597, .T. ) ;
#937 = CARTESIAN_POINT ( 'NONE',  ( 0.01065378103975700083, -0.03901782424600769988, 0.1771611351412380186 ) ) ;
#938 = EDGE_LOOP ( 'NONE', ( #1449, #102, #263, #1162 ) ) ;
#939 = ORIENTED_EDGE ( 'NONE', *, *, #138, .F. ) ;
#940 = CARTESIAN_POINT ( 'NONE',  ( 0.003716097499945769916, -0.03901782424600740151, 0.1504010260047279890 ) ) ;
#941 = DIRECTION ( 'NONE',  ( 1.000000000000000000, 0.000000000000000000, 0.000000000000000000 ) ) ;
#942 = CARTESIAN_POINT ( 'NONE',  ( -0.02389721896024300102, -0.05365182424600770106, 0.1954077836320239903 ) ) ;
#943 = DIRECTION ( 'NONE',  ( 0.000000000000000000, 0.000000000000000000, -1.000000000000000000 ) ) ;
#944 = CARTESIAN_POINT ( 'NONE',  ( 0.008716097499945759178, -0.03901782424600720028, 0.1154010260047279995 ) ) ;
#945 = VERTEX_POINT ( 'NONE', #1089 ) ;
#946 = CIRCLE ( 'NONE', #976, 0.01929949999999999721 ) ;
#947 = VECTOR ( 'NONE', #845, 1.000000000000000000 ) ;
#948 = EDGE_CURVE ( 'NONE', #117, #979, #360, .T. ) ;
#949 = PLANE ( 'NONE',  #1435 ) ;
#950 = EDGE_CURVE ( 'NONE', #960, #1109, #693, .T. ) ;
#951 = VERTEX_POINT ( 'NONE', #643 ) ;
#952 = ORIENTED_EDGE ( 'NONE', *, *, #1241, .F. ) ;
#953 = VECTOR ( 'NONE', #1838, 1.000000000000000000 ) ;
#954 = AXIS2_PLACEMENT_3D ( 'NONE', #1843, #582, #1193 ) ;
#955 = DIRECTION ( 'NONE',  ( 1.000000000000000000, 0.000000000000000000, 0.000000000000000000 ) ) ;
#956 = EDGE_CURVE ( 'NONE', #1887, #839, #39, .T. ) ;
#957 = DIRECTION ( 'NONE',  ( 0.000000000000000000, 0.000000000000000000, -1.000000000000000000 ) ) ;
#958 = ORIENTED_EDGE ( 'NONE', *, *, #1975, .F. ) ;
#959 = DIRECTION ( 'NONE',  ( 0.000000000000000000, -1.000000000000000000, 0.000000000000000000 ) ) ;
#960 = VERTEX_POINT ( 'NONE', #158 ) ;
#961 = ADVANCED_FACE ( 'NONE', ( #776 ), #1395, .F. ) ;
#962 = DIRECTION ( 'NONE',  ( -1.243287455214477276E-16, 0.000000000000000000, -1.000000000000000000 ) ) ;
#963 = CARTESIAN_POINT ( 'NONE',  ( -0.009506412761782136178, -0.04567282424600770108, 0.1816328388447899234 ) ) ;
#964 = DIRECTION ( 'NONE',  ( 0.000000000000000000, 1.000000000000000000, 0.000000000000000000 ) ) ;
#965 = ORIENTED_EDGE ( 'NONE', *, *, #1877, .F. ) ;
#966 = LINE ( 'NONE', #185, #1797 ) ;
#967 = EDGE_LOOP ( 'NONE', ( #1147, #1424, #1350, #1608, #431, #1307 ) ) ;
#968 = ORIENTED_EDGE ( 'NONE', *, *, #1831, .T. ) ;
#969 = VECTOR ( 'NONE', #1682, 1.000000000000000000 ) ;
#970 = DIRECTION ( 'NONE',  ( 0.000000000000000000, 0.000000000000000000, -1.000000000000000000 ) ) ;
#971 = FACE_BOUND ( 'NONE', #641, .T. ) ;
#972 = EDGE_CURVE ( 'NONE', #90, #328, #135, .T. ) ;
#973 = LINE ( 'NONE', #183, #1913 ) ;
#974 = ORIENTED_EDGE ( 'NONE', *, *, #1669, .T. ) ;
#975 = DIRECTION ( 'NONE',  ( 4.212656823276499851E-30, 0.000000000000000000, -1.000000000000000000 ) ) ;
#976 = AXIS2_PLACEMENT_3D ( 'NONE', #597, #462, #452 ) ;
#977 = DIRECTION ( 'NONE',  ( -2.085317476756490109E-15, 1.000000000000000000, 0.000000000000000000 ) ) ;
#978 = VERTEX_POINT ( 'NONE', #1947 ) ;
#979 = VERTEX_POINT ( 'NONE', #119 ) ;
#980 = CARTESIAN_POINT ( 'NONE',  ( 0.000000000000000000, 0.000000000000000000, 0.000000000000000000 ) ) ;
#981 = DIRECTION ( 'NONE',  ( 1.000000000000000000, -0.000000000000000000, 0.000000000000000000 ) ) ;
#982 = EDGE_CURVE ( 'NONE', #600, #535, #1503, .T. ) ;
#983 = VECTOR ( 'NONE', #1607, 1.000000000000000000 ) ;
#984 = DIRECTION ( 'NONE',  ( 0.000000000000000000, 0.000000000000000000, -1.000000000000000000 ) ) ;
#985 = DIRECTION ( 'NONE',  ( 0.000000000000000000, -1.000000000000000000, 0.000000000000000000 ) ) ;
#986 = LINE ( 'NONE', #1723, #775 ) ;
#987 = ORIENTED_EDGE ( 'NONE', *, *, #1058, .T. ) ;
#988 = EDGE_CURVE ( 'NONE', #1861, #1118, #1034, .T. ) ;
#989 = CARTESIAN_POINT ( 'NONE',  ( -0.04728390250005420209, -0.04567282424600770108, 0.1763537403886880073 ) ) ;
#990 = CYLINDRICAL_SURFACE ( 'NONE', #1238, 0.01986612513072920361 ) ;
#991 = EDGE_LOOP ( 'NONE', ( #1968, #2003 ) ) ;
#992 = ORIENTED_EDGE ( 'NONE', *, *, #490, .T. ) ;
#993 = CARTESIAN_POINT ( 'NONE',  ( -0.02729721896024300126, -0.05365182424600770106, 0.1939077836320239889 ) ) ;
#994 = CARTESIAN_POINT ( 'NONE',  ( -0.03127271896024300113, -0.04567282424600770108, 0.1067688840889799984 ) ) ;
#995 = DIRECTION ( 'NONE',  ( 1.000000000000000000, 0.000000000000000000, 3.172065784643300034E-16 ) ) ;
#996 = DIRECTION ( 'NONE',  ( 0.000000000000000000, 4.163336342344333082E-15, -1.000000000000000000 ) ) ;
#997 = VERTEX_POINT ( 'NONE', #93 ) ;
#998 = CARTESIAN_POINT ( 'NONE',  ( 0.01065378103975700083, -0.03901782424600769988, 0.1404010260047280079 ) ) ;
#999 = ADVANCED_FACE ( 'NONE', ( #1513 ), #1326, .F. ) ;
#1000 = CYLINDRICAL_SURFACE ( 'NONE', #916, 0.03460599999999999787 ) ;
#1001 = ADVANCED_FACE ( 'NONE', ( #558 ), #1652, .T. ) ;
#1002 = EDGE_LOOP ( 'NONE', ( #1644, #1562, #1456, #1684 ) ) ;
#1003 = ORIENTED_EDGE ( 'NONE', *, *, #1824, .F. ) ;
#1004 = CARTESIAN_POINT ( 'NONE',  ( -0.01728390250005424483, -0.04567282424600770108, 0.1090419008739988010 ) ) ;
#1005 = DIRECTION ( 'NONE',  ( 0.000000000000000000, -1.000000000000000000, 0.000000000000000000 ) ) ;
#1006 = DIRECTION ( 'NONE',  ( 0.000000000000000000, -1.000000000000000000, 0.000000000000000000 ) ) ;
#1007 = LINE ( 'NONE', #1146, #628 ) ;
#1008 = LINE ( 'NONE', #1386, #1903 ) ;
#1009 = VECTOR ( 'NONE', #31, 1.000000000000000000 ) ;
#1010 = CARTESIAN_POINT ( 'NONE',  ( 0.01065378103975700083, -0.04567282424600770108, 0.1067688840889809976 ) ) ;
#1011 = CARTESIAN_POINT ( 'NONE',  ( -0.04547277150002237978, -0.04916094785553531965, 0.1995211415374563146 ) ) ;
#1012 = VERTEX_POINT ( 'NONE', #101 ) ;
#1013 = CIRCLE ( 'NONE', #296, 0.01986612513072927300 ) ;
#1014 = VERTEX_POINT ( 'NONE', #725 ) ;
#1015 = EDGE_CURVE ( 'NONE', #1793, #1180, #1532, .T. ) ;
#1016 = ORIENTED_EDGE ( 'NONE', *, *, #445, .T. ) ;
#1017 = DIRECTION ( 'NONE',  ( 0.000000000000000000, -1.000000000000000000, 0.000000000000000000 ) ) ;
#1018 = DIRECTION ( 'NONE',  ( 0.000000000000000000, -1.000000000000000000, 0.000000000000000000 ) ) ;
#1019 = LINE ( 'NONE', #247, #6 ) ;
#1020 = VERTEX_POINT ( 'NONE', #569 ) ;
#1021 = VECTOR ( 'NONE', #508, 1.000000000000000000 ) ;
#1022 = LINE ( 'NONE', #249, #1403 ) ;
#1023 = AXIS2_PLACEMENT_3D ( 'NONE', #67, #682, #1698 ) ;
#1024 = CARTESIAN_POINT ( 'NONE',  ( -0.02729721896024300126, -0.04865182424600769662, 0.1939077836320239889 ) ) ;
#1025 = ORIENTED_EDGE ( 'NONE', *, *, #1172, .F. ) ;
#1026 = EDGE_CURVE ( 'NONE', #1180, #731, #1643, .T. ) ;
#1027 = ORIENTED_EDGE ( 'NONE', *, *, #166, .T. ) ;
#1028 = CARTESIAN_POINT ( 'NONE',  ( 0.01271609749994579916, -0.03901782424600740151, 0.1594010260047279970 ) ) ;
#1029 = DIRECTION ( 'NONE',  ( 0.000000000000000000, 1.000000000000000000, 0.000000000000000000 ) ) ;
#1030 = CARTESIAN_POINT ( 'NONE',  ( 0.003716042812220251255, -0.03901782424600769988, 0.1763535126154208710 ) ) ;
#1031 = VERTEX_POINT ( 'NONE', #1803 ) ;
#1032 = LINE ( 'NONE', #237, #1571 ) ;
#1033 = CLOSED_SHELL ( 'NONE', ( #1345, #99, #915, #200, #1040, #893, #999, #799, #1658, #2004, #1749, #1365, #86, #827, #512, #1001, #1219, #231, #961, #1159, #559, #181, #1996, #713, #1713, #572, #831, #336, #1946, #144, #802, #433, #326, #1430, #487, #1576, #467, #1778, #1157, #21, #1081, #1280, #855, #1634, #750, #537, #1462, #256, #854, #1917, #1381, #898, #1739, #1813, #1095, #879, #607, #1873, #867 ) ) ;
#1034 = LINE ( 'NONE', #1777, #461 ) ;
#1035 = ORIENTED_EDGE ( 'NONE', *, *, #1647, .F. ) ;
#1036 = ORIENTED_EDGE ( 'NONE', *, *, #1071, .F. ) ;
#1037 = DIRECTION ( 'NONE',  ( -1.000000000000000000, -2.085317476756499970E-15, -4.212656823276499851E-30 ) ) ;
#1038 = CARTESIAN_POINT ( 'NONE',  ( 0.002582222630675140053, -0.06401782424600770127, 0.1329010260047280012 ) ) ;
#1039 = EDGE_LOOP ( 'NONE', ( #546, #287, #1133, #1332 ) ) ;
#1040 = ADVANCED_FACE ( 'NONE', ( #111 ), #734, .F. ) ;
#1041 = CARTESIAN_POINT ( 'NONE',  ( -0.05524821896024299794, -0.04567282424600770108, 0.1404010260047280079 ) ) ;
#1042 = CIRCLE ( 'NONE', #691, 0.01000000000000000888 ) ;
#1043 = CARTESIAN_POINT ( 'NONE',  ( -0.04524821896024299600, -0.04774269405938329908, 0.1980395524736880131 ) ) ;
#1044 = ORIENTED_EDGE ( 'NONE', *, *, #632, .F. ) ;
#1045 = AXIS2_PLACEMENT_3D ( 'NONE', #1771, #1648, #1287 ) ;
#1046 = CARTESIAN_POINT ( 'NONE',  ( -0.04728390250005410494, -0.06401782424600760413, 0.1594010260047279970 ) ) ;
#1047 = CYLINDRICAL_SURFACE ( 'NONE', #1227, 0.03460599999999999787 ) ;
#1048 = ORIENTED_EDGE ( 'NONE', *, *, #785, .T. ) ;
#1049 = CARTESIAN_POINT ( 'NONE',  ( -0.03037046855372130261, -0.03901782424600769988, 0.1067688840889799984 ) ) ;
#1050 = EDGE_CURVE ( 'NONE', #1201, #90, #1200, .T. ) ;
#1051 = VECTOR ( 'NONE', #1359, 1.000000000000000000 ) ;
#1052 = CARTESIAN_POINT ( 'NONE',  ( -0.04546645509171240440, -0.04913917839496313028, 0.1995006693872796166 ) ) ;
#1053 = EDGE_LOOP ( 'NONE', ( #1225, #59, #1105, #167 ) ) ;
#1054 = FACE_OUTER_BOUND ( 'NONE', #859, .T. ) ;
#1055 = DIRECTION ( 'NONE',  ( 0.000000000000000000, 0.000000000000000000, -1.000000000000000000 ) ) ;
#1056 = DIRECTION ( 'NONE',  ( 0.000000000000000000, -1.000000000000000000, 0.000000000000000000 ) ) ;
#1057 = CARTESIAN_POINT ( 'NONE',  ( 0.01065378103975700083, -0.04774269405938329908, 0.1980395524736880131 ) ) ;
#1058 = EDGE_CURVE ( 'NONE', #123, #1212, #625, .T. ) ;
#1059 = CARTESIAN_POINT ( 'NONE',  ( 0.002002281039757001363, -0.04167282424600760038, 0.2200137836320239793 ) ) ;
#1060 = EDGE_CURVE ( 'NONE', #1490, #1412, #1013, .T. ) ;
#1061 = ORIENTED_EDGE ( 'NONE', *, *, #70, .T. ) ;
#1062 = DIRECTION ( 'NONE',  ( 4.344411409909339931E-16, 0.000000000000000000, -1.000000000000000000 ) ) ;
#1063 = LINE ( 'NONE', #441, #1977 ) ;
#1064 = CARTESIAN_POINT ( 'NONE',  ( -0.02301528331434792365, -0.04590214270165627469, 0.1823729710195688136 ) ) ;
#1065 = CARTESIAN_POINT ( 'NONE',  ( 0.02065378103975699930, -0.03901782424600769988, 0.1824010260047279897 ) ) ;
#1066 = VERTEX_POINT ( 'NONE', #325 ) ;
#1067 = VECTOR ( 'NONE', #1760, 1.000000000000000000 ) ;
#1068 = DIRECTION ( 'NONE',  ( -2.085317476756499970E-15, 1.000000000000000000, 4.040302611215700251E-15 ) ) ;
#1069 = ORIENTED_EDGE ( 'NONE', *, *, #363, .T. ) ;
#1070 = PRESENTATION_LAYER_ASSIGNMENT (  '', '', ( #1530 ) ) ;
#1071 = EDGE_CURVE ( 'NONE', #1707, #1406, #852, .T. ) ;
#1072 = FACE_OUTER_BOUND ( 'NONE', #503, .T. ) ;
#1073 = CARTESIAN_POINT ( 'NONE',  ( -0.01729721896024299932, -0.04034882424600769874, 0.2200137836320239793 ) ) ;
#1074 = PLANE ( 'NONE',  #359 ) ;
#1075 = VECTOR ( 'NONE', #615, 1.000000000000000000 ) ;
#1076 = CARTESIAN_POINT ( 'NONE',  ( -0.03715002763078352477, -0.04901782424600770183, 0.1633376877479618128 ) ) ;
#1077 = ORIENTED_EDGE ( 'NONE', *, *, #1060, .T. ) ;
#1078 = LINE ( 'NONE', #937, #432 ) ;
#1079 = VERTEX_POINT ( 'NONE', #156 ) ;
#1080 = CARTESIAN_POINT ( 'NONE',  ( 0.008716097499945769586, -0.03901782424600740151, 0.1594010260047279970 ) ) ;
#1081 = ADVANCED_FACE ( 'NONE', ( #1859 ), #949, .T. ) ;
#1082 = DIRECTION ( 'NONE',  ( 0.000000000000000000, 0.000000000000000000, 1.000000000000000000 ) ) ;
#1083 = CYLINDRICAL_SURFACE ( 'NONE', #1423, 0.01986612513072920361 ) ;
#1084 = LINE ( 'NONE', #450, #1051 ) ;
#1085 = ORIENTED_EDGE ( 'NONE', *, *, #1671, .T. ) ;
#1086 = DIRECTION ( 'NONE',  ( 0.000000000000000000, 0.000000000000000000, -1.000000000000000000 ) ) ;
#1087 = ORIENTED_EDGE ( 'NONE', *, *, #1765, .F. ) ;
#1088 = ORIENTED_EDGE ( 'NONE', *, *, #1824, .T. ) ;
#1089 = CARTESIAN_POINT ( 'NONE',  ( -0.04524821896024299600, -0.04567282424600770108, 0.1919535477990879924 ) ) ;
#1090 = LINE ( 'NONE', #1709, #969 ) ;
#1091 = CARTESIAN_POINT ( 'NONE',  ( -0.04524821896024299600, -0.03901782424600769988, 0.1067688840889799984 ) ) ;
#1092 = CARTESIAN_POINT ( 'NONE',  ( -0.01728390250005425524, -0.04652767841970086721, 0.1832038128786910858 ) ) ;
#1093 = PLANE ( 'NONE',  #1828 ) ;
#1094 = ORIENTED_EDGE ( 'NONE', *, *, #956, .T. ) ;
#1095 = ADVANCED_FACE ( 'NONE', ( #1096 ), #796, .F. ) ;
#1096 = FACE_OUTER_BOUND ( 'NONE', #530, .T. ) ;
#1097 = ORIENTED_EDGE ( 'NONE', *, *, #1904, .T. ) ;
#1098 = PRODUCT_RELATED_PRODUCT_CATEGORY ( 'part', '', ( #311 ) ) ;
#1099 = ORIENTED_EDGE ( 'NONE', *, *, #315, .F. ) ;
#1100 = AXIS2_PLACEMENT_3D ( 'NONE', #1555, #745, #159 ) ;
#1101 = VECTOR ( 'NONE', #331, 1.000000000000000000 ) ;
#1102 = CARTESIAN_POINT ( 'NONE',  ( -0.01729721896024299932, -0.04567282424600770108, 0.2200137836320239793 ) ) ;
#1103 = PRESENTATION_STYLE_ASSIGNMENT (( #1255 ) ) ;
#1104 = DIRECTION ( 'NONE',  ( 0.000000000000000000, 0.000000000000000000, 1.000000000000000000 ) ) ;
#1105 = ORIENTED_EDGE ( 'NONE', *, *, #92, .F. ) ;
#1106 = AXIS2_PLACEMENT_3D ( 'NONE', #1811, #426, #741 ) ;
#1107 = CARTESIAN_POINT ( 'NONE',  ( 0.01087778990423892735, -0.04916188355422326794, 0.1995204282994735567 ) ) ;
#1108 = EDGE_CURVE ( 'NONE', #542, #381, #1391, .T. ) ;
#1109 = VERTEX_POINT ( 'NONE', #608 ) ;
#1110 = ORIENTED_EDGE ( 'NONE', *, *, #1593, .F. ) ;
#1111 = VECTOR ( 'NONE', #754, 1.000000000000000000 ) ;
#1112 =( NAMED_UNIT ( * ) PLANE_ANGLE_UNIT ( ) SI_UNIT ( $, .RADIAN. ) );
#1113 = AXIS2_PLACEMENT_3D ( 'NONE', #1465, #1623, #563 ) ;
#1114 = FACE_OUTER_BOUND ( 'NONE', #228, .T. ) ;
#1115 = CARTESIAN_POINT ( 'NONE',  ( -0.04524821896024299600, -0.04774269405938329908, 0.1980395524736880131 ) ) ;
#1116 = VERTEX_POINT ( 'NONE', #907 ) ;
#1117 = LINE ( 'NONE', #195, #890 ) ;
#1118 = VERTEX_POINT ( 'NONE', #755 ) ;
#1119 = VERTEX_POINT ( 'NONE', #470 ) ;
#1120 = EDGE_CURVE ( 'NONE', #1393, #305, #1985, .T. ) ;
#1121 = DIRECTION ( 'NONE',  ( -1.000000000000000000, 0.000000000000000000, 0.000000000000000000 ) ) ;
#1122 = PLANE ( 'NONE',  #1426 ) ;
#1123 = ORIENTED_EDGE ( 'NONE', *, *, #1584, .F. ) ;
#1124 = CARTESIAN_POINT ( 'NONE',  ( -0.05524821896024299794, -0.03901782424600769988, 0.1824010260047279897 ) ) ;
#1125 = CARTESIAN_POINT ( 'NONE',  ( 0.008716097499945819893, -0.06401782424600740984, 0.1594010260047279970 ) ) ;
#1126 = ORIENTED_EDGE ( 'NONE', *, *, #661, .F. ) ;
#1127 = ORIENTED_EDGE ( 'NONE', *, *, #112, .F. ) ;
#1128 = VECTOR ( 'NONE', #1104, 1.000000000000000000 ) ;
#1129 = EDGE_CURVE ( 'NONE', #1180, #1793, #946, .T. ) ;
#1130 = DIRECTION ( 'NONE',  ( 0.000000000000000000, 1.000000000000000000, 4.040302611215700251E-15 ) ) ;
#1131 = DIRECTION ( 'NONE',  ( 0.000000000000000000, -1.000000000000000000, 0.000000000000000000 ) ) ;
#1132 = DIRECTION ( 'NONE',  ( -2.085317476756499970E-15, 1.000000000000000000, 4.040302611215700251E-15 ) ) ;
#1133 = ORIENTED_EDGE ( 'NONE', *, *, #1353, .T. ) ;
#1134 = CARTESIAN_POINT ( 'NONE',  ( 0.01131655799886812502, -0.05033081266350439287, 0.2005476795240741794 ) ) ;
#1135 = AXIS2_PLACEMENT_3D ( 'NONE', #576, #1800, #996 ) ;
#1136 = PLANE ( 'NONE',  #47 ) ;
#1137 = ORIENTED_EDGE ( 'NONE', *, *, #1208, .T. ) ;
#1138 = ORIENTED_EDGE ( 'NONE', *, *, #1678, .F. ) ;
#1139 = FACE_BOUND ( 'NONE', #659, .T. ) ;
#1140 = VECTOR ( 'NONE', #959, 1.000000000000000000 ) ;
#1141 = EDGE_CURVE ( 'NONE', #1779, #1184, #1211, .T. ) ;
#1142 = CIRCLE ( 'NONE', #408, 0.01000000000000000888 ) ;
#1143 = CARTESIAN_POINT ( 'NONE',  ( 0.008716042812220204522, -0.04567282424600770108, 0.1763535126154208710 ) ) ;
#1144 = DIRECTION ( 'NONE',  ( 4.212656823276499851E-30, -4.040302611215700251E-15, 1.000000000000000000 ) ) ;
#1145 = CARTESIAN_POINT ( 'NONE',  ( -0.03037046855372130261, -0.03901782424600769988, 0.1067688840889799984 ) ) ;
#1146 = CARTESIAN_POINT ( 'NONE',  ( -0.01728390250005419973, -0.06401782424600761801, 0.1090419008739988010 ) ) ;
#1147 = ORIENTED_EDGE ( 'NONE', *, *, #1407, .F. ) ;
#1148 = CARTESIAN_POINT ( 'NONE',  ( -0.03828390250005420103, -0.04567282424600770108, 0.1763537403886880073 ) ) ;
#1149 = CARTESIAN_POINT ( 'NONE',  ( -0.03037046855372130261, -0.03901782424600769988, 0.1067688840889799984 ) ) ;
#1150 = ORIENTED_EDGE ( 'NONE', *, *, #685, .T. ) ;
#1151 = ORIENTED_EDGE ( 'NONE', *, *, #1818, .T. ) ;
#1152 =( NAMED_UNIT ( * ) SI_UNIT ( $, .STERADIAN. ) SOLID_ANGLE_UNIT ( ) );
#1153 = DIRECTION ( 'NONE',  ( 0.000000000000000000, 1.000000000000000000, 0.000000000000000000 ) ) ;
#1154 = CARTESIAN_POINT ( 'NONE',  ( 0.003716042812220249521, -0.04123615757934103593, 0.1624007982314608634 ) ) ;
#1155 = DIRECTION ( 'NONE',  ( -1.000000000000000000, 0.000000000000000000, 0.000000000000000000 ) ) ;
#1156 = ORIENTED_EDGE ( 'NONE', *, *, #697, .F. ) ;
#1157 = ADVANCED_FACE ( 'NONE', ( #1237 ), #1686, .F. ) ;
#1158 = DIRECTION ( 'NONE',  ( 5.782411586589410887E-16, 0.000000000000000000, -1.000000000000000000 ) ) ;
#1159 = ADVANCED_FACE ( 'NONE', ( #1249 ), #784, .F. ) ;
#1160 = CARTESIAN_POINT ( 'NONE',  ( -0.04608836944249320583, -0.05067282424600769858, 0.2008136562910809997 ) ) ;
#1161 = ORIENTED_EDGE ( 'NONE', *, *, #1324, .T. ) ;
#1162 = ORIENTED_EDGE ( 'NONE', *, *, #1716, .T. ) ;
#1163 = VECTOR ( 'NONE', #1296, 1.000000000000000000 ) ;
#1164 = DIRECTION ( 'NONE',  ( 0.000000000000000000, -1.000000000000000000, 0.000000000000000000 ) ) ;
#1165 = CARTESIAN_POINT ( 'NONE',  ( -0.04524821896024299600, -0.03901782424600769988, 0.1980395524736880131 ) ) ;
#1166 = CARTESIAN_POINT ( 'NONE',  ( 0.008716097499945774790, -0.04123615757934090409, 0.1624010260047279997 ) ) ;
#1167 = CARTESIAN_POINT ( 'NONE',  ( -0.01729721896024304095, -0.05365182424600770106, 0.2546197836320239771 ) ) ;
#1168 = VERTEX_POINT ( 'NONE', #764 ) ;
#1169 = VECTOR ( 'NONE', #272, 1.000000000000000000 ) ;
#1170 = DIRECTION ( 'NONE',  ( -1.000000000000000000, -2.085317476756490109E-15, -5.782411586589410887E-16 ) ) ;
#1171 = AXIS2_PLACEMENT_3D ( 'NONE', #364, #1567, #984 ) ;
#1172 = EDGE_CURVE ( 'NONE', #1116, #1679, #1078, .T. ) ;
#1173 = DIRECTION ( 'NONE',  ( 0.000000000000000000, 0.000000000000000000, 1.000000000000000000 ) ) ;
#1174 = EDGE_LOOP ( 'NONE', ( #1735, #1251, #1898, #1293 ) ) ;
#1175 = AXIS2_PLACEMENT_3D ( 'NONE', #1024, #1670, #1493 ) ;
#1176 = CARTESIAN_POINT ( 'NONE',  ( 0.003716097499945779890, -0.04567282424600770108, 0.1067688840889799984 ) ) ;
#1177 = FACE_OUTER_BOUND ( 'NONE', #930, .T. ) ;
#1178 = LINE ( 'NONE', #844, #226 ) ;
#1179 = FACE_OUTER_BOUND ( 'NONE', #1259, .T. ) ;
#1180 = VERTEX_POINT ( 'NONE', #1059 ) ;
#1181 = CIRCLE ( 'NONE', #860, 0.01986612513072918973 ) ;
#1182 = DIRECTION ( 'NONE',  ( 0.000000000000000000, 0.000000000000000000, -1.000000000000000000 ) ) ;
#1183 = CARTESIAN_POINT ( 'NONE',  ( 0.002002281039757001363, -0.04567282424600770108, 0.2200137836320239793 ) ) ;
#1184 = VERTEX_POINT ( 'NONE', #316 ) ;
#1185 = ORIENTED_EDGE ( 'NONE', *, *, #1805, .T. ) ;
#1186 = EDGE_CURVE ( 'NONE', #1109, #1972, #1382, .T. ) ;
#1187 = CARTESIAN_POINT ( 'NONE',  ( 0.008716097499945819893, -0.06401782424600720167, 0.1067688840889799984 ) ) ;
#1188 = LINE ( 'NONE', #1030, #881 ) ;
#1189 = ORIENTED_EDGE ( 'NONE', *, *, #1725, .T. ) ;
#1190 = DIRECTION ( 'NONE',  ( 3.172065784643300034E-16, 0.000000000000000000, -1.000000000000000000 ) ) ;
#1191 = DIRECTION ( 'NONE',  ( 1.000000000000000000, 0.000000000000000000, 0.000000000000000000 ) ) ;
#1192 = EDGE_LOOP ( 'NONE', ( #382, #83, #455, #1558, #1476, #64 ) ) ;
#1193 = DIRECTION ( 'NONE',  ( 0.000000000000000000, 0.000000000000000000, 1.000000000000000000 ) ) ;
#1194 = EDGE_CURVE ( 'NONE', #684, #1972, #1228, .T. ) ;
#1195 = CARTESIAN_POINT ( 'NONE',  ( -0.02729721896024300126, -0.05365182424600770106, 0.1925077836320239766 ) ) ;
#1196 = ORIENTED_EDGE ( 'NONE', *, *, #411, .F. ) ;
#1197 = DIRECTION ( 'NONE',  ( 0.000000000000000000, 1.000000000000000000, 0.000000000000000000 ) ) ;
#1198 = AXIS2_PLACEMENT_3D ( 'NONE', #1038, #876, #1639 ) ;
#1199 = CARTESIAN_POINT ( 'NONE',  ( -0.04540910393006073603, -0.04892968656917295878, 0.1993008641494355138 ) ) ;
#1200 = CIRCLE ( 'NONE', #1106, 0.01986612513072920361 ) ;
#1201 = VERTEX_POINT ( 'NONE', #1560 ) ;
#1202 = VECTOR ( 'NONE', #1153, 1.000000000000000000 ) ;
#1203 = CARTESIAN_POINT ( 'NONE',  ( -0.01729721896024299932, -0.04652767703395895016, 0.1832038084156130953 ) ) ;
#1204 = PLANE ( 'NONE',  #618 ) ;
#1205 = CARTESIAN_POINT ( 'NONE',  ( -0.04328390250005419854, -0.04567282424600770108, 0.1067688840889799984 ) ) ;
#1206 = EDGE_CURVE ( 'NONE', #1506, #535, #306, .T. ) ;
#1207 = FACE_OUTER_BOUND ( 'NONE', #13, .T. ) ;
#1208 = EDGE_CURVE ( 'NONE', #1406, #1707, #1469, .T. ) ;
#1209 = AXIS2_PLACEMENT_3D ( 'NONE', #264, #1659, #567 ) ;
#1210 = AXIS2_PLACEMENT_3D ( 'NONE', #1125, #1599, #509 ) ;
#1211 = LINE ( 'NONE', #15, #817 ) ;
#1212 = VERTEX_POINT ( 'NONE', #772 ) ;
#1213 = CARTESIAN_POINT ( 'NONE',  ( -0.01729721896024299932, -0.05067282424600769858, 0.2200137836320239793 ) ) ;
#1214 = CARTESIAN_POINT ( 'NONE',  ( -0.01714923775056900052, -0.04567282424600770108, 0.1763537403886880073 ) ) ;
#1215 = CARTESIAN_POINT ( 'NONE',  ( -0.02091893036601585876, -0.04622761166580699466, 0.1828816499049286115 ) ) ;
#1216 = CARTESIAN_POINT ( 'NONE',  ( 0.01065378103975700083, -0.04619367089560878770, 0.1951883717759619885 ) ) ;
#1217 = EDGE_LOOP ( 'NONE', ( #1633, #1591, #419, #1620, #1301 ) ) ;
#1218 = DIRECTION ( 'NONE',  ( 0.000000000000000000, -1.000000000000000000, 0.000000000000000000 ) ) ;
#1219 = ADVANCED_FACE ( 'NONE', ( #1677 ), #283, .F. ) ;
#1220 = ORIENTED_EDGE ( 'NONE', *, *, #1606, .T. ) ;
#1221 = DIRECTION ( 'NONE',  ( 1.734723475976799995E-15, 4.040302611215710507E-15, -1.000000000000000000 ) ) ;
#1222 = LINE ( 'NONE', #280, #483 ) ;
#1223 = CARTESIAN_POINT ( 'NONE',  ( -0.02232224385133322470, -0.04601264996494226767, 0.1825677423710579117 ) ) ;
#1224 = DIRECTION ( 'NONE',  ( 0.000000000000000000, 0.000000000000000000, 1.000000000000000000 ) ) ;
#1225 = ORIENTED_EDGE ( 'NONE', *, *, #18, .T. ) ;
#1226 = VECTOR ( 'NONE', #981, 1.000000000000000000 ) ;
#1227 = AXIS2_PLACEMENT_3D ( 'NONE', #1073, #751, #1674 ) ;
#1228 = LINE ( 'NONE', #1849, #72 ) ;
#1229 = EDGE_CURVE ( 'NONE', #1758, #825, #1616, .T. ) ;
#1230 = ORIENTED_EDGE ( 'NONE', *, *, #1333, .F. ) ;
#1231 = CARTESIAN_POINT ( 'NONE',  ( -0.01729721896024299932, -0.05067282424600769858, 0.2200137836320239793 ) ) ;
#1232 = CARTESIAN_POINT ( 'NONE',  ( -0.01729721896024299932, -0.04167282424600760038, 0.2200137836320239793 ) ) ;
#1233 = CARTESIAN_POINT ( 'NONE',  ( -0.01728390250005425524, -0.04652767841970086721, 0.1832038128786910858 ) ) ;
#1234 = AXIS2_PLACEMENT_3D ( 'NONE', #1767, #1459, #57 ) ;
#1235 = DIRECTION ( 'NONE',  ( -1.000000000000000000, -2.085317476756499970E-15, 1.156482317317869950E-15 ) ) ;
#1236 = EDGE_LOOP ( 'NONE', ( #1998, #651, #507, #1718, #58 ) ) ;
#1237 = FACE_OUTER_BOUND ( 'NONE', #1323, .T. ) ;
#1238 = AXIS2_PLACEMENT_3D ( 'NONE', #8, #789, #931 ) ;
#1239 = VERTEX_POINT ( 'NONE', #1879 ) ;
#1240 = EDGE_LOOP ( 'NONE', ( #1665, #342, #606, #69 ) ) ;
#1241 = EDGE_CURVE ( 'NONE', #1118, #1601, #1446, .T. ) ;
#1242 = DIRECTION ( 'NONE',  ( 4.212656823276499851E-30, 0.000000000000000000, -1.000000000000000000 ) ) ;
#1243 = CARTESIAN_POINT ( 'NONE',  ( 0.01271609749994579916, -0.04234532424600759987, 0.1464832279104370250 ) ) ;
#1244 = DIRECTION ( 'NONE',  ( 0.000000000000000000, 0.000000000000000000, -1.000000000000000000 ) ) ;
#1245 = EDGE_CURVE ( 'NONE', #243, #148, #205, .T. ) ;
#1246 = CARTESIAN_POINT ( 'NONE',  ( -0.01226425696825659585, -0.04601418993719719186, 0.1825728362543957706 ) ) ;
#1247 = CARTESIAN_POINT ( 'NONE',  ( 0.01065378103975699910, -0.04567282424600768720, 0.1930456750848588976 ) ) ;
#1248 = ORIENTED_EDGE ( 'NONE', *, *, #1582, .T. ) ;
#1249 = FACE_OUTER_BOUND ( 'NONE', #371, .T. ) ;
#1250 = PRODUCT_DEFINITION_SHAPE ( 'NONE', 'NONE',  #1472 ) ;
#1251 = ORIENTED_EDGE ( 'NONE', *, *, #1617, .T. ) ;
#1252 = FACE_BOUND ( 'NONE', #566, .T. ) ;
#1253 = FACE_OUTER_BOUND ( 'NONE', #7, .T. ) ;
#1254 = EDGE_CURVE ( 'NONE', #1882, #1490, #1117, .T. ) ;
#1255 = SURFACE_STYLE_USAGE ( .BOTH. , #22 ) ;
#1256 = CARTESIAN_POINT ( 'NONE',  ( -0.04524821896024299600, -0.04567282424600770802, 0.1924991294361194094 ) ) ;
#1257 = EDGE_LOOP ( 'NONE', ( #460, #1306, #1965, #377, #1061, #1630, #517, #1025, #873, #1044, #16, #137, #207, #43, #420, #397, #37, #38, #835, #798, #471, #1272, #935 ) ) ;
#1258 = CARTESIAN_POINT ( 'NONE',  ( 0.01072432485554604582, -0.04851538934483287657, 0.1988867039635620337 ) ) ;
#1259 = EDGE_LOOP ( 'NONE', ( #1156, #1781, #581, #1580 ) ) ;
#1260 = ORIENTED_EDGE ( 'NONE', *, *, #773, .T. ) ;
#1261 = VECTOR ( 'NONE', #1367, 1.000000000000000000 ) ;
#1262 = AXIS2_PLACEMENT_3D ( 'NONE', #832, #1320, #1940 ) ;
#1263 = DIRECTION ( 'NONE',  ( 0.000000000000000000, 0.000000000000000000, 1.000000000000000000 ) ) ;
#1264 = DIRECTION ( 'NONE',  ( 0.000000000000000000, 1.000000000000000000, 0.000000000000000000 ) ) ;
#1265 = CARTESIAN_POINT ( 'NONE',  ( -0.04524821896024299600, -0.04604781900972211572, 0.1947110308757428188 ) ) ;
#1266 = EDGE_LOOP ( 'NONE', ( #673, #1619, #259, #428 ) ) ;
#1267 = AXIS2_PLACEMENT_3D ( 'NONE', #250, #258, #872 ) ;
#1268 = EDGE_CURVE ( 'NONE', #951, #1012, #343, .T. ) ;
#1269 = CARTESIAN_POINT ( 'NONE',  ( 0.01092696344992055008, -0.04932945726113401042, 0.1996778488752694591 ) ) ;
#1270 = EDGE_CURVE ( 'NONE', #1981, #328, #966, .T. ) ;
#1271 = EDGE_LOOP ( 'NONE', ( #1986, #1959, #1596, #1871 ) ) ;
#1272 = ORIENTED_EDGE ( 'NONE', *, *, #543, .F. ) ;
#1273 = VECTOR ( 'NONE', #1164, 1.000000000000000000 ) ;
#1274 = CARTESIAN_POINT ( 'NONE',  ( -0.01729721896024299932, -0.05067282424600769858, 0.1854077836320239814 ) ) ;
#1275 = CARTESIAN_POINT ( 'NONE',  ( -0.04524821896024299600, -0.03901782424600769988, 0.1824010260047279897 ) ) ;
#1276 = CARTESIAN_POINT ( 'NONE',  ( -0.05524821896024299794, -0.04567282424600770108, 0.1824010260047279897 ) ) ;
#1277 = EDGE_LOOP ( 'NONE', ( #77, #329, #631, #939 ) ) ;
#1278 = EDGE_CURVE ( 'NONE', #403, #542, #667, .T. ) ;
#1279 = CARTESIAN_POINT ( 'NONE',  ( 0.01081446563522901576, -0.04893185503267839798, 0.1993014137054985035 ) ) ;
#1280 = ADVANCED_FACE ( 'NONE', ( #1743 ), #519, .T. ) ;
#1281 = LINE ( 'NONE', #1149, #983 ) ;
#1282 = VERTEX_POINT ( 'NONE', #836 ) ;
#1283 = VERTEX_POINT ( 'NONE', #1148 ) ;
#1284 = DIRECTION ( 'NONE',  ( 0.000000000000000000, 0.000000000000000000, -1.000000000000000000 ) ) ;
#1285 = CIRCLE ( 'NONE', #680, 0.01929950000000000068 ) ;
#1286 = DIRECTION ( 'NONE',  ( 0.000000000000000000, 0.000000000000000000, 1.000000000000000000 ) ) ;
#1287 = DIRECTION ( 'NONE',  ( 0.000000000000000000, 0.000000000000000000, -1.000000000000000000 ) ) ;
#1288 = LINE ( 'NONE', #192, #1814 ) ;
#1289 = VERTEX_POINT ( 'NONE', #989 ) ;
#1290 = CARTESIAN_POINT ( 'NONE',  ( 0.01087996336061184018, -0.04916930970468415957, 0.1995274084308568674 ) ) ;
#1291 = FACE_OUTER_BOUND ( 'NONE', #214, .T. ) ;
#1292 = ORIENTED_EDGE ( 'NONE', *, *, #71, .F. ) ;
#1293 = ORIENTED_EDGE ( 'NONE', *, *, #1491, .F. ) ;
#1294 = EDGE_CURVE ( 'NONE', #1031, #1494, #1598, .T. ) ;
#1295 = VECTOR ( 'NONE', #516, 1.000000000000000000 ) ;
#1296 = DIRECTION ( 'NONE',  ( 0.000000000000000000, -1.000000000000000000, 0.000000000000000000 ) ) ;
#1297 = DIRECTION ( 'NONE',  ( 0.000000000000000000, -1.000000000000000000, 0.000000000000000000 ) ) ;
#1298 = CARTESIAN_POINT ( 'NONE',  ( 0.003715331039757002046, -0.04567282424600770108, 0.2200137836320239793 ) ) ;
#1299 = CARTESIAN_POINT ( 'NONE',  ( 0.01065378103975700083, -0.03901782424600769988, 0.1067688840889799984 ) ) ;
#1300 = LINE ( 'NONE', #1626, #885 ) ;
#1301 = ORIENTED_EDGE ( 'NONE', *, *, #556, .T. ) ;
#1302 = AXIS2_PLACEMENT_3D ( 'NONE', #297, #919, #1833 ) ;
#1303 = CARTESIAN_POINT ( 'NONE',  ( 0.01087150427082549456, -0.04914025889120308965, 0.1995000725114587647 ) ) ;
#1304 = CIRCLE ( 'NONE', #1753, 0.01929950000000000068 ) ;
#1305 = DIRECTION ( 'NONE',  ( -1.000000000000000000, 0.000000000000000000, 1.243287455214477276E-16 ) ) ;
#1306 = ORIENTED_EDGE ( 'NONE', *, *, #1278, .T. ) ;
#1307 = ORIENTED_EDGE ( 'NONE', *, *, #1447, .F. ) ;
#1308 = EDGE_CURVE ( 'NONE', #1747, #1758, #671, .T. ) ;
#1309 = VECTOR ( 'NONE', #443, 1.000000000000000000 ) ;
#1310 = CIRCLE ( 'NONE', #499, 0.005000000000000004441 ) ;
#1311 = EDGE_CURVE ( 'NONE', #1066, #1020, #409, .T. ) ;
#1312 = CARTESIAN_POINT ( 'NONE',  ( -0.01069721896024299936, -0.05165182424600769928, 0.1860429838769410149 ) ) ;
#1313 = CARTESIAN_POINT ( 'NONE',  ( -0.01714923775056900052, -0.04567282424600770108, 0.1154010260047279995 ) ) ;
#1314 = DIRECTION ( 'NONE',  ( -2.085317476756499970E-15, 1.000000000000000000, 4.040302611215700251E-15 ) ) ;
#1315 = ORIENTED_EDGE ( 'NONE', *, *, #1795, .F. ) ;
#1316 = CARTESIAN_POINT ( 'NONE',  ( -0.01729721896024296116, -0.05165182424600769928, 0.1854077836320239814 ) ) ;
#1317 = LINE ( 'NONE', #1937, #1820 ) ;
#1318 = ORIENTED_EDGE ( 'NONE', *, *, #526, .T. ) ;
#1319 = VERTEX_POINT ( 'NONE', #998 ) ;
#1320 = DIRECTION ( 'NONE',  ( 1.000000000000000000, 0.000000000000000000, 0.000000000000000000 ) ) ;
#1321 = CARTESIAN_POINT ( 'NONE',  ( -0.04328390250005419854, -0.03901782424600730437, 0.1067688840889809976 ) ) ;
#1322 = PLANE ( 'NONE',  #66 ) ;
#1323 = EDGE_LOOP ( 'NONE', ( #1631, #1482, #1260, #683 ) ) ;
#1324 = EDGE_CURVE ( 'NONE', #104, #1282, #303, .T. ) ;
#1325 = DIRECTION ( 'NONE',  ( 0.000000000000000000, -1.000000000000000000, -4.040302611215700251E-15 ) ) ;
#1326 = CYLINDRICAL_SURFACE ( 'NONE', #1175, 0.001400000000000012346 ) ;
#1327 = ORIENTED_EDGE ( 'NONE', *, *, #708, .T. ) ;
#1328 = VECTOR ( 'NONE', #1638, 1.000000000000000000 ) ;
#1329 = CARTESIAN_POINT ( 'NONE',  ( -0.01714923775056900052, -0.04567282424600770108, 0.1763535126154208710 ) ) ;
#1330 = DIRECTION ( 'NONE',  ( 0.000000000000000000, 1.000000000000000000, 0.000000000000000000 ) ) ;
#1331 = DIRECTION ( 'NONE',  ( 0.000000000000000000, 0.000000000000000000, -1.000000000000000000 ) ) ;
#1332 = ORIENTED_EDGE ( 'NONE', *, *, #1358, .F. ) ;
#1333 = EDGE_CURVE ( 'NONE', #888, #1961, #692, .T. ) ;
#1334 = CARTESIAN_POINT ( 'NONE',  ( -0.01729721896024304095, -0.03901782424600769988, 0.2546197836320239771 ) ) ;
#1335 = CARTESIAN_POINT ( 'NONE',  ( -0.01729721896024299932, -0.04167282424600760038, 0.2200137836320239793 ) ) ;
#1336 = EDGE_CURVE ( 'NONE', #163, #807, #756, .T. ) ;
#1337 = ORIENTED_EDGE ( 'NONE', *, *, #1071, .T. ) ;
#1338 = VECTOR ( 'NONE', #147, 1.000000000000000000 ) ;
#1339 = ORIENTED_EDGE ( 'NONE', *, *, #1647, .T. ) ;
#1340 = FACE_OUTER_BOUND ( 'NONE', #229, .T. ) ;
#1341 = CARTESIAN_POINT ( 'NONE',  ( -0.03659671896024299653, -0.03901782424600769988, 0.2200137836320239793 ) ) ;
#1342 = ORIENTED_EDGE ( 'NONE', *, *, #475, .T. ) ;
#1343 = PLANE ( 'NONE',  #1372 ) ;
#1344 = DIRECTION ( 'NONE',  ( 0.000000000000000000, -1.000000000000000000, 0.000000000000000000 ) ) ;
#1345 = ADVANCED_FACE ( 'NONE', ( #861 ), #389, .F. ) ;
#1346 = PRODUCT_DEFINITION_CONTEXT ( 'detailed design', #1521, 'design' ) ;
#1347 = VERTEX_POINT ( 'NONE', #1791 ) ;
#1348 = DIRECTION ( 'NONE',  ( 0.000000000000000000, 1.000000000000000000, 0.000000000000000000 ) ) ;
#1349 = CARTESIAN_POINT ( 'NONE',  ( -0.02389721896024300102, -0.05165182424600769928, 0.1969077836320239916 ) ) ;
#1350 = ORIENTED_EDGE ( 'NONE', *, *, #422, .T. ) ;
#1351 = CARTESIAN_POINT ( 'NONE',  ( 0.003716097499945809814, -0.06401782424600740984, 0.1594010260047279970 ) ) ;
#1352 = CARTESIAN_POINT ( 'NONE',  ( -0.04534176820467596819, -0.04863674797399439309, 0.1990111935526219233 ) ) ;
#1353 = EDGE_CURVE ( 'NONE', #2, #1364, #1032, .T. ) ;
#1354 = ORIENTED_EDGE ( 'NONE', *, *, #810, .F. ) ;
#1355 = CARTESIAN_POINT ( 'NONE',  ( -0.007297218960243039877, -0.05365182424600770106, 0.1925077836320239766 ) ) ;
#1356 = CARTESIAN_POINT ( 'NONE',  ( 0.002582222630675110129, -0.04567282424600770108, 0.1289080260047280047 ) ) ;
#1357 = ORIENTED_EDGE ( 'NONE', *, *, #266, .F. ) ;
#1358 = EDGE_CURVE ( 'NONE', #1704, #1364, #1511, .T. ) ;
#1359 = DIRECTION ( 'NONE',  ( 0.000000000000000000, -1.000000000000000000, 0.000000000000000000 ) ) ;
#1360 = AXIS2_PLACEMENT_3D ( 'NONE', #88, #116, #738 ) ;
#1361 = MECHANICAL_DESIGN_GEOMETRIC_PRESENTATION_REPRESENTATION (  '', ( #1530 ), #133 ) ;
#1362 = CARTESIAN_POINT ( 'NONE',  ( -0.04578159149635672998, -0.05003424877934586207, 0.2002991722861794943 ) ) ;
#1363 = VECTOR ( 'NONE', #1925, 1.000000000000000000 ) ;
#1364 = VERTEX_POINT ( 'NONE', #1010 ) ;
#1365 = ADVANCED_FACE ( 'NONE', ( #555 ), #578, .T. ) ;
#1366 = CARTESIAN_POINT ( 'NONE',  ( -0.02729721896024300126, -0.05365182424600770106, 0.1953077836320240013 ) ) ;
#1367 = DIRECTION ( 'NONE',  ( 5.782411586589310307E-16, 0.000000000000000000, 1.000000000000000000 ) ) ;
#1368 = CARTESIAN_POINT ( 'NONE',  ( -0.02507429490841263028, -0.04567282424600770802, 0.1816271580088585913 ) ) ;
#1369 = EDGE_CURVE ( 'NONE', #1184, #298, #722, .T. ) ;
#1370 = LINE ( 'NONE', #747, #953 ) ;
#1371 = ORIENTED_EDGE ( 'NONE', *, *, #204, .F. ) ;
#1372 = AXIS2_PLACEMENT_3D ( 'NONE', #1351, #1170, #1628 ) ;
#1373 = CIRCLE ( 'NONE', #1667, 0.03460599999999999787 ) ;
#1374 = CARTESIAN_POINT ( 'NONE',  ( -0.01729721896024299932, -0.05365182424600770106, 0.2200137836320239793 ) ) ;
#1375 = ORIENTED_EDGE ( 'NONE', *, *, #164, .T. ) ;
#1376 = DIRECTION ( 'NONE',  ( 0.000000000000000000, 0.000000000000000000, -1.000000000000000000 ) ) ;
#1377 = DIRECTION ( 'NONE',  ( -2.085317476756499970E-15, 1.000000000000000000, 4.040302611215700251E-15 ) ) ;
#1378 = LINE ( 'NONE', #1397, #1471 ) ;
#1379 = PLANE ( 'NONE',  #570 ) ;
#1380 = VERTEX_POINT ( 'NONE', #1501 ) ;
#1381 = ADVANCED_FACE ( 'NONE', ( #110 ), #1343, .F. ) ;
#1382 = LINE ( 'NONE', #2005, #1075 ) ;
#1383 = VERTEX_POINT ( 'NONE', #1802 ) ;
#1384 = CARTESIAN_POINT ( 'NONE',  ( -0.008841849099876019497, -0.04567282424600770108, 0.1813208649449515597 ) ) ;
#1385 = CARTESIAN_POINT ( 'NONE',  ( -0.04728390250005420209, -0.03901782424600760274, 0.1594010260047279970 ) ) ;
#1386 = CARTESIAN_POINT ( 'NONE',  ( -0.02389721896024300102, -0.05165182424600769928, 0.1954077836320239903 ) ) ;
#1387 = DIRECTION ( 'NONE',  ( -0.000000000000000000, 1.000000000000000000, -0.000000000000000000 ) ) ;
#1388 = VERTEX_POINT ( 'NONE', #1973 ) ;
#1389 = AXIS2_PLACEMENT_3D ( 'NONE', #980, #1583, #941 ) ;
#1390 = VECTOR ( 'NONE', #1799, 1.000000000000000000 ) ;
#1391 = LINE ( 'NONE', #1715, #1338 ) ;
#1392 = EDGE_CURVE ( 'NONE', #1697, #535, #1810, .T. ) ;
#1393 = VERTEX_POINT ( 'NONE', #1334 ) ;
#1394 = B_SPLINE_CURVE_WITH_KNOTS ( 'NONE', 3,
 ( #172, #1368, #1990, #1064, #1223, #1215, #466, #458, #310, #160 ),
 .UNSPECIFIED., .F., .F.,
 ( 4, 2, 2, 2, 4 ),
 ( 0.001942064581333099787, 0.004128823318051515028, 0.006315582054769930051, 0.008502340791488344207, 0.01068909952820676010 ),
 .UNSPECIFIED. ) ;
#1395 = CYLINDRICAL_SURFACE ( 'NONE', #562, 0.005000000000000004441 ) ;
#1396 = LINE ( 'NONE', #140, #908 ) ;
#1397 = CARTESIAN_POINT ( 'NONE',  ( -0.007297218960243039877, -0.04865182424600769662, 0.1925077836320239766 ) ) ;
#1398 = DIRECTION ( 'NONE',  ( 0.000000000000000000, 0.000000000000000000, -1.000000000000000000 ) ) ;
#1399 = DIRECTION ( 'NONE',  ( 1.000000000000000000, 2.085317476756490109E-15, 1.156482317317869950E-15 ) ) ;
#1400 = CARTESIAN_POINT ( 'NONE',  ( 0.01065378103975700083, -0.04635785068832480593, 0.1956570719895945054 ) ) ;
#1401 = VERTEX_POINT ( 'NONE', #732 ) ;
#1402 = CARTESIAN_POINT ( 'NONE',  ( -0.01729721896024299932, -0.05365182424600770106, 0.2200137836320239793 ) ) ;
#1403 = VECTOR ( 'NONE', #1966, 1.000000000000000000 ) ;
#1404 = AXIS2_PLACEMENT_3D ( 'NONE', #767, #464, #129 ) ;
#1405 = VERTEX_POINT ( 'NONE', #91 ) ;
#1406 = VERTEX_POINT ( 'NONE', #404 ) ;
#1407 = EDGE_CURVE ( 'NONE', #1239, #236, #1022, .T. ) ;
#1408 = DIRECTION ( 'NONE',  ( 0.000000000000000000, 0.000000000000000000, 1.000000000000000000 ) ) ;
#1409 = DIRECTION ( 'NONE',  ( 0.000000000000000000, -1.000000000000000000, 0.000000000000000000 ) ) ;
#1410 = SURFACE_STYLE_FILL_AREA ( #504 ) ;
#1411 = DIRECTION ( 'NONE',  ( 0.000000000000000000, -1.000000000000000000, -4.040302611215700251E-15 ) ) ;
#1412 = VERTEX_POINT ( 'NONE', #585 ) ;
#1413 = CARTESIAN_POINT ( 'NONE',  ( 0.008716097499945809485, -0.06401782424600720167, 0.1154010260047279995 ) ) ;
#1414 = ORIENTED_EDGE ( 'NONE', *, *, #277, .F. ) ;
#1415 = ORIENTED_EDGE ( 'NONE', *, *, #598, .F. ) ;
#1416 = EDGE_CURVE ( 'NONE', #295, #1490, #1926, .T. ) ;
#1417 = PLANE ( 'NONE',  #1912 ) ;
#1418 = CARTESIAN_POINT ( 'NONE',  ( -0.01439032705779765171, -0.04633476676805092787, 0.1830052289555915424 ) ) ;
#1419 = EDGE_CURVE ( 'NONE', #1364, #1380, #100, .T. ) ;
#1420 = DIRECTION ( 'NONE',  ( 3.172065784643300034E-16, 0.000000000000000000, -1.000000000000000000 ) ) ;
#1421 = ORIENTED_EDGE ( 'NONE', *, *, #950, .T. ) ;
#1422 = CARTESIAN_POINT ( 'NONE',  ( 0.01065378103975700083, -0.04774269405938329908, 0.1980395524736880131 ) ) ;
#1423 = AXIS2_PLACEMENT_3D ( 'NONE', #1526, #905, #20 ) ;
#1424 = ORIENTED_EDGE ( 'NONE', *, *, #672, .F. ) ;
#1425 = ORIENTED_EDGE ( 'NONE', *, *, #1458, .T. ) ;
#1426 = AXIS2_PLACEMENT_3D ( 'NONE', #485, #1420, #1595 ) ;
#1427 = APPLICATION_PROTOCOL_DEFINITION ( 'draft international standard', 'automotive_design', 1998, #1794 ) ;
#1428 = VECTOR ( 'NONE', #1442, 1.000000000000000000 ) ;
#1429 = CARTESIAN_POINT ( 'NONE',  ( -0.04524821896024299600, -0.04567282424600770108, 0.1067688840889799984 ) ) ;
#1430 = ADVANCED_FACE ( 'NONE', ( #714 ), #425, .F. ) ;
#1431 = CARTESIAN_POINT ( 'NONE',  ( -0.04328390250005410139, -0.06401782424600750698, 0.1594010260047279970 ) ) ;
#1432 = LINE ( 'NONE', #1733, #696 ) ;
#1433 = FACE_BOUND ( 'NONE', #707, .T. ) ;
#1434 = ORIENTED_EDGE ( 'NONE', *, *, #763, .T. ) ;
#1435 = AXIS2_PLACEMENT_3D ( 'NONE', #1570, #1531, #178 ) ;
#1436 = EDGE_CURVE ( 'NONE', #1405, #997, #531, .T. ) ;
#1437 = DIRECTION ( 'NONE',  ( -2.085317476756499970E-15, 1.000000000000000000, 4.040302611215700251E-15 ) ) ;
#1438 = CIRCLE ( 'NONE', #1987, 0.03460599999999999787 ) ;
#1439 = VERTEX_POINT ( 'NONE', #1470 ) ;
#1440 = VERTEX_POINT ( 'NONE', #1316 ) ;
#1441 = VECTOR ( 'NONE', #1387, 1.000000000000000000 ) ;
#1442 = DIRECTION ( 'NONE',  ( 0.000000000000000000, -1.000000000000000000, 0.000000000000000000 ) ) ;
#1443 = DIRECTION ( 'NONE',  ( 0.000000000000000000, -1.000000000000000000, -4.040302611215700251E-15 ) ) ;
#1444 = CARTESIAN_POINT ( 'NONE',  ( -0.01549271814719980003, -0.03901782424600769988, 0.2145748818833440041 ) ) ;
#1445 = ORIENTED_EDGE ( 'NONE', *, *, #1254, .T. ) ;
#1446 = LINE ( 'NONE', #1413, #1635 ) ;
#1447 = EDGE_CURVE ( 'NONE', #236, #273, #1936, .T. ) ;
#1448 = CARTESIAN_POINT ( 'NONE',  ( -0.03828390250005420103, -0.03901782424600750560, 0.1504010260047279890 ) ) ;
#1449 = ORIENTED_EDGE ( 'NONE', *, *, #338, .T. ) ;
#1450 = EDGE_LOOP ( 'NONE', ( #1549, #1615, #438, #663 ) ) ;
#1451 = LINE ( 'NONE', #1464, #1163 ) ;
#1452 = LINE ( 'NONE', #421, #114 ) ;
#1453 = LINE ( 'NONE', #234, #1328 ) ;
#1454 = FACE_BOUND ( 'NONE', #367, .T. ) ;
#1455 = DIRECTION ( 'NONE',  ( 0.000000000000000000, 1.000000000000000000, 0.000000000000000000 ) ) ;
#1456 = ORIENTED_EDGE ( 'NONE', *, *, #1776, .T. ) ;
#1457 = DIRECTION ( 'NONE',  ( 0.000000000000000000, 1.000000000000000000, 0.000000000000000000 ) ) ;
#1458 = EDGE_CURVE ( 'NONE', #690, #665, #1181, .T. ) ;
#1459 = DIRECTION ( 'NONE',  ( 0.000000000000000000, -1.000000000000000000, 0.000000000000000000 ) ) ;
#1460 = ORIENTED_EDGE ( 'NONE', *, *, #580, .T. ) ;
#1461 = EDGE_LOOP ( 'NONE', ( #1544, #771, #1337, #1650 ) ) ;
#1462 = ADVANCED_FACE ( 'NONE', ( #468 ), #1379, .T. ) ;
#1463 = AXIS2_PLACEMENT_3D ( 'NONE', #869, #699, #1481 ) ;
#1464 = CARTESIAN_POINT ( 'NONE',  ( -0.02729721896024300126, -0.04865182424600769662, 0.1925077836320239766 ) ) ;
#1465 = CARTESIAN_POINT ( 'NONE',  ( -0.01729721896024299932, -0.04567282424600770108, 0.2200137836320239793 ) ) ;
#1466 = LINE ( 'NONE', #575, #1714 ) ;
#1467 = LINE ( 'NONE', #700, #168 ) ;
#1468 = ORIENTED_EDGE ( 'NONE', *, *, #1268, .T. ) ;
#1469 = CIRCLE ( 'NONE', #1984, 0.02101254999999999096 ) ;
#1470 = CARTESIAN_POINT ( 'NONE',  ( 0.008716070156082993126, -0.04567282424600770108, 0.1624009121180944315 ) ) ;
#1471 = VECTOR ( 'NONE', #1409, 1.000000000000000000 ) ;
#1472 = PRODUCT_DEFINITION ( 'UNKNOWN', '', #847, #1346 ) ;
#1473 = VECTOR ( 'NONE', #1155, 1.000000000000000000 ) ;
#1474 = DIRECTION ( 'NONE',  ( 1.243287455214477276E-16, 0.000000000000000000, 1.000000000000000000 ) ) ;
#1475 = VERTEX_POINT ( 'NONE', #1983 ) ;
#1476 = ORIENTED_EDGE ( 'NONE', *, *, #1477, .T. ) ;
#1477 = EDGE_CURVE ( 'NONE', #1587, #295, #1557, .T. ) ;
#1478 = AXIS2_PLACEMENT_3D ( 'NONE', #1978, #149, #1835 ) ;
#1479 = LINE ( 'NONE', #718, #533 ) ;
#1480 = CARTESIAN_POINT ( 'NONE',  ( -0.03715002763078352477, -0.03901782424600769988, 0.1633376877479618128 ) ) ;
#1481 = DIRECTION ( 'NONE',  ( 0.000000000000000000, 0.000000000000000000, 1.000000000000000000 ) ) ;
#1482 = ORIENTED_EDGE ( 'NONE', *, *, #1294, .T. ) ;
#1483 = CARTESIAN_POINT ( 'NONE',  ( 0.01065378103975700083, -0.04034882424600769874, 0.1067688840889799984 ) ) ;
#1484 = CARTESIAN_POINT ( 'NONE',  ( -0.04544087221566320278, -0.04904854206178708986, 0.1994148492688743446 ) ) ;
#1485 = ORIENTED_EDGE ( 'NONE', *, *, #632, .T. ) ;
#1486 = ORIENTED_EDGE ( 'NONE', *, *, #723, .F. ) ;
#1487 = FACE_OUTER_BOUND ( 'NONE', #1217, .T. ) ;
#1488 = DIRECTION ( 'NONE',  ( 1.000000000000000000, 0.000000000000000000, 0.000000000000000000 ) ) ;
#1489 = DIRECTION ( 'NONE',  ( -1.000000000000000000, 0.000000000000000000, 4.212656823276499851E-30 ) ) ;
#1490 = VERTEX_POINT ( 'NONE', #906 ) ;
#1491 = EDGE_CURVE ( 'NONE', #273, #888, #459, .T. ) ;
#1492 = DIRECTION ( 'NONE',  ( -0.000000000000000000, 1.000000000000000000, -0.000000000000000000 ) ) ;
#1493 = DIRECTION ( 'NONE',  ( 0.000000000000000000, 0.000000000000000000, -1.000000000000000000 ) ) ;
#1494 = VERTEX_POINT ( 'NONE', #1856 ) ;
#1495 = AXIS2_PLACEMENT_3D ( 'NONE', #800, #1864, #970 ) ;
#1496 = VECTOR ( 'NONE', #540, 1.000000000000000000 ) ;
#1497 = CARTESIAN_POINT ( 'NONE',  ( 0.02065378103975699930, -0.03901782424600769988, 0.1404010260047280079 ) ) ;
#1498 = CARTESIAN_POINT ( 'NONE',  ( -0.01069721896024299936, -0.05165182424600769928, 0.1969077836320239916 ) ) ;
#1499 = LINE ( 'NONE', #1788, #947 ) ;
#1500 = ORIENTED_EDGE ( 'NONE', *, *, #501, .F. ) ;
#1501 = CARTESIAN_POINT ( 'NONE',  ( 0.008716097499945779994, -0.04567282424600770108, 0.1067688840889799984 ) ) ;
#1502 = EDGE_CURVE ( 'NONE', #163, #1440, #1084, .T. ) ;
#1503 = LINE ( 'NONE', #405, #593 ) ;
#1504 = ORIENTED_EDGE ( 'NONE', *, *, #284, .F. ) ;
#1505 = AXIS2_PLACEMENT_3D ( 'NONE', #1335, #418, #1173 ) ;
#1506 = VERTEX_POINT ( 'NONE', #1830 ) ;
#1507 = FACE_OUTER_BOUND ( 'NONE', #1236, .T. ) ;
#1508 = CARTESIAN_POINT ( 'NONE',  ( -0.04728390250005410494, -0.04234532424600759987, 0.1464483116207679902 ) ) ;
#1509 = ORIENTED_EDGE ( 'NONE', *, *, #1561, .F. ) ;
#1510 = CIRCLE ( 'NONE', #1113, 0.03960600000000000231 ) ;
#1511 = LINE ( 'NONE', #1483, #1890 ) ;
#1512 = EDGE_CURVE ( 'NONE', #1319, #2, #595, .T. ) ;
#1513 = FACE_OUTER_BOUND ( 'NONE', #1517, .T. ) ;
#1514 = ORIENTED_EDGE ( 'NONE', *, *, #275, .F. ) ;
#1515 = LINE ( 'NONE', #447, #241 ) ;
#1516 = FACE_BOUND ( 'NONE', #482, .T. ) ;
#1517 = EDGE_LOOP ( 'NONE', ( #1851, #592, #1823, #1641 ) ) ;
#1518 = DIRECTION ( 'NONE',  ( 0.000000000000000000, 1.000000000000000000, 0.000000000000000000 ) ) ;
#1519 = CARTESIAN_POINT ( 'NONE',  ( -0.04552183684505475836, -0.04932851619274830623, 0.1996783581039193733 ) ) ;
#1520 = EDGE_CURVE ( 'NONE', #1393, #223, #599, .T. ) ;
#1521 = APPLICATION_CONTEXT ( 'automotive_design' ) ;
#1522 = ORIENTED_EDGE ( 'NONE', *, *, #379, .F. ) ;
#1523 = EDGE_CURVE ( 'NONE', #1704, #1319, #304, .T. ) ;
#1524 = CARTESIAN_POINT ( 'NONE',  ( 0.002582222630675069797, -0.04567282424600770108, 0.2215801825813139836 ) ) ;
#1525 = DIRECTION ( 'NONE',  ( -0.000000000000000000, 1.000000000000000000, -0.000000000000000000 ) ) ;
#1526 = CARTESIAN_POINT ( 'NONE',  ( -0.01728390250005419973, -0.06401782424600770127, 0.1289080260047280047 ) ) ;
#1527 = VECTOR ( 'NONE', #769, 1.000000000000000000 ) ;
#1528 = CARTESIAN_POINT ( 'NONE',  ( 0.008716097499945769586, -0.03901782424600720028, 0.1067688840889809976 ) ) ;
#1529 = AXIS2_PLACEMENT_3D ( 'NONE', #175, #1411, #648 ) ;
#1530 = STYLED_ITEM ( 'NONE', ( #1103 ), #568 ) ;
#1531 = DIRECTION ( 'NONE',  ( 1.000000000000000000, 2.085317476756499970E-15, -5.782411586589310307E-16 ) ) ;
#1532 = CIRCLE ( 'NONE', #1505, 0.01929949999999999721 ) ;
#1533 = VERTEX_POINT ( 'NONE', #1528 ) ;
#1534 = CARTESIAN_POINT ( 'NONE',  ( 0.002002281039757001363, -0.03901782424600769988, 0.2200137836320239793 ) ) ;
#1535 = EDGE_CURVE ( 'NONE', #1116, #196, #633, .T. ) ;
#1536 = DIRECTION ( 'NONE',  ( 0.000000000000000000, -1.000000000000000000, 0.000000000000000000 ) ) ;
#1537 = DIRECTION ( 'NONE',  ( 3.172065784643300034E-16, 0.000000000000000000, -1.000000000000000000 ) ) ;
#1538 = DIRECTION ( 'NONE',  ( -0.000000000000000000, 1.000000000000000000, -0.000000000000000000 ) ) ;
#1539 = ORIENTED_EDGE ( 'NONE', *, *, #664, .F. ) ;
#1540 = AXIS2_PLACEMENT_3D ( 'NONE', #1041, #849, #1642 ) ;
#1541 = CIRCLE ( 'NONE', #922, 0.01986612513072918973 ) ;
#1542 = CARTESIAN_POINT ( 'NONE',  ( -0.02729721896024300126, -0.04865182424600769662, 0.1939077836320239889 ) ) ;
#1543 = B_SPLINE_CURVE_WITH_KNOTS ( 'NONE', 3,
 ( #1741, #1256, #350, #824, #1265, #794, #1897, #497, #506, #528, #53, #1711, #1115 ),
 .UNSPECIFIED., .F., .F.,
 ( 4, 1, 1, 1, 1, 1, 2, 2, 4 ),
 ( 0.000000000000000000, 0.2499999999998985811, 0.3749999999998418487, 0.4374999999998195888, 0.4687499999998023803, 0.4843749999997998268, 0.4921874999997989941, 0.4999999999997981615, 1.000000000000000000 ),
 .UNSPECIFIED. ) ;
#1544 = ORIENTED_EDGE ( 'NONE', *, *, #1881, .F. ) ;
#1545 = CARTESIAN_POINT ( 'NONE',  ( 0.01065378103975700083, -0.04567282424600770108, 0.1980395524736880131 ) ) ;
#1546 = FACE_OUTER_BOUND ( 'NONE', #991, .T. ) ;
#1547 = LINE ( 'NONE', #942, #33 ) ;
#1548 = CARTESIAN_POINT ( 'NONE',  ( 0.01065378103975700257, -0.04627103555380086830, 0.1954168833414758333 ) ) ;
#1549 = ORIENTED_EDGE ( 'NONE', *, *, #1447, .T. ) ;
#1550 = EDGE_CURVE ( 'NONE', #1601, #1506, #927, .T. ) ;
#1551 = DIRECTION ( 'NONE',  ( 0.000000000000000000, 0.000000000000000000, -1.000000000000000000 ) ) ;
#1552 = VECTOR ( 'NONE', #621, 1.000000000000000000 ) ;
#1553 = EDGE_LOOP ( 'NONE', ( #695, #706 ) ) ;
#1554 = DIRECTION ( 'NONE',  ( 0.000000000000000000, 0.000000000000000000, -1.000000000000000000 ) ) ;
#1555 = CARTESIAN_POINT ( 'NONE',  ( 0.006216097499945809866, -0.06401782424600740984, 0.1504010260047279890 ) ) ;
#1556 = FACE_OUTER_BOUND ( 'NONE', #1839, .T. ) ;
#1557 = LINE ( 'NONE', #1076, #1441 ) ;
#1558 = ORIENTED_EDGE ( 'NONE', *, *, #242, .T. ) ;
#1559 = CIRCLE ( 'NONE', #353, 0.03460599999999999787 ) ;
#1560 = CARTESIAN_POINT ( 'NONE',  ( -0.03715002763078350395, -0.03901782424600769988, 0.1289080260047280047 ) ) ;
#1561 = EDGE_CURVE ( 'NONE', #1066, #805, #1832, .T. ) ;
#1562 = ORIENTED_EDGE ( 'NONE', *, *, #616, .T. ) ;
#1563 = EDGE_LOOP ( 'NONE', ( #1915, #1445, #1077, #1662, #727 ) ) ;
#1564 = CARTESIAN_POINT ( 'NONE',  ( -0.007297218960243039877, -0.04865182424600769662, 0.1939077836320239889 ) ) ;
#1565 = FACE_OUTER_BOUND ( 'NONE', #1796, .T. ) ;
#1566 = CIRCLE ( 'NONE', #596, 0.01986612513072927300 ) ;
#1567 = DIRECTION ( 'NONE',  ( 0.000000000000000000, 1.000000000000000000, 0.000000000000000000 ) ) ;
#1568 = CYLINDRICAL_SURFACE ( 'NONE', #1529, 0.01000000000000000888 ) ;
#1569 = ORIENTED_EDGE ( 'NONE', *, *, #1992, .F. ) ;
#1570 = CARTESIAN_POINT ( 'NONE',  ( 0.003716097499945820223, -0.06401782424600720167, 0.1124010260047279969 ) ) ;
#1571 = VECTOR ( 'NONE', #1190, 1.000000000000000000 ) ;
#1572 = EDGE_CURVE ( 'NONE', #1184, #1494, #1867, .T. ) ;
#1573 = AXIS2_PLACEMENT_3D ( 'NONE', #993, #1297, #1785 ) ;
#1574 = ORIENTED_EDGE ( 'NONE', *, *, #1910, .T. ) ;
#1575 = ORIENTED_EDGE ( 'NONE', *, *, #909, .F. ) ;
#1576 = ADVANCED_FACE ( 'NONE', ( #1207 ), #1093, .T. ) ;
#1577 = LINE ( 'NONE', #804, #1009 ) ;
#1578 = EDGE_LOOP ( 'NONE', ( #180, #1150, #851, #1339, #248, #1948, #1574, #1504, #1085, #787, #1539, #317, #49, #218, #701, #1600, #1717, #32, #252, #1161, #1127, #1088, #1514, #1048, #5, #1425, #1752 ) ) ;
#1579 = DIRECTION ( 'NONE',  ( 0.000000000000000000, 0.000000000000000000, 1.000000000000000000 ) ) ;
#1580 = ORIENTED_EDGE ( 'NONE', *, *, #1818, .F. ) ;
#1581 = ORIENTED_EDGE ( 'NONE', *, *, #1194, .F. ) ;
#1582 = EDGE_CURVE ( 'NONE', #997, #1955, #1370, .T. ) ;
#1583 = DIRECTION ( 'NONE',  ( 0.000000000000000000, 0.000000000000000000, 1.000000000000000000 ) ) ;
#1584 = EDGE_CURVE ( 'NONE', #1239, #394, #294, .T. ) ;
#1585 = PLANE ( 'NONE',  #488 ) ;
#1586 = DIRECTION ( 'NONE',  ( 0.000000000000000000, 0.000000000000000000, 1.000000000000000000 ) ) ;
#1587 = VERTEX_POINT ( 'NONE', #145 ) ;
#1588 = DIRECTION ( 'NONE',  ( -4.212656823276499851E-30, 4.040302611215700251E-15, -1.000000000000000000 ) ) ;
#1589 = AXIS2_PLACEMENT_3D ( 'NONE', #675, #841, #1284 ) ;
#1590 = ORIENTED_EDGE ( 'NONE', *, *, #2006, .T. ) ;
#1591 = ORIENTED_EDGE ( 'NONE', *, *, #837, .T. ) ;
#1592 = DIRECTION ( 'NONE',  ( 0.000000000000000000, -1.000000000000000000, 0.000000000000000000 ) ) ;
#1593 = EDGE_CURVE ( 'NONE', #665, #1587, #366, .T. ) ;
#1594 = DIRECTION ( 'NONE',  ( -2.085317476756499970E-15, 1.000000000000000000, 0.000000000000000000 ) ) ;
#1595 = DIRECTION ( 'NONE',  ( 0.000000000000000000, -1.000000000000000000, 0.000000000000000000 ) ) ;
#1596 = ORIENTED_EDGE ( 'NONE', *, *, #1606, .F. ) ;
#1597 = CIRCLE ( 'NONE', #398, 0.001400000000000012346 ) ;
#1598 = LINE ( 'NONE', #806, #437 ) ;
#1599 = DIRECTION ( 'NONE',  ( -1.000000000000000000, -2.085317476756499970E-15, 5.782411586589320168E-16 ) ) ;
#1600 = ORIENTED_EDGE ( 'NONE', *, *, #1419, .F. ) ;
#1601 = VERTEX_POINT ( 'NONE', #944 ) ;
#1602 = LINE ( 'NONE', #51, #1101 ) ;
#1603 = DIRECTION ( 'NONE',  ( -5.782411586589320168E-16, 0.000000000000000000, -1.000000000000000000 ) ) ;
#1604 = ORIENTED_EDGE ( 'NONE', *, *, #1852, .T. ) ;
#1605 = CARTESIAN_POINT ( 'NONE',  ( 0.02065378103975699930, -0.04567282424600770108, 0.1824010260047279897 ) ) ;
#1606 = EDGE_CURVE ( 'NONE', #1861, #1506, #212, .T. ) ;
#1607 = DIRECTION ( 'NONE',  ( 1.000000000000000000, 0.000000000000000000, 3.172065784643300034E-16 ) ) ;
#1608 = ORIENTED_EDGE ( 'NONE', *, *, #743, .T. ) ;
#1609 = ORIENTED_EDGE ( 'NONE', *, *, #288, .F. ) ;
#1610 = CARTESIAN_POINT ( 'NONE',  ( 0.000000000000000000, -0.03901782424600769988, 0.1763537403886880073 ) ) ;
#1611 = DIRECTION ( 'NONE',  ( 5.782411586589410887E-16, -4.040302611215700251E-15, 1.000000000000000000 ) ) ;
#1612 = CARTESIAN_POINT ( 'NONE',  ( -0.01729721896024299932, -0.04567282424600770108, 0.2200137836320239793 ) ) ;
#1613 = FACE_OUTER_BOUND ( 'NONE', #1848, .T. ) ;
#1614 = CARTESIAN_POINT ( 'NONE',  ( 0.003715331039757002046, -0.04167282424600760038, 0.2200137836320239793 ) ) ;
#1615 = ORIENTED_EDGE ( 'NONE', *, *, #1491, .T. ) ;
#1616 = LINE ( 'NONE', #378, #1140 ) ;
#1617 = EDGE_CURVE ( 'NONE', #1388, #960, #986, .T. ) ;
#1618 = CARTESIAN_POINT ( 'NONE',  ( 0.01271609749994579916, -0.03901782424600740151, 0.1464832279104370250 ) ) ;
#1619 = ORIENTED_EDGE ( 'NONE', *, *, #1931, .T. ) ;
#1620 = ORIENTED_EDGE ( 'NONE', *, *, #112, .T. ) ;
#1621 =( GEOMETRIC_REPRESENTATION_CONTEXT ( 3 ) GLOBAL_UNCERTAINTY_ASSIGNED_CONTEXT ( ( #865 ) ) GLOBAL_UNIT_ASSIGNED_CONTEXT ( ( #820, #1112, #654 ) ) REPRESENTATION_CONTEXT ( 'NONE', 'WORKASPACE' ) );
#1622 = VECTOR ( 'NONE', #1489, 1.000000000000000000 ) ;
#1623 = DIRECTION ( 'NONE',  ( 0.000000000000000000, 1.000000000000000000, 0.000000000000000000 ) ) ;
#1624 = DIRECTION ( 'NONE',  ( 0.000000000000000000, 0.000000000000000000, -1.000000000000000000 ) ) ;
#1625 = PLANE ( 'NONE',  #2011 ) ;
#1626 = CARTESIAN_POINT ( 'NONE',  ( -0.01714923775056900052, -0.04567282424600770108, 0.1504010260047279890 ) ) ;
#1627 = ORIENTED_EDGE ( 'NONE', *, *, #594, .F. ) ;
#1628 = DIRECTION ( 'NONE',  ( -2.085317476756490109E-15, 1.000000000000000000, 0.000000000000000000 ) ) ;
#1629 = CARTESIAN_POINT ( 'NONE',  ( -0.04558715898937350935, -0.04953319910180867258, 0.1998646997406519077 ) ) ;
#1630 = ORIENTED_EDGE ( 'NONE', *, *, #1520, .T. ) ;
#1631 = ORIENTED_EDGE ( 'NONE', *, *, #664, .T. ) ;
#1632 = EDGE_CURVE ( 'NONE', #251, #1747, #973, .T. ) ;
#1633 = ORIENTED_EDGE ( 'NONE', *, *, #1172, .T. ) ;
#1634 = ADVANCED_FACE ( 'NONE', ( #1886 ), #1122, .T. ) ;
#1635 = VECTOR ( 'NONE', #1437, 1.000000000000000000 ) ;
#1636 = AXIS2_PLACEMENT_3D ( 'NONE', #1825, #456, #440 ) ;
#1637 = LINE ( 'NONE', #538, #1273 ) ;
#1638 = DIRECTION ( 'NONE',  ( 1.000000000000000000, 0.000000000000000000, -4.212656823276499851E-30 ) ) ;
#1639 = DIRECTION ( 'NONE',  ( -2.085317476756490109E-15, 1.000000000000000000, 0.000000000000000000 ) ) ;
#1640 = CARTESIAN_POINT ( 'NONE',  ( -0.04524821896024299600, -0.04567282424600770108, 0.1824010260047279897 ) ) ;
#1641 = ORIENTED_EDGE ( 'NONE', *, *, #164, .F. ) ;
#1642 = DIRECTION ( 'NONE',  ( 0.000000000000000000, 0.000000000000000000, 1.000000000000000000 ) ) ;
#1643 = LINE ( 'NONE', #1183, #327 ) ;
#1644 = ORIENTED_EDGE ( 'NONE', *, *, #1419, .T. ) ;
#1645 = EDGE_LOOP ( 'NONE', ( #717, #1939, #797, #1774, #492 ) ) ;
#1646 = LINE ( 'NONE', #1028, #1759 ) ;
#1647 = EDGE_CURVE ( 'NONE', #381, #1289, #1042, .T. ) ;
#1648 = DIRECTION ( 'NONE',  ( 0.000000000000000000, -1.000000000000000000, 0.000000000000000000 ) ) ;
#1649 = DIRECTION ( 'NONE',  ( 1.000000000000000000, 2.085317476756499970E-15, 0.000000000000000000 ) ) ;
#1650 = ORIENTED_EDGE ( 'NONE', *, *, #225, .F. ) ;
#1651 = CARTESIAN_POINT ( 'NONE',  ( -0.01729721896024299932, -0.04565182424600770089, 0.2200137836320239793 ) ) ;
#1652 = PLANE ( 'NONE',  #728 ) ;
#1653 = ORIENTED_EDGE ( 'NONE', *, *, #1015, .T. ) ;
#1654 = VECTOR ( 'NONE', #668, 1.000000000000000000 ) ;
#1655 = DIRECTION ( 'NONE',  ( 0.000000000000000000, 0.000000000000000000, -1.000000000000000000 ) ) ;
#1656 = CARTESIAN_POINT ( 'NONE',  ( 0.008716070156082993126, -0.04567282424600770108, 0.1624009121180944315 ) ) ;
#1657 = ORIENTED_EDGE ( 'NONE', *, *, #685, .F. ) ;
#1658 = ADVANCED_FACE ( 'NONE', ( #833, #23, #62, #1454, #1433 ), #1875, .F. ) ;
#1659 = DIRECTION ( 'NONE',  ( -1.000000000000000000, -0.000000000000000000, -0.000000000000000000 ) ) ;
#1660 = DIRECTION ( 'NONE',  ( 0.000000000000000000, 1.000000000000000000, 0.000000000000000000 ) ) ;
#1661 = AXIS2_PLACEMENT_3D ( 'NONE', #843, #1005, #1624 ) ;
#1662 = ORIENTED_EDGE ( 'NONE', *, *, #300, .F. ) ;
#1663 = LINE ( 'NONE', #1524, #791 ) ;
#1664 = LINE ( 'NONE', #759, #1261 ) ;
#1665 = ORIENTED_EDGE ( 'NONE', *, *, #411, .T. ) ;
#1666 = AXIS2_PLACEMENT_3D ( 'NONE', #1766, #826, #224 ) ;
#1667 = AXIS2_PLACEMENT_3D ( 'NONE', #1213, #619, #903 ) ;
#1668 = DIRECTION ( 'NONE',  ( 0.000000000000000000, -1.000000000000000000, 0.000000000000000000 ) ) ;
#1669 = EDGE_CURVE ( 'NONE', #1119, #864, #1577, .T. ) ;
#1670 = DIRECTION ( 'NONE',  ( 0.000000000000000000, -1.000000000000000000, 0.000000000000000000 ) ) ;
#1671 = EDGE_CURVE ( 'NONE', #54, #1779, #202, .T. ) ;
#1672 = ORIENTED_EDGE ( 'NONE', *, *, #1550, .F. ) ;
#1673 = DIRECTION ( 'NONE',  ( 0.000000000000000000, -1.000000000000000000, 0.000000000000000000 ) ) ;
#1674 = DIRECTION ( 'NONE',  ( -1.203067775051822688E-15, 0.000000000000000000, 1.000000000000000000 ) ) ;
#1675 = DIRECTION ( 'NONE',  ( 3.172065784643300034E-16, 0.000000000000000000, -1.000000000000000000 ) ) ;
#1676 = CARTESIAN_POINT ( 'NONE',  ( 0.003716097499945820223, -0.06401782424600740984, 0.1504010260047279890 ) ) ;
#1677 = FACE_OUTER_BOUND ( 'NONE', #1746, .T. ) ;
#1678 = EDGE_CURVE ( 'NONE', #945, #123, #1543, .T. ) ;
#1679 = VERTEX_POINT ( 'NONE', #678 ) ;
#1680 = DIRECTION ( 'NONE',  ( 0.000000000000000000, -1.000000000000000000, 0.000000000000000000 ) ) ;
#1681 = DIRECTION ( 'NONE',  ( 0.000000000000000000, 0.000000000000000000, -1.000000000000000000 ) ) ;
#1682 = DIRECTION ( 'NONE',  ( 0.000000000000000000, -1.000000000000000000, -4.040302611215700251E-15 ) ) ;
#1683 = CARTESIAN_POINT ( 'NONE',  ( 0.01065378103975700257, -0.04622915833275509367, 0.1952949953729492261 ) ) ;
#1684 = ORIENTED_EDGE ( 'NONE', *, *, #1358, .T. ) ;
#1685 = CIRCLE ( 'NONE', #815, 0.001400000000000012346 ) ;
#1686 = PLANE ( 'NONE',  #1302 ) ;
#1687 = VECTOR ( 'NONE', #1840, 1.000000000000000000 ) ;
#1688 = ORIENTED_EDGE ( 'NONE', *, *, #1805, .F. ) ;
#1689 = LINE ( 'NONE', #139, #369 ) ;
#1690 = CARTESIAN_POINT ( 'NONE',  ( -0.01729721896024299932, -0.05365182424600770106, 0.2200137836320239793 ) ) ;
#1691 = LINE ( 'NONE', #449, #721 ) ;
#1692 = EDGE_CURVE ( 'NONE', #2, #1383, #260, .T. ) ;
#1693 = CARTESIAN_POINT ( 'NONE',  ( -0.03828390250005420103, -0.06401782424600750698, 0.1594010260047279970 ) ) ;
#1694 = ORIENTED_EDGE ( 'NONE', *, *, #1584, .T. ) ;
#1695 = AXIS2_PLACEMENT_3D ( 'NONE', #1605, #1457, #65 ) ;
#1696 = DIRECTION ( 'NONE',  ( -0.000000000000000000, 1.000000000000000000, -0.000000000000000000 ) ) ;
#1697 = VERTEX_POINT ( 'NONE', #689 ) ;
#1698 = DIRECTION ( 'NONE',  ( 0.000000000000000000, 0.000000000000000000, 1.000000000000000000 ) ) ;
#1699 = CARTESIAN_POINT ( 'NONE',  ( -0.01728390250005425524, -0.04652767841970086721, 0.1832038128786910858 ) ) ;
#1700 = DIRECTION ( 'NONE',  ( 0.000000000000000000, 1.000000000000000000, 0.000000000000000000 ) ) ;
#1701 = EDGE_CURVE ( 'NONE', #104, #1383, #1288, .T. ) ;
#1702 = DIRECTION ( 'NONE',  ( -1.000000000000000000, -2.085317476756499970E-15, 5.782411586589320168E-16 ) ) ;
#1703 = CARTESIAN_POINT ( 'NONE',  ( -0.01729721896024299932, -0.03901782424600769988, 0.2200137836320239793 ) ) ;
#1704 = VERTEX_POINT ( 'NONE', #1299 ) ;
#1705 = DIRECTION ( 'NONE',  ( 0.000000000000000000, 0.000000000000000000, 1.000000000000000000 ) ) ;
#1706 = ORIENTED_EDGE ( 'NONE', *, *, #391, .T. ) ;
#1707 = VERTEX_POINT ( 'NONE', #1751 ) ;
#1708 = FACE_OUTER_BOUND ( 'NONE', #372, .T. ) ;
#1709 = CARTESIAN_POINT ( 'NONE',  ( 0.01271609749994579916, -0.04234532424600759987, 0.1763188240990190003 ) ) ;
#1710 = CARTESIAN_POINT ( 'NONE',  ( -0.01018222191500068978, -0.04573171335865860998, 0.1819053617918604537 ) ) ;
#1711 = CARTESIAN_POINT ( 'NONE',  ( -0.04524821896024299600, -0.04707478040620507315, 0.1972579661962472197 ) ) ;
#1712 = ORIENTED_EDGE ( 'NONE', *, *, #837, .F. ) ;
#1713 = ADVANCED_FACE ( 'NONE', ( #323 ), #1568, .F. ) ;
#1714 = VECTOR ( 'NONE', #1006, 1.000000000000000000 ) ;
#1715 = CARTESIAN_POINT ( 'NONE',  ( -0.04524821896024299600, -0.04034882424600769874, 0.1824010260047279897 ) ) ;
#1716 = EDGE_CURVE ( 'NONE', #1747, #424, #1933, .T. ) ;
#1717 = ORIENTED_EDGE ( 'NONE', *, *, #1353, .F. ) ;
#1718 = ORIENTED_EDGE ( 'NONE', *, *, #1935, .T. ) ;
#1719 = CIRCLE ( 'NONE', #1883, 0.001400000000000012346 ) ;
#1720 = DIRECTION ( 'NONE',  ( 0.000000000000000000, -1.000000000000000000, 0.000000000000000000 ) ) ;
#1721 = AXIS2_PLACEMENT_3D ( 'NONE', #527, #1144, #1443 ) ;
#1722 =( NAMED_UNIT ( * ) PLANE_ANGLE_UNIT ( ) SI_UNIT ( $, .RADIAN. ) );
#1723 = CARTESIAN_POINT ( 'NONE',  ( 0.008716097499945809485, -0.06401782424600740984, 0.1504010260047279890 ) ) ;
#1724 = EDGE_LOOP ( 'NONE', ( #1220, #1672, #952, #344 ) ) ;
#1725 = EDGE_CURVE ( 'NONE', #394, #1972, #1188, .T. ) ;
#1726 = CARTESIAN_POINT ( 'NONE',  ( -0.04328390250005419854, -0.04567282424600770108, 0.2215801825813139836 ) ) ;
#1727 = AXIS2_PLACEMENT_3D ( 'NONE', #662, #1588, #368 ) ;
#1728 = AXIS2_PLACEMENT_3D ( 'NONE', #1761, #412, #96 ) ;
#1729 = EDGE_CURVE ( 'NONE', #236, #1961, #724, .T. ) ;
#1730 = ORIENTED_EDGE ( 'NONE', *, *, #126, .F. ) ;
#1731 = ORIENTED_EDGE ( 'NONE', *, *, #453, .F. ) ;
#1732 = FILL_AREA_STYLE_COLOUR ( '', #660 ) ;
#1733 = CARTESIAN_POINT ( 'NONE',  ( 0.008716097499945708871, -0.04567282424600770108, 0.2215801825813139836 ) ) ;
#1734 = CARTESIAN_POINT ( 'NONE',  ( 0.02065378103975699930, -0.04567282424600770108, 0.1404010260047280079 ) ) ;
#1735 = ORIENTED_EDGE ( 'NONE', *, *, #216, .T. ) ;
#1736 = DIRECTION ( 'NONE',  ( -0.000000000000000000, 1.000000000000000000, -0.000000000000000000 ) ) ;
#1737 = ORIENTED_EDGE ( 'NONE', *, *, #155, .F. ) ;
#1738 = EDGE_LOOP ( 'NONE', ( #1485, #98, #1868, #1590 ) ) ;
#1739 = ADVANCED_FACE ( 'NONE', ( #1971 ), #1322, .T. ) ;
#1740 = PLANE ( 'NONE',  #561 ) ;
#1741 = CARTESIAN_POINT ( 'NONE',  ( -0.04524821896024299600, -0.04567282424600770108, 0.1919535477990879924 ) ) ;
#1742 = VERTEX_POINT ( 'NONE', #1341 ) ;
#1743 = FACE_OUTER_BOUND ( 'NONE', #1724, .T. ) ;
#1744 = VECTOR ( 'NONE', #1377, 1.000000000000000000 ) ;
#1745 = FACE_OUTER_BOUND ( 'NONE', #94, .T. ) ;
#1746 = EDGE_LOOP ( 'NONE', ( #1486, #113, #987, #1414 ) ) ;
#1747 = VERTEX_POINT ( 'NONE', #1498 ) ;
#1748 = CARTESIAN_POINT ( 'NONE',  ( -0.01155958992825697335, -0.04590183957484642030, 0.1823751411520533883 ) ) ;
#1749 = ADVANCED_FACE ( 'NONE', ( #1613 ), #1964, .T. ) ;
#1750 = DIRECTION ( 'NONE',  ( 0.000000000000000000, 0.000000000000000000, -1.000000000000000000 ) ) ;
#1751 = CARTESIAN_POINT ( 'NONE',  ( -0.03830976896024300415, -0.05365182424600770106, 0.2200137836320239793 ) ) ;
#1752 = ORIENTED_EDGE ( 'NONE', *, *, #1593, .T. ) ;
#1753 = AXIS2_PLACEMENT_3D ( 'NONE', #730, #63, #402 ) ;
#1754 = DIRECTION ( 'NONE',  ( -2.085317476756499970E-15, 1.000000000000000000, 4.040302611215700251E-15 ) ) ;
#1755 = FACE_OUTER_BOUND ( 'NONE', #548, .T. ) ;
#1756 = VECTOR ( 'NONE', #417, 1.000000000000000000 ) ;
#1757 = EDGE_LOOP ( 'NONE', ( #1354, #17, #188, #1712 ) ) ;
#1758 = VERTEX_POINT ( 'NONE', #1349 ) ;
#1759 = VECTOR ( 'NONE', #1611, 1.000000000000000000 ) ;
#1760 = DIRECTION ( 'NONE',  ( 0.000000000000000000, 0.000000000000000000, -1.000000000000000000 ) ) ;
#1761 = CARTESIAN_POINT ( 'NONE',  ( 0.003716042812220251255, -0.04901782424600770183, 0.1763535126154208710 ) ) ;
#1762 = CARTESIAN_POINT ( 'NONE',  ( -0.04608836944249320583, -0.04034882424600769874, 0.2008136562910809997 ) ) ;
#1763 = CARTESIAN_POINT ( 'NONE',  ( -0.01729721896024299932, -0.04565182424600770089, 0.2200137836320239793 ) ) ;
#1764 = EDGE_LOOP ( 'NONE', ( #95, #28, #357, #1893 ) ) ;
#1765 = EDGE_CURVE ( 'NONE', #1347, #1707, #1466, .T. ) ;
#1766 = CARTESIAN_POINT ( 'NONE',  ( -0.05024821896024300044, -0.04034882424600769874, 0.1980395524736880131 ) ) ;
#1767 = CARTESIAN_POINT ( 'NONE',  ( -0.02729721896024300126, -0.04565182424600770089, 0.1939077836320239889 ) ) ;
#1768 = ORIENTED_EDGE ( 'NONE', *, *, #1512, .F. ) ;
#1769 = ORIENTED_EDGE ( 'NONE', *, *, #742, .T. ) ;
#1770 = CARTESIAN_POINT ( 'NONE',  ( -0.04328390250005419854, -0.03901782424600769988, 0.1763537403886880073 ) ) ;
#1771 = CARTESIAN_POINT ( 'NONE',  ( -0.01728390250005425871, -0.04567282424600770108, 0.1633376877479618128 ) ) ;
#1772 = CARTESIAN_POINT ( 'NONE',  ( -0.04078390250005409917, -0.06401782424600740984, 0.1154010260047279995 ) ) ;
#1773 = CARTESIAN_POINT ( 'NONE',  ( 0.01149393152200720025, -0.04034882424600769874, 0.2008136562910809997 ) ) ;
#1774 = ORIENTED_EDGE ( 'NONE', *, *, #338, .F. ) ;
#1775 = CARTESIAN_POINT ( 'NONE',  ( -0.01728390250005419973, -0.04567282424600770108, 0.1289080260047280047 ) ) ;
#1776 = EDGE_CURVE ( 'NONE', #1533, #1704, #375, .T. ) ;
#1777 = CARTESIAN_POINT ( 'NONE',  ( -0.01714923775056900052, -0.04567282424600770108, 0.1154010260047279995 ) ) ;
#1778 = ADVANCED_FACE ( 'NONE', ( #246 ), #1625, .F. ) ;
#1779 = VERTEX_POINT ( 'NONE', #1808 ) ;
#1780 = AXIS2_PLACEMENT_3D ( 'NONE', #564, #245, #413 ) ;
#1781 = ORIENTED_EDGE ( 'NONE', *, *, #1582, .F. ) ;
#1782 = AXIS2_PLACEMENT_3D ( 'NONE', #1763, #1018, #1331 ) ;
#1783 = ORIENTED_EDGE ( 'NONE', *, *, #1795, .T. ) ;
#1784 = VECTOR ( 'NONE', #173, 1.000000000000000000 ) ;
#1785 = DIRECTION ( 'NONE',  ( 0.000000000000000000, 0.000000000000000000, -1.000000000000000000 ) ) ;
#1786 = DIRECTION ( 'NONE',  ( 0.000000000000000000, 1.000000000000000000, 0.000000000000000000 ) ) ;
#1787 = DIRECTION ( 'NONE',  ( 0.000000000000000000, 1.000000000000000000, 0.000000000000000000 ) ) ;
#1788 = CARTESIAN_POINT ( 'NONE',  ( -0.04524821896024299600, -0.04567282424600770108, 0.2546217836320239791 ) ) ;
#1789 = CARTESIAN_POINT ( 'NONE',  ( 0.01065378103975700083, -0.04567282424600770108, 0.1404010260047280079 ) ) ;
#1790 = AXIS2_PLACEMENT_3D ( 'NONE', #579, #1344, #1191 ) ;
#1791 = CARTESIAN_POINT ( 'NONE',  ( -0.03830976896024300415, -0.04167282424600760038, 0.2200137836320239793 ) ) ;
#1792 = CARTESIAN_POINT ( 'NONE',  ( 0.01565378103975700180, -0.04034882424600769874, 0.1980395524736880131 ) ) ;
#1793 = VERTEX_POINT ( 'NONE', #551 ) ;
#1794 = APPLICATION_CONTEXT ( 'automotive_design' ) ;
#1795 = EDGE_CURVE ( 'NONE', #1439, #1109, #1930, .T. ) ;
#1796 = EDGE_LOOP ( 'NONE', ( #351, #1909, #746, #337, #1371 ) ) ;
#1797 = VECTOR ( 'NONE', #44, 1.000000000000000000 ) ;
#1798 = AXIS2_PLACEMENT_3D ( 'NONE', #520, #170, #977 ) ;
#1799 = DIRECTION ( 'NONE',  ( 0.000000000000000000, -1.000000000000000000, -4.040302611215700251E-15 ) ) ;
#1800 = DIRECTION ( 'NONE',  ( 0.000000000000000000, 1.000000000000000000, 4.040302611215700251E-15 ) ) ;
#1801 = ORIENTED_EDGE ( 'NONE', *, *, #1120, .F. ) ;
#1802 = CARTESIAN_POINT ( 'NONE',  ( 0.01271609749994579916, -0.04567282424600770108, 0.1464832279104370250 ) ) ;
#1803 = CARTESIAN_POINT ( 'NONE',  ( -0.03828390250005420103, -0.04567282424600770108, 0.1154010260047279995 ) ) ;
#1804 = ORIENTED_EDGE ( 'NONE', *, *, #391, .F. ) ;
#1805 = EDGE_CURVE ( 'NONE', #157, #522, #1178, .T. ) ;
#1806 = VERTEX_POINT ( 'NONE', #235 ) ;
#1807 = CARTESIAN_POINT ( 'NONE',  ( -0.03828390250005420103, -0.06401782424600729882, 0.1067688840889799984 ) ) ;
#1808 = CARTESIAN_POINT ( 'NONE',  ( -0.04328390250005419854, -0.04567282424600770108, 0.1154010260047279995 ) ) ;
#1809 = ORIENTED_EDGE ( 'NONE', *, *, #71, .T. ) ;
#1810 = LINE ( 'NONE', #1049, #142 ) ;
#1811 = CARTESIAN_POINT ( 'NONE',  ( -0.01728390250005419973, -0.03901782424600769988, 0.1289080260047280047 ) ) ;
#1812 = EDGE_LOOP ( 'NONE', ( #286, #818, #463, #921 ) ) ;
#1813 = ADVANCED_FACE ( 'NONE', ( #75 ), #401, .T. ) ;
#1814 = VECTOR ( 'NONE', #1603, 1.000000000000000000 ) ;
#1815 = FACE_OUTER_BOUND ( 'NONE', #1277, .T. ) ;
#1816 = DIRECTION ( 'NONE',  ( 3.172065784643300034E-16, 0.000000000000000000, -1.000000000000000000 ) ) ;
#1817 = ORIENTED_EDGE ( 'NONE', *, *, #909, .T. ) ;
#1818 = EDGE_CURVE ( 'NONE', #609, #1405, #858, .T. ) ;
#1819 = CARTESIAN_POINT ( 'NONE',  ( 0.02065378103975699930, -0.04034882424600780282, 0.1404010260047280079 ) ) ;
#1820 = VECTOR ( 'NONE', #1242, 1.000000000000000000 ) ;
#1821 = DIRECTION ( 'NONE',  ( 0.000000000000000000, 1.000000000000000000, 0.000000000000000000 ) ) ;
#1822 = VECTOR ( 'NONE', #985, 1.000000000000000000 ) ;
#1823 = ORIENTED_EDGE ( 'NONE', *, *, #594, .T. ) ;
#1824 = EDGE_CURVE ( 'NONE', #805, #765, #656, .T. ) ;
#1825 = CARTESIAN_POINT ( 'NONE',  ( -0.01729721896024299932, -0.05165182424600769928, 0.1969077836320239916 ) ) ;
#1826 = LINE ( 'NONE', #913, #289 ) ;
#1827 = CARTESIAN_POINT ( 'NONE',  ( -0.01729721896024299932, -0.03901782424600769988, 0.2200137836320239793 ) ) ;
#1828 = AXIS2_PLACEMENT_3D ( 'NONE', #613, #274, #124 ) ;
#1829 = AXIS2_PLACEMENT_3D ( 'NONE', #1046, #744, #590 ) ;
#1830 = CARTESIAN_POINT ( 'NONE',  ( 0.003716097499945769916, -0.03901782424600720028, 0.1154010260047279995 ) ) ;
#1831 = EDGE_CURVE ( 'NONE', #278, #469, #390, .T. ) ;
#1832 = B_SPLINE_CURVE_WITH_KNOTS ( 'NONE', 3,
 ( #1057, #781, #12, #1847, #1400, #1548, #1683, #638, #152, #1216, #1, #1247, #134 ),
 .UNSPECIFIED., .F., .F.,
 ( 4, 1, 1, 1, 1, 1, 2, 2, 4 ),
 ( 0.000000000000000000, 0.2499999999998269162, 0.3749999999997403743, 0.4374999999996971312, 0.4687499999996693756, 0.4843749999996610489, 0.4921874999996624367, 0.4999999999996638245, 1.000000000000000000 ),
 .UNSPECIFIED. ) ;
#1833 = DIRECTION ( 'NONE',  ( -2.085317476756480248E-15, 1.000000000000000000, 0.000000000000000000 ) ) ;
#1834 = ORIENTED_EDGE ( 'NONE', *, *, #1979, .F. ) ;
#1835 = DIRECTION ( 'NONE',  ( 0.000000000000000000, 0.000000000000000000, -1.000000000000000000 ) ) ;
#1836 = CARTESIAN_POINT ( 'NONE',  ( -0.03828390250005420103, -0.06401782424600750698, 0.1504010260047279890 ) ) ;
#1837 = LINE ( 'NONE', #933, #1552 ) ;
#1838 = DIRECTION ( 'NONE',  ( 0.000000000000000000, 1.000000000000000000, 4.040302611215700251E-15 ) ) ;
#1839 = EDGE_LOOP ( 'NONE', ( #560, #446, #1460, #669 ) ) ;
#1840 = DIRECTION ( 'NONE',  ( 0.000000000000000000, -1.000000000000000000, 0.000000000000000000 ) ) ;
#1841 = EDGE_CURVE ( 'NONE', #1031, #1779, #414, .T. ) ;
#1842 = ORIENTED_EDGE ( 'NONE', *, *, #266, .T. ) ;
#1843 = CARTESIAN_POINT ( 'NONE',  ( -0.04524821896024299600, -0.04034882424600769874, 0.1887760658539359981 ) ) ;
#1844 = CARTESIAN_POINT ( 'NONE',  ( -0.04524821896024299600, -0.03901782424600769988, 0.1404010260047280079 ) ) ;
#1845 = CARTESIAN_POINT ( 'NONE',  ( -0.01729721896024299932, -0.04652767703395895016, 0.1832038084156130953 ) ) ;
#1846 = AXIS2_PLACEMENT_3D ( 'NONE', #1102, #1720, #955 ) ;
#1847 = CARTESIAN_POINT ( 'NONE',  ( 0.01065378103975700257, -0.04654372372710222083, 0.1961231001300929866 ) ) ;
#1848 = EDGE_LOOP ( 'NONE', ( #902, #883 ) ) ;
#1849 = CARTESIAN_POINT ( 'NONE',  ( 0.008716042812220206257, -0.04901782424600770183, 0.1763535126154208710 ) ) ;
#1850 = AXIS2_PLACEMENT_3D ( 'NONE', #1374, #1218, #480 ) ;
#1851 = ORIENTED_EDGE ( 'NONE', *, *, #742, .F. ) ;
#1852 = EDGE_CURVE ( 'NONE', #1283, #652, #711, .T. ) ;
#1853 = DIRECTION ( 'NONE',  ( -5.782411586589320168E-16, 0.000000000000000000, -1.000000000000000000 ) ) ;
#1854 = FACE_OUTER_BOUND ( 'NONE', #577, .T. ) ;
#1855 = CARTESIAN_POINT ( 'NONE',  ( -0.02729721896024300126, -0.04565182424600770089, 0.1925077836320239766 ) ) ;
#1856 = CARTESIAN_POINT ( 'NONE',  ( -0.03828390250005420103, -0.03901782424600740151, 0.1154010260047279995 ) ) ;
#1857 = ORIENTED_EDGE ( 'NONE', *, *, #1058, .F. ) ;
#1858 = AXIS2_PLACEMENT_3D ( 'NONE', #1564, #356, #227 ) ;
#1859 = FACE_OUTER_BOUND ( 'NONE', #1271, .T. ) ;
#1860 = ORIENTED_EDGE ( 'NONE', *, *, #672, .T. ) ;
#1861 = VERTEX_POINT ( 'NONE', #150 ) ;
#1862 = DIRECTION ( 'NONE',  ( 0.000000000000000000, 1.000000000000000000, 0.000000000000000000 ) ) ;
#1863 = EDGE_CURVE ( 'NONE', #665, #1201, #1396, .T. ) ;
#1864 = DIRECTION ( 'NONE',  ( 0.000000000000000000, -1.000000000000000000, 0.000000000000000000 ) ) ;
#1865 = CARTESIAN_POINT ( 'NONE',  ( -0.04524821896024299600, -0.04034882424600769874, 0.1067688840889799984 ) ) ;
#1866 = CARTESIAN_POINT ( 'NONE',  ( -0.01069721896024299936, -0.05165182424600769928, 0.1864077836320239823 ) ) ;
#1867 = LINE ( 'NONE', #605, #1111 ) ;
#1868 = ORIENTED_EDGE ( 'NONE', *, *, #1701, .T. ) ;
#1869 = DIRECTION ( 'NONE',  ( 0.000000000000000000, -1.000000000000000000, 0.000000000000000000 ) ) ;
#1870 = ORIENTED_EDGE ( 'NONE', *, *, #1141, .T. ) ;
#1871 = ORIENTED_EDGE ( 'NONE', *, *, #1969, .F. ) ;
#1872 = CYLINDRICAL_SURFACE ( 'NONE', #1846, 0.02101255000000000137 ) ;
#1873 = ADVANCED_FACE ( 'NONE', ( #309 ), #1204, .F. ) ;
#1874 = PLANE ( 'NONE',  #435 ) ;
#1875 = PLANE ( 'NONE',  #161 ) ;
#1876 = ORIENTED_EDGE ( 'NONE', *, *, #1502, .F. ) ;
#1877 = EDGE_CURVE ( 'NONE', #609, #403, #583, .T. ) ;
#1878 = CIRCLE ( 'NONE', #354, 0.03460599999999999787 ) ;
#1879 = CARTESIAN_POINT ( 'NONE',  ( 0.003716042812220251255, -0.04567282424600770108, 0.1763535126154208710 ) ) ;
#1880 = ORIENTED_EDGE ( 'NONE', *, *, #948, .F. ) ;
#1881 = EDGE_CURVE ( 'NONE', #1347, #410, #848, .T. ) ;
#1882 = VERTEX_POINT ( 'NONE', #1699 ) ;
#1883 = AXIS2_PLACEMENT_3D ( 'NONE', #217, #380, #634 ) ;
#1884 = CARTESIAN_POINT ( 'NONE',  ( -0.007297218960243039877, -0.05365182424600770106, 0.1939077836320239889 ) ) ;
#1885 = FACE_OUTER_BOUND ( 'NONE', #1738, .T. ) ;
#1886 = FACE_OUTER_BOUND ( 'NONE', #1002, .T. ) ;
#1887 = VERTEX_POINT ( 'NONE', #1195 ) ;
#1888 = CARTESIAN_POINT ( 'NONE',  ( 0.01099326638101272811, -0.04953285961460067444, 0.1998656098421917326 ) ) ;
#1889 = EDGE_CURVE ( 'NONE', #1119, #626, #1826, .T. ) ;
#1890 = VECTOR ( 'NONE', #1668, 1.000000000000000000 ) ;
#1891 = AXIS2_PLACEMENT_3D ( 'NONE', #279, #895, #610 ) ;
#1892 = ORIENTED_EDGE ( 'NONE', *, *, #1669, .F. ) ;
#1893 = ORIENTED_EDGE ( 'NONE', *, *, #1270, .F. ) ;
#1894 = LINE ( 'NONE', #645, #1067 ) ;
#1895 = DIRECTION ( 'NONE',  ( 0.000000000000000000, -1.000000000000000000, 0.000000000000000000 ) ) ;
#1896 = DIRECTION ( 'NONE',  ( 1.243287455214477276E-16, 0.000000000000000000, 1.000000000000000000 ) ) ;
#1897 = CARTESIAN_POINT ( 'NONE',  ( -0.04524821896024298906, -0.04615190021766165523, 0.1950583489179055219 ) ) ;
#1898 = ORIENTED_EDGE ( 'NONE', *, *, #598, .T. ) ;
#1899 = CARTESIAN_POINT ( 'NONE',  ( -0.01729721896024299932, -0.05165182424600769928, 0.1969077836320239916 ) ) ;
#1900 = CARTESIAN_POINT ( 'NONE',  ( -0.02729721896024300126, -0.05365182424600770106, 0.1939077836320239889 ) ) ;
#1901 = ORIENTED_EDGE ( 'NONE', *, *, #1015, .F. ) ;
#1902 = ORIENTED_EDGE ( 'NONE', *, *, #1194, .T. ) ;
#1903 = VECTOR ( 'NONE', #442, 1.000000000000000000 ) ;
#1904 = EDGE_CURVE ( 'NONE', #251, #1806, #591, .T. ) ;
#1905 = DIRECTION ( 'NONE',  ( 0.000000000000000000, 1.000000000000000000, 4.040302611215700251E-15 ) ) ;
#1906 = CARTESIAN_POINT ( 'NONE',  ( 0.003716097499945759941, -0.03901782424600720028, 0.1067688840889809976 ) ) ;
#1907 = CARTESIAN_POINT ( 'NONE',  ( -0.03659671896024299653, -0.04567282424600770108, 0.2200137836320239793 ) ) ;
#1908 = DIRECTION ( 'NONE',  ( 0.000000000000000000, 0.000000000000000000, 1.000000000000000000 ) ) ;
#1909 = ORIENTED_EDGE ( 'NONE', *, *, #1308, .T. ) ;
#1910 = EDGE_CURVE ( 'NONE', #997, #157, #1063, .T. ) ;
#1911 = CARTESIAN_POINT ( 'NONE',  ( 0.01118808247454433982, -0.05003335793930527298, 0.2003005996769467445 ) ) ;
#1912 = AXIS2_PLACEMENT_3D ( 'NONE', #330, #1592, #361 ) ;
#1913 = VECTOR ( 'NONE', #1908, 1.000000000000000000 ) ;
#1914 = DIRECTION ( 'NONE',  ( 0.000000000000000000, -1.000000000000000000, 0.000000000000000000 ) ) ;
#1915 = ORIENTED_EDGE ( 'NONE', *, *, #475, .F. ) ;
#1916 = ORIENTED_EDGE ( 'NONE', *, *, #1716, .F. ) ;
#1917 = ADVANCED_FACE ( 'NONE', ( #430 ), #932, .F. ) ;
#1918 = DIRECTION ( 'NONE',  ( -1.734723475976810053E-15, 0.000000000000000000, 1.000000000000000000 ) ) ;
#1919 = LINE ( 'NONE', #1165, #352 ) ;
#1920 = DIRECTION ( 'NONE',  ( 0.000000000000000000, 0.000000000000000000, 1.000000000000000000 ) ) ;
#1921 = CARTESIAN_POINT ( 'NONE',  ( 0.003716042812220251255, -0.03901782424600769988, 0.1763535126154208710 ) ) ;
#1922 = ORIENTED_EDGE ( 'NONE', *, *, #70, .F. ) ;
#1923 = VECTOR ( 'NONE', #1455, 1.000000000000000000 ) ;
#1924 = CARTESIAN_POINT ( 'NONE',  ( 0.01149393152200720025, -0.05067282424600769858, 0.2008136562910809997 ) ) ;
#1925 = DIRECTION ( 'NONE',  ( 5.782411586589410887E-16, -4.040302611215700251E-15, 1.000000000000000000 ) ) ;
#1926 = CIRCLE ( 'NONE', #268, 0.01986612513072927300 ) ;
#1927 = ORIENTED_EDGE ( 'NONE', *, *, #1904, .F. ) ;
#1928 = ORIENTED_EDGE ( 'NONE', *, *, #45, .T. ) ;
#1929 = TOROIDAL_SURFACE ( 'NONE', #439, 0.03960600000000000231, 0.005000000000000000104 ) ;
#1930 = B_SPLINE_CURVE_WITH_KNOTS ( 'NONE', 3,
 ( #1656, #1954, #1166, #423 ),
 .UNSPECIFIED., .F., .F.,
 ( 4, 4 ),
 ( 0.000000000000000000, 1.000000000000000000 ),
 .UNSPECIFIED. ) ;
#1931 = EDGE_CURVE ( 'NONE', #951, #626, #620, .T. ) ;
#1932 = LINE ( 'NONE', #1807, #395 ) ;
#1933 = LINE ( 'NONE', #565, #588 ) ;
#1934 = ORIENTED_EDGE ( 'NONE', *, *, #1477, .F. ) ;
#1935 = EDGE_CURVE ( 'NONE', #1079, #542, #1222, .T. ) ;
#1936 = LINE ( 'NONE', #544, #822 ) ;
#1937 = CARTESIAN_POINT ( 'NONE',  ( -0.04728390250005420209, -0.04567282424600770108, 0.2215801825813139836 ) ) ;
#1938 = ORIENTED_EDGE ( 'NONE', *, *, #1931, .F. ) ;
#1939 = ORIENTED_EDGE ( 'NONE', *, *, #126, .T. ) ;
#1940 = DIRECTION ( 'NONE',  ( 0.000000000000000000, 1.000000000000000000, 0.000000000000000000 ) ) ;
#1941 = LINE ( 'NONE', #550, #783 ) ;
#1942 = DIRECTION ( 'NONE',  ( -2.085317476756499970E-15, 1.000000000000000000, 0.000000000000000000 ) ) ;
#1943 = CYLINDRICAL_SURFACE ( 'NONE', #265, 0.01929950000000000068 ) ;
#1944 = ORIENTED_EDGE ( 'NONE', *, *, #225, .T. ) ;
#1945 = DIRECTION ( 'NONE',  ( 0.000000000000000000, -4.163336342344333082E-15, 1.000000000000000000 ) ) ;
#1946 = ADVANCED_FACE ( 'NONE', ( #1854 ), #1047, .T. ) ;
#1947 = CARTESIAN_POINT ( 'NONE',  ( -0.007297218960243039877, -0.05365182424600770106, 0.1953077836320240013 ) ) ;
#1948 = ORIENTED_EDGE ( 'NONE', *, *, #1436, .T. ) ;
#1949 = VECTOR ( 'NONE', #1263, 1.000000000000000000 ) ;
#1950 = ORIENTED_EDGE ( 'NONE', *, *, #1336, .T. ) ;
#1951 = CIRCLE ( 'NONE', #1171, 0.03460599999999999787 ) ;
#1952 = DIRECTION ( 'NONE',  ( -2.085317476756499970E-15, 1.000000000000000000, 4.040302611215700251E-15 ) ) ;
#1953 = DIRECTION ( 'NONE',  ( 0.000000000000000000, 0.000000000000000000, -1.000000000000000000 ) ) ;
#1954 = CARTESIAN_POINT ( 'NONE',  ( 0.008716097499945778260, -0.04345449091267430258, 0.1624010260047279997 ) ) ;
#1955 = VERTEX_POINT ( 'NONE', #1844 ) ;
#1956 = DIRECTION ( 'NONE',  ( -5.782411586589320168E-16, -4.040302611215700251E-15, 1.000000000000000000 ) ) ;
#1957 = EDGE_CURVE ( 'NONE', #163, #1020, #1878, .T. ) ;
#1958 = DIRECTION ( 'NONE',  ( 0.000000000000000000, -1.000000000000000000, 0.000000000000000000 ) ) ;
#1959 = ORIENTED_EDGE ( 'NONE', *, *, #1206, .F. ) ;
#1960 = B_SPLINE_CURVE_WITH_KNOTS ( 'NONE', 3,
 ( #1845, #914, #302, #1233 ),
 .UNSPECIFIED., .F., .F.,
 ( 4, 4 ),
 ( 0.01068909952820676010, 0.01070245228518799593 ),
 .UNSPECIFIED. ) ;
#1961 = VERTEX_POINT ( 'NONE', #768 ) ;
#1962 = VECTOR ( 'NONE', #1994, 1.000000000000000000 ) ;
#1963 = DIRECTION ( 'NONE',  ( -2.085317476756499970E-15, 1.000000000000000000, 4.040302611215700251E-15 ) ) ;
#1964 = PLANE ( 'NONE',  #1782 ) ;
#1965 = ORIENTED_EDGE ( 'NONE', *, *, #1935, .F. ) ;
#1966 = DIRECTION ( 'NONE',  ( -1.243287455214477276E-16, 0.000000000000000000, -1.000000000000000000 ) ) ;
#1967 = DIRECTION ( 'NONE',  ( -2.085317476756499970E-15, 1.000000000000000000, 4.040302611215700251E-15 ) ) ;
#1968 = ORIENTED_EDGE ( 'NONE', *, *, #288, .T. ) ;
#1969 = EDGE_CURVE ( 'NONE', #600, #1861, #1664, .T. ) ;
#1970 = PLANE ( 'NONE',  #1829 ) ;
#1971 = FACE_OUTER_BOUND ( 'NONE', #510, .T. ) ;
#1972 = VERTEX_POINT ( 'NONE', #457 ) ;
#1973 = CARTESIAN_POINT ( 'NONE',  ( 0.008716097499945779994, -0.04567282424600770108, 0.1504010260047279890 ) ) ;
#1974 = CARTESIAN_POINT ( 'NONE',  ( -0.04524821896024299600, -0.04793887563009637670, 0.1982691223033005157 ) ) ;
#1975 = EDGE_CURVE ( 'NONE', #1283, #951, #1989, .T. ) ;
#1976 = ORIENTED_EDGE ( 'NONE', *, *, #1572, .T. ) ;
#1977 = VECTOR ( 'NONE', #1816, 1.000000000000000000 ) ;
#1978 = CARTESIAN_POINT ( 'NONE',  ( -0.02729721896024300126, -0.04565182424600770089, 0.1939077836320239889 ) ) ;
#1979 = EDGE_CURVE ( 'NONE', #652, #864, #896, .T. ) ;
#1980 = PLANE ( 'NONE',  #1495 ) ;
#1981 = VERTEX_POINT ( 'NONE', #1356 ) ;
#1982 = AXIS2_PLACEMENT_3D ( 'NONE', #1431, #821, #1594 ) ;
#1983 = CARTESIAN_POINT ( 'NONE',  ( -0.03828390250005420103, -0.04567282424600770108, 0.1067688840889799984 ) ) ;
#1984 = AXIS2_PLACEMENT_3D ( 'NONE', #1402, #1869, #1551 ) ;
#1985 = LINE ( 'NONE', #640, #1687 ) ;
#1986 = ORIENTED_EDGE ( 'NONE', *, *, #982, .T. ) ;
#1987 = AXIS2_PLACEMENT_3D ( 'NONE', #1827, #1700, #604 ) ;
#1988 = DIRECTION ( 'NONE',  ( 0.000000000000000000, 0.000000000000000000, -1.000000000000000000 ) ) ;
#1989 = LINE ( 'NONE', #1214, #1169 ) ;
#1990 = CARTESIAN_POINT ( 'NONE',  ( -0.02439035405295137196, -0.04573213081405701208, 0.1819034918403006074 ) ) ;
#1991 = VECTOR ( 'NONE', #761, 1.000000000000000000 ) ;
#1992 = EDGE_CURVE ( 'NONE', #1806, #305, #1559, .T. ) ;
#1993 = VECTOR ( 'NONE', #373, 1.000000000000000000 ) ;
#1994 = DIRECTION ( 'NONE',  ( 0.000000000000000000, 0.000000000000000000, 1.000000000000000000 ) ) ;
#1995 = ORIENTED_EDGE ( 'NONE', *, *, #4, .T. ) ;
#1996 = ADVANCED_FACE ( 'NONE', ( #1546, #1516 ), #1980, .T. ) ;
#1997 = DIRECTION ( 'NONE',  ( 0.000000000000000000, 0.000000000000000000, 1.000000000000000000 ) ) ;
#1998 = ORIENTED_EDGE ( 'NONE', *, *, #347, .F. ) ;
#1999 = FACE_OUTER_BOUND ( 'NONE', #938, .T. ) ;
#2000 = CARTESIAN_POINT ( 'NONE',  ( -0.01069721896024299936, -0.04034882424600769874, 0.1860429838769410149 ) ) ;
#2001 = DIRECTION ( 'NONE',  ( 0.000000000000000000, 0.000000000000000000, 1.000000000000000000 ) ) ;
#2002 = DIRECTION ( 'NONE',  ( 0.8076923076923080425, 0.000000000000000000, 0.5896042198752260433 ) ) ;
#2003 = ORIENTED_EDGE ( 'NONE', *, *, #1881, .T. ) ;
#2004 = ADVANCED_FACE ( 'NONE', ( #199, #790, #1252 ), #1417, .T. ) ;
#2005 = CARTESIAN_POINT ( 'NONE',  ( 0.008716042812220204522, -0.03901782424600769988, 0.1624007982314608634 ) ) ;
#2006 = EDGE_CURVE ( 'NONE', #1383, #840, #493, .T. ) ;
#2007 = ORIENTED_EDGE ( 'NONE', *, *, #1725, .F. ) ;
#2008 = CARTESIAN_POINT ( 'NONE',  ( -0.01728390250005419973, -0.04567282424600770108, 0.1289080260047280047 ) ) ;
#2009 = DIRECTION ( 'NONE',  ( 0.000000000000000000, -1.000000000000000000, 0.000000000000000000 ) ) ;
#2010 = DIRECTION ( 'NONE',  ( 0.000000000000000000, 0.000000000000000000, -1.000000000000000000 ) ) ;
#2011 = AXIS2_PLACEMENT_3D ( 'NONE', #1772, #719, #222 ) ;
ENDSEC;
END-ISO-10303-21;
